2026-09-12 15:13:11,809 - mcp.server.lowlevel.server - DEBUG - Initializing server 'dnd-knowledge-navigator'
2026-09-12 15:13:11,809 - mcp.server.lowlevel.server - DEBUG - Registering handler for ListToolsRequest
2026-09-12 15:13:11,810 - mcp.server.lowlevel.server - DEBUG - Registering handler for CallToolRequest
2026-09-12 15:13:11,810 - mcp.server.lowlevel.server - DEBUG - Registering handler for ListResourcesRequest
2026-09-12 15:13:11,810 - mcp.server.lowlevel.server - DEBUG - Registering handler for ReadResourceRequest
2026-09-12 15:13:11,810 - mcp.server.lowlevel.server - DEBUG - Registering handler for PromptListRequest
2026-09-12 15:13:11,810 - mcp.server.lowlevel.server - DEBUG - Registering handler for GetPromptRequest
2026-09-12 15:13:11,811 - mcp.server.lowlevel.server - DEBUG - Registering handler for ListResourceTemplatesRequest
2026-09-12 15:13:12,692 - src.core.cache - INFO - Loaded 47 items from persistent cache
2026-09-12 15:13:12,692 - src.core.cache - DEBUG - Initialized API cache with TTL of 24 hours (persistent: True)
2026-09-12 15:13:12,693 - src.core.resources - INFO - Prefetching items for category: spells
2026-09-12 15:13:12,693 - src.core.cache - DEBUG - Cache miss for key: dnd_items_spells
2026-09-12 15:13:12,693 - src.core.resources - INFO - Prefetching items for category: equipment
2026-09-12 15:13:12,694 - src.core.cache - DEBUG - Cache miss for key: dnd_items_equipment
2026-09-12 15:13:12,694 - src.core.resources - INFO - Prefetching items for category: monsters
2026-09-12 15:13:12,694 - src.core.cache - DEBUG - Cache miss for key: dnd_items_monsters
2026-09-12 15:13:12,694 - src.core.resources - INFO - Prefetching items for category: classes
2026-09-12 15:13:12,694 - src.core.resources - DEBUG - Fetching item list for category: spells
2026-09-12 15:13:12,695 - src.core.resources - INFO - Prefetching items for category: races
2026-09-12 15:13:12,694 - src.core.resources - DEBUG - Fetching item list for category: equipment
2026-09-12 15:13:12,695 - src.core.cache - DEBUG - Cache miss for key: dnd_items_classes
2026-09-12 15:13:12,694 - src.core.resources - DEBUG - Fetching item list for category: monsters
2026-09-12 15:13:12,696 - mcp.server.fastmcp.resources.resource_manager - DEBUG - Adding resource
2026-09-12 15:13:12,696 - src.core.resources - DEBUG - Fetching item list for category: classes
2026-09-12 15:13:12,696 - src.core.cache - DEBUG - Cache miss for key: dnd_items_races
2026-09-12 15:13:12,697 - src.core.resources - DEBUG - Fetching item list for category: races
2026-09-12 15:13:12,702 - mcp.server.fastmcp.resources.resource_manager - DEBUG - Adding resource
2026-09-12 15:13:12,729 - urllib3.connectionpool - DEBUG - Starting new HTTPS connection (1): www.dnd5eapi.co:443
2026-09-12 15:13:12,729 - urllib3.connectionpool - DEBUG - Starting new HTTPS connection (1): www.dnd5eapi.co:443
2026-09-12 15:13:12,730 - urllib3.connectionpool - DEBUG - Starting new HTTPS connection (1): www.dnd5eapi.co:443
2026-09-12 15:13:12,730 - urllib3.connectionpool - DEBUG - Starting new HTTPS connection (1): www.dnd5eapi.co:443
2026-09-12 15:13:12,731 - urllib3.connectionpool - DEBUG - Starting new HTTPS connection (1): www.dnd5eapi.co:443
2026-09-12 15:13:12,736 - asyncio - DEBUG - Using proactor: IocpProactor
2026-09-12 15:13:12,743 - mcp.server.lowlevel.server - DEBUG - Received message: root=InitializedNotification(method='notifications/initialized', params=None, jsonrpc='2.0')
2026-09-12 15:13:12,760 - mcp.server.lowlevel.server - DEBUG - Received message: <mcp.shared.session.RequestResponder object at 0x000001C84802B610>
2026-09-12 15:13:12,760 - mcp.server.lowlevel.server - INFO - Processing request of type ListToolsRequest
2026-09-12 15:13:12,760 - mcp.server.lowlevel.server - DEBUG - Dispatching request of type ListToolsRequest
2026-09-12 15:13:12,761 - mcp.server.lowlevel.server - DEBUG - Response sent
2026-09-12 15:13:12,762 - mcp.server.lowlevel.server - DEBUG - Received message: <mcp.shared.session.RequestResponder object at 0x000001C84802B390>
2026-09-12 15:13:12,763 - mcp.server.lowlevel.server - INFO - Processing request of type ListPromptsRequest
2026-09-12 15:13:12,763 - mcp.server.lowlevel.server - DEBUG - Dispatching request of type ListPromptsRequest
2026-09-12 15:13:12,765 - mcp.server.lowlevel.server - DEBUG - Received message: <mcp.shared.session.RequestResponder object at 0x000001C847FEA190>
2026-09-12 15:13:12,765 - mcp.server.lowlevel.server - INFO - Processing request of type ListResourcesRequest
2026-09-12 15:13:12,765 - mcp.server.lowlevel.server - DEBUG - Dispatching request of type ListResourcesRequest
2026-09-12 15:13:12,765 - mcp.server.fastmcp.resources.resource_manager - DEBUG - Listing resources
2026-09-12 15:13:12,766 - mcp.server.lowlevel.server - DEBUG - Response sent
2026-09-12 15:13:12,767 - mcp.server.lowlevel.server - DEBUG - Response sent
2026-09-12 15:13:13,193 - urllib3.connectionpool - DEBUG - https://www.dnd5eapi.co:443 "GET /api/spells HTTP/1.1" 301 50
2026-09-12 15:13:13,195 - urllib3.connectionpool - DEBUG - https://www.dnd5eapi.co:443 "GET /api/equipment HTTP/1.1" 301 53
2026-09-12 15:13:13,195 - urllib3.connectionpool - DEBUG - https://www.dnd5eapi.co:443 "GET /api/classes HTTP/1.1" 301 51
2026-09-12 15:13:13,197 - urllib3.connectionpool - DEBUG - https://www.dnd5eapi.co:443 "GET /api/races HTTP/1.1" 301 49
2026-09-12 15:13:13,198 - urllib3.connectionpool - DEBUG - https://www.dnd5eapi.co:443 "GET /api/monsters HTTP/1.1" 301 52
2026-09-12 15:13:13,333 - urllib3.connectionpool - DEBUG - https://www.dnd5eapi.co:443 "GET /api/2014/spells HTTP/1.1" 200 30462
2026-09-12 15:13:13,336 - urllib3.connectionpool - DEBUG - https://www.dnd5eapi.co:443 "GET /api/2014/monsters HTTP/1.1" 200 27747
2026-09-12 15:13:13,339 - urllib3.connectionpool - DEBUG - https://www.dnd5eapi.co:443 "GET /api/2014/classes HTTP/1.1" 200 846
2026-09-12 15:13:13,340 - src.core.cache - DEBUG - Cached value for key: dnd_items_classes
2026-09-12 15:13:13,341 - urllib3.connectionpool - DEBUG - https://www.dnd5eapi.co:443 "GET /api/2014/races HTTP/1.1" 200 635
2026-09-12 15:13:13,342 - src.core.cache - DEBUG - Cached value for key: dnd_items_races
2026-09-12 15:13:13,343 - src.core.cache - DEBUG - Cache miss for key: dnd_item_classes_barbarian
2026-09-12 15:13:13,343 - src.core.resources - DEBUG - Prefetching item details: classes/barbarian
2026-09-12 15:13:13,344 - urllib3.connectionpool - DEBUG - Starting new HTTPS connection (1): www.dnd5eapi.co:443
2026-09-12 15:13:13,350 - urllib3.connectionpool - DEBUG - https://www.dnd5eapi.co:443 "GET /api/2014/equipment HTTP/1.1" 200 20002
2026-09-12 15:13:13,351 - src.core.cache - DEBUG - Cache miss for key: dnd_item_races_dragonborn
2026-09-12 15:13:13,352 - src.core.resources - DEBUG - Prefetching item details: races/dragonborn
2026-09-12 15:13:13,352 - urllib3.connectionpool - DEBUG - Starting new HTTPS connection (1): www.dnd5eapi.co:443
2026-09-12 15:13:13,455 - src.core.cache - DEBUG - Cached value for key: dnd_items_spells
2026-09-12 15:13:13,460 - src.core.cache - DEBUG - Cached value for key: dnd_items_monsters
2026-09-12 15:13:13,465 - src.core.cache - DEBUG - Cache miss for key: dnd_item_monsters_aboleth
2026-09-12 15:13:13,465 - src.core.cache - DEBUG - Cache miss for key: dnd_item_spells_acid-arrow
2026-09-12 15:13:13,465 - src.core.resources - DEBUG - Prefetching item details: spells/acid-arrow
2026-09-12 15:13:13,465 - src.core.resources - DEBUG - Prefetching item details: monsters/aboleth
2026-09-12 15:13:13,467 - urllib3.connectionpool - DEBUG - Starting new HTTPS connection (1): www.dnd5eapi.co:443
2026-09-12 15:13:13,468 - urllib3.connectionpool - DEBUG - Starting new HTTPS connection (1): www.dnd5eapi.co:443
2026-09-12 15:13:13,474 - src.core.cache - DEBUG - Cached value for key: dnd_items_equipment
2026-09-12 15:13:13,481 - src.core.cache - DEBUG - Cache miss for key: dnd_item_equipment_abacus
2026-09-12 15:13:13,482 - src.core.resources - DEBUG - Prefetching item details: equipment/abacus
2026-09-12 15:13:13,482 - urllib3.connectionpool - DEBUG - Starting new HTTPS connection (1): www.dnd5eapi.co:443
2026-09-12 15:13:13,738 - urllib3.connectionpool - DEBUG - https://www.dnd5eapi.co:443 "GET /api/classes/barbarian HTTP/1.1" 301 61
2026-09-12 15:13:13,746 - urllib3.connectionpool - DEBUG - https://www.dnd5eapi.co:443 "GET /api/races/dragonborn HTTP/1.1" 301 60
2026-09-12 15:13:13,862 - urllib3.connectionpool - DEBUG - https://www.dnd5eapi.co:443 "GET /api/2014/classes/barbarian HTTP/1.1" 200 3970
2026-09-12 15:13:13,863 - urllib3.connectionpool - DEBUG - https://www.dnd5eapi.co:443 "GET /api/monsters/aboleth HTTP/1.1" 301 60
2026-09-12 15:13:13,864 - urllib3.connectionpool - DEBUG - https://www.dnd5eapi.co:443 "GET /api/spells/acid-arrow HTTP/1.1" 301 61
2026-09-12 15:13:13,865 - src.core.cache - DEBUG - Cached value for key: dnd_item_classes_barbarian
2026-09-12 15:13:13,866 - urllib3.connectionpool - DEBUG - https://www.dnd5eapi.co:443 "GET /api/equipment/abacus HTTP/1.1" 301 60
2026-09-12 15:13:13,869 - urllib3.connectionpool - DEBUG - https://www.dnd5eapi.co:443 "GET /api/2014/races/dragonborn HTTP/1.1" 200 1666
2026-09-12 15:13:13,872 - src.core.cache - DEBUG - Cached value for key: dnd_item_races_dragonborn
2026-09-12 15:13:13,878 - src.core.cache - DEBUG - Cache miss for key: dnd_item_classes_bard
2026-09-12 15:13:13,879 - src.core.cache - DEBUG - Cache miss for key: dnd_item_races_dwarf
2026-09-12 15:13:13,879 - src.core.resources - DEBUG - Prefetching item details: classes/bard
2026-09-12 15:13:13,879 - src.core.resources - DEBUG - Prefetching item details: races/dwarf
2026-09-12 15:13:13,881 - urllib3.connectionpool - DEBUG - Starting new HTTPS connection (1): www.dnd5eapi.co:443
2026-09-12 15:13:13,881 - urllib3.connectionpool - DEBUG - Starting new HTTPS connection (1): www.dnd5eapi.co:443
2026-09-12 15:13:13,986 - urllib3.connectionpool - DEBUG - https://www.dnd5eapi.co:443 "GET /api/2014/monsters/aboleth HTTP/1.1" 200 5155
2026-09-12 15:13:13,988 - src.core.cache - DEBUG - Cached value for key: dnd_item_monsters_aboleth
2026-09-12 15:13:13,989 - urllib3.connectionpool - DEBUG - https://www.dnd5eapi.co:443 "GET /api/2014/spells/acid-arrow HTTP/1.1" 200 1420
2026-09-12 15:13:13,990 - urllib3.connectionpool - DEBUG - https://www.dnd5eapi.co:443 "GET /api/2014/equipment/abacus HTTP/1.1" 200 457
2026-09-12 15:13:13,991 - src.core.cache - DEBUG - Cached value for key: dnd_item_spells_acid-arrow
2026-09-12 15:13:13,993 - src.core.cache - DEBUG - Cached value for key: dnd_item_equipment_abacus
2026-09-12 15:13:14,001 - src.core.cache - DEBUG - Cache miss for key: dnd_item_equipment_acid-vial
2026-09-12 15:13:14,001 - src.core.resources - DEBUG - Prefetching item details: equipment/acid-vial
2026-09-12 15:13:14,002 - src.core.cache - DEBUG - Cache miss for key: dnd_item_spells_acid-splash
2026-09-12 15:13:14,002 - src.core.cache - DEBUG - Cache miss for key: dnd_item_monsters_acolyte
2026-09-12 15:13:14,002 - src.core.resources - DEBUG - Prefetching item details: monsters/acolyte
2026-09-12 15:13:14,002 - src.core.resources - DEBUG - Prefetching item details: spells/acid-splash
2026-09-12 15:13:14,004 - urllib3.connectionpool - DEBUG - Starting new HTTPS connection (1): www.dnd5eapi.co:443
2026-09-12 15:13:14,005 - urllib3.connectionpool - DEBUG - Starting new HTTPS connection (1): www.dnd5eapi.co:443
2026-09-12 15:13:14,006 - urllib3.connectionpool - DEBUG - Starting new HTTPS connection (1): www.dnd5eapi.co:443
2026-09-12 15:13:14,234 - urllib3.connectionpool - DEBUG - https://www.dnd5eapi.co:443 "GET /api/races/dwarf HTTP/1.1" 301 55
2026-09-12 15:13:14,234 - urllib3.connectionpool - DEBUG - https://www.dnd5eapi.co:443 "GET /api/classes/bard HTTP/1.1" 301 56
2026-09-12 15:13:14,346 - urllib3.connectionpool - DEBUG - https://www.dnd5eapi.co:443 "GET /api/2014/races/dwarf HTTP/1.1" 200 1708
2026-09-12 15:13:14,347 - src.core.cache - DEBUG - Cached value for key: dnd_item_races_dwarf
2026-09-12 15:13:14,348 - urllib3.connectionpool - DEBUG - https://www.dnd5eapi.co:443 "GET /api/spells/acid-splash HTTP/1.1" 301 62
2026-09-12 15:13:14,349 - urllib3.connectionpool - DEBUG - https://www.dnd5eapi.co:443 "GET /api/equipment/acid-vial HTTP/1.1" 301 63
2026-09-12 15:13:14,351 - urllib3.connectionpool - DEBUG - https://www.dnd5eapi.co:443 "GET /api/2014/classes/bard HTTP/1.1" 200 13310
2026-09-12 15:13:14,353 - urllib3.connectionpool - DEBUG - https://www.dnd5eapi.co:443 "GET /api/monsters/acolyte HTTP/1.1" 301 60
2026-09-12 15:13:14,356 - src.core.cache - DEBUG - Cache miss for key: dnd_item_races_elf
2026-09-12 15:13:14,356 - src.core.resources - DEBUG - Prefetching item details: races/elf
2026-09-12 15:13:14,357 - urllib3.connectionpool - DEBUG - Starting new HTTPS connection (1): www.dnd5eapi.co:443
2026-09-12 15:13:14,464 - src.core.cache - DEBUG - Cached value for key: dnd_item_classes_bard
2026-09-12 15:13:14,467 - urllib3.connectionpool - DEBUG - https://www.dnd5eapi.co:443 "GET /api/2014/equipment/acid-vial HTTP/1.1" 200 776
2026-09-12 15:13:14,469 - src.core.cache - DEBUG - Cached value for key: dnd_item_equipment_acid-vial
2026-09-12 15:13:14,469 - urllib3.connectionpool - DEBUG - https://www.dnd5eapi.co:443 "GET /api/2014/spells/acid-splash HTTP/1.1" 200 1212
2026-09-12 15:13:14,471 - src.core.cache - DEBUG - Cached value for key: dnd_item_spells_acid-splash
2026-09-12 15:13:14,472 - src.core.cache - DEBUG - Cache miss for key: dnd_item_classes_cleric
2026-09-12 15:13:14,473 - urllib3.connectionpool - DEBUG - https://www.dnd5eapi.co:443 "GET /api/2014/monsters/acolyte HTTP/1.1" 200 2441
2026-09-12 15:13:14,473 - src.core.resources - DEBUG - Prefetching item details: classes/cleric
2026-09-12 15:13:14,473 - src.core.cache - DEBUG - Cache miss for key: dnd_item_equipment_alchemists-fire-flask
2026-09-12 15:13:14,475 - src.core.cache - DEBUG - Cached value for key: dnd_item_monsters_acolyte
2026-09-12 15:13:14,475 - src.core.resources - DEBUG - Prefetching item details: equipment/alchemists-fire-flask
2026-09-12 15:13:14,477 - urllib3.connectionpool - DEBUG - Starting new HTTPS connection (1): www.dnd5eapi.co:443
2026-09-12 15:13:14,477 - urllib3.connectionpool - DEBUG - Starting new HTTPS connection (1): www.dnd5eapi.co:443
2026-09-12 15:13:14,482 - src.core.cache - DEBUG - Cache miss for key: dnd_item_monsters_adult-black-dragon
2026-09-12 15:13:14,482 - src.core.resources - DEBUG - Prefetching item details: monsters/adult-black-dragon
2026-09-12 15:13:14,482 - src.core.cache - DEBUG - Cache miss for key: dnd_item_spells_aid
2026-09-12 15:13:14,482 - src.core.resources - DEBUG - Prefetching item details: spells/aid
2026-09-12 15:13:14,484 - urllib3.connectionpool - DEBUG - Starting new HTTPS connection (1): www.dnd5eapi.co:443
2026-09-12 15:13:14,484 - urllib3.connectionpool - DEBUG - Starting new HTTPS connection (1): www.dnd5eapi.co:443
2026-09-12 15:13:14,740 - urllib3.connectionpool - DEBUG - https://www.dnd5eapi.co:443 "GET /api/races/elf HTTP/1.1" 301 53
2026-09-12 15:13:14,858 - urllib3.connectionpool - DEBUG - https://www.dnd5eapi.co:443 "GET /api/equipment/alchemists-fire-flask HTTP/1.1" 301 75
2026-09-12 15:13:14,858 - urllib3.connectionpool - DEBUG - https://www.dnd5eapi.co:443 "GET /api/classes/cleric HTTP/1.1" 301 58
2026-09-12 15:13:14,863 - urllib3.connectionpool - DEBUG - https://www.dnd5eapi.co:443 "GET /api/spells/aid HTTP/1.1" 301 54
2026-09-12 15:13:14,865 - urllib3.connectionpool - DEBUG - https://www.dnd5eapi.co:443 "GET /api/2014/races/elf HTTP/1.1" 200 1734
2026-09-12 15:13:14,866 - src.core.cache - DEBUG - Cached value for key: dnd_item_races_elf
2026-09-12 15:13:14,867 - urllib3.connectionpool - DEBUG - https://www.dnd5eapi.co:443 "GET /api/monsters/adult-black-dragon HTTP/1.1" 301 71
2026-09-12 15:13:14,873 - src.core.cache - DEBUG - Cache miss for key: dnd_item_races_gnome
2026-09-12 15:13:14,873 - src.core.resources - DEBUG - Prefetching item details: races/gnome
2026-09-12 15:13:14,874 - urllib3.connectionpool - DEBUG - Starting new HTTPS connection (1): www.dnd5eapi.co:443
2026-09-12 15:13:14,978 - urllib3.connectionpool - DEBUG - https://www.dnd5eapi.co:443 "GET /api/2014/classes/cleric HTTP/1.1" 200 7476
2026-09-12 15:13:14,979 - urllib3.connectionpool - DEBUG - https://www.dnd5eapi.co:443 "GET /api/2014/equipment/alchemists-fire-flask HTTP/1.1" 200 940
2026-09-12 15:13:14,979 - urllib3.connectionpool - DEBUG - https://www.dnd5eapi.co:443 "GET /api/2014/spells/aid HTTP/1.1" 200 1067
2026-09-12 15:13:14,981 - src.core.cache - DEBUG - Cached value for key: dnd_item_equipment_alchemists-fire-flask
2026-09-12 15:13:14,982 - src.core.cache - DEBUG - Cached value for key: dnd_item_classes_cleric
2026-09-12 15:13:14,983 - src.core.cache - DEBUG - Cached value for key: dnd_item_spells_aid
2026-09-12 15:13:14,984 - urllib3.connectionpool - DEBUG - https://www.dnd5eapi.co:443 "GET /api/2014/monsters/adult-black-dragon HTTP/1.1" 200 5145
2026-09-12 15:13:14,986 - src.core.cache - DEBUG - Cached value for key: dnd_item_monsters_adult-black-dragon
2026-09-12 15:13:14,994 - src.core.cache - DEBUG - Cache miss for key: dnd_item_spells_alarm
2026-09-12 15:13:14,994 - src.core.cache - DEBUG - Cache miss for key: dnd_item_monsters_adult-blue-dragon
2026-09-12 15:13:14,995 - src.core.resources - DEBUG - Prefetching item details: spells/alarm
2026-09-12 15:13:14,995 - src.core.cache - DEBUG - Cache miss for key: dnd_item_equipment_alchemists-supplies
2026-09-12 15:13:14,994 - src.core.cache - DEBUG - Cache miss for key: dnd_item_classes_druid
2026-09-12 15:13:14,995 - src.core.resources - DEBUG - Prefetching item details: classes/druid
2026-09-12 15:13:14,995 - src.core.resources - DEBUG - Prefetching item details: monsters/adult-blue-dragon
2026-09-12 15:13:14,997 - src.core.resources - DEBUG - Prefetching item details: equipment/alchemists-supplies
2026-09-12 15:13:14,997 - urllib3.connectionpool - DEBUG - Starting new HTTPS connection (1): www.dnd5eapi.co:443
2026-09-12 15:13:14,998 - urllib3.connectionpool - DEBUG - Starting new HTTPS connection (1): www.dnd5eapi.co:443
2026-09-12 15:13:14,998 - urllib3.connectionpool - DEBUG - Starting new HTTPS connection (1): www.dnd5eapi.co:443
2026-09-12 15:13:14,999 - urllib3.connectionpool - DEBUG - Starting new HTTPS connection (1): www.dnd5eapi.co:443
2026-09-12 15:13:15,222 - urllib3.connectionpool - DEBUG - https://www.dnd5eapi.co:443 "GET /api/races/gnome HTTP/1.1" 301 55
2026-09-12 15:13:15,330 - urllib3.connectionpool - DEBUG - https://www.dnd5eapi.co:443 "GET /api/2014/races/gnome HTTP/1.1" 200 1480
2026-09-12 15:13:15,333 - src.core.cache - DEBUG - Cached value for key: dnd_item_races_gnome
2026-09-12 15:13:15,341 - urllib3.connectionpool - DEBUG - https://www.dnd5eapi.co:443 "GET /api/spells/alarm HTTP/1.1" 301 56
2026-09-12 15:13:15,342 - urllib3.connectionpool - DEBUG - https://www.dnd5eapi.co:443 "GET /api/classes/druid HTTP/1.1" 301 57
2026-09-12 15:13:15,344 - urllib3.connectionpool - DEBUG - https://www.dnd5eapi.co:443 "GET /api/equipment/alchemists-supplies HTTP/1.1" 301 73
2026-09-12 15:13:15,344 - urllib3.connectionpool - DEBUG - https://www.dnd5eapi.co:443 "GET /api/monsters/adult-blue-dragon HTTP/1.1" 301 70
2026-09-12 15:13:15,348 - src.core.cache - DEBUG - Cache miss for key: dnd_item_races_half-elf
2026-09-12 15:13:15,348 - src.core.resources - DEBUG - Prefetching item details: races/half-elf
2026-09-12 15:13:15,351 - urllib3.connectionpool - DEBUG - Starting new HTTPS connection (1): www.dnd5eapi.co:443
2026-09-12 15:13:15,456 - urllib3.connectionpool - DEBUG - https://www.dnd5eapi.co:443 "GET /api/2014/classes/druid HTTP/1.1" 200 7511
2026-09-12 15:13:15,458 - src.core.cache - DEBUG - Cached value for key: dnd_item_classes_druid
2026-09-12 15:13:15,458 - urllib3.connectionpool - DEBUG - https://www.dnd5eapi.co:443 "GET /api/2014/equipment/alchemists-supplies HTTP/1.1" 200 765
2026-09-12 15:13:15,459 - urllib3.connectionpool - DEBUG - https://www.dnd5eapi.co:443 "GET /api/2014/spells/alarm HTTP/1.1" 200 1303
2026-09-12 15:13:15,460 - urllib3.connectionpool - DEBUG - https://www.dnd5eapi.co:443 "GET /api/2014/monsters/adult-blue-dragon HTTP/1.1" 200 5119
2026-09-12 15:13:15,462 - src.core.cache - DEBUG - Cached value for key: dnd_item_equipment_alchemists-supplies
2026-09-12 15:13:15,464 - src.core.cache - DEBUG - Cached value for key: dnd_item_spells_alarm
2026-09-12 15:13:15,466 - src.core.cache - DEBUG - Cached value for key: dnd_item_monsters_adult-blue-dragon
2026-09-12 15:13:15,475 - src.core.cache - DEBUG - Cache miss for key: dnd_item_classes_fighter
2026-09-12 15:13:15,475 - src.core.cache - DEBUG - Cache miss for key: dnd_item_equipment_alms-box
2026-09-12 15:13:15,475 - src.core.cache - DEBUG - Cache miss for key: dnd_item_spells_alter-self
2026-09-12 15:13:15,476 - src.core.resources - DEBUG - Prefetching item details: classes/fighter
2026-09-12 15:13:15,476 - src.core.cache - DEBUG - Cache miss for key: dnd_item_monsters_adult-brass-dragon
2026-09-12 15:13:15,476 - src.core.resources - DEBUG - Prefetching item details: equipment/alms-box
2026-09-12 15:13:15,476 - src.core.resources - DEBUG - Prefetching item details: spells/alter-self
2026-09-12 15:13:15,476 - src.core.resources - DEBUG - Prefetching item details: monsters/adult-brass-dragon
2026-09-12 15:13:15,478 - urllib3.connectionpool - DEBUG - Starting new HTTPS connection (1): www.dnd5eapi.co:443
2026-09-12 15:13:15,478 - urllib3.connectionpool - DEBUG - Starting new HTTPS connection (1): www.dnd5eapi.co:443
2026-09-12 15:13:15,479 - urllib3.connectionpool - DEBUG - Starting new HTTPS connection (1): www.dnd5eapi.co:443
2026-09-12 15:13:15,479 - urllib3.connectionpool - DEBUG - Starting new HTTPS connection (1): www.dnd5eapi.co:443
2026-09-12 15:13:15,685 - urllib3.connectionpool - DEBUG - https://www.dnd5eapi.co:443 "GET /api/races/half-elf HTTP/1.1" 301 58
2026-09-12 15:13:15,796 - urllib3.connectionpool - DEBUG - https://www.dnd5eapi.co:443 "GET /api/2014/races/half-elf HTTP/1.1" 200 3765
2026-09-12 15:13:15,798 - src.core.cache - DEBUG - Cached value for key: dnd_item_races_half-elf
2026-09-12 15:13:15,804 - src.core.cache - DEBUG - Cache miss for key: dnd_item_races_half-orc
2026-09-12 15:13:15,804 - src.core.resources - DEBUG - Prefetching item details: races/half-orc
2026-09-12 15:13:15,805 - urllib3.connectionpool - DEBUG - Starting new HTTPS connection (1): www.dnd5eapi.co:443
2026-09-12 15:13:15,814 - urllib3.connectionpool - DEBUG - https://www.dnd5eapi.co:443 "GET /api/monsters/adult-brass-dragon HTTP/1.1" 301 71
2026-09-12 15:13:15,815 - urllib3.connectionpool - DEBUG - https://www.dnd5eapi.co:443 "GET /api/classes/fighter HTTP/1.1" 301 59
2026-09-12 15:13:15,815 - urllib3.connectionpool - DEBUG - https://www.dnd5eapi.co:443 "GET /api/spells/alter-self HTTP/1.1" 301 61
2026-09-12 15:13:15,817 - urllib3.connectionpool - DEBUG - https://www.dnd5eapi.co:443 "GET /api/equipment/alms-box HTTP/1.1" 301 62
2026-09-12 15:13:15,924 - urllib3.connectionpool - DEBUG - https://www.dnd5eapi.co:443 "GET /api/2014/classes/fighter HTTP/1.1" 200 5915
2026-09-12 15:13:15,926 - src.core.cache - DEBUG - Cached value for key: dnd_item_classes_fighter
2026-09-12 15:13:15,926 - urllib3.connectionpool - DEBUG - https://www.dnd5eapi.co:443 "GET /api/2014/monsters/adult-brass-dragon HTTP/1.1" 200 5856
2026-09-12 15:13:15,927 - urllib3.connectionpool - DEBUG - https://www.dnd5eapi.co:443 "GET /api/2014/spells/alter-self HTTP/1.1" 200 2095
2026-09-12 15:13:15,928 - urllib3.connectionpool - DEBUG - https://www.dnd5eapi.co:443 "GET /api/2014/equipment/alms-box HTTP/1.1" 200 522
2026-09-12 15:13:15,929 - src.core.cache - DEBUG - Cached value for key: dnd_item_monsters_adult-brass-dragon
2026-09-12 15:13:15,930 - src.core.cache - DEBUG - Cached value for key: dnd_item_spells_alter-self
2026-09-12 15:13:15,931 - src.core.cache - DEBUG - Cached value for key: dnd_item_equipment_alms-box
2026-09-12 15:13:15,938 - src.core.cache - DEBUG - Cache miss for key: dnd_item_equipment_amulet
2026-09-12 15:13:15,938 - src.core.cache - DEBUG - Cache miss for key: dnd_item_spells_animal-friendship
2026-09-12 15:13:15,938 - src.core.cache - DEBUG - Cache miss for key: dnd_item_classes_monk
2026-09-12 15:13:15,939 - src.core.resources - DEBUG - Prefetching item details: spells/animal-friendship
2026-09-12 15:13:15,938 - src.core.resources - DEBUG - Prefetching item details: equipment/amulet
2026-09-12 15:13:15,938 - src.core.cache - DEBUG - Cache miss for key: dnd_item_monsters_adult-bronze-dragon
2026-09-12 15:13:15,940 - src.core.resources - DEBUG - Prefetching item details: monsters/adult-bronze-dragon
2026-09-12 15:13:15,939 - src.core.resources - DEBUG - Prefetching item details: classes/monk
2026-09-12 15:13:15,941 - urllib3.connectionpool - DEBUG - Starting new HTTPS connection (1): www.dnd5eapi.co:443
2026-09-12 15:13:15,941 - urllib3.connectionpool - DEBUG - Starting new HTTPS connection (1): www.dnd5eapi.co:443
2026-09-12 15:13:15,942 - urllib3.connectionpool - DEBUG - Starting new HTTPS connection (1): www.dnd5eapi.co:443
2026-09-12 15:13:15,943 - urllib3.connectionpool - DEBUG - Starting new HTTPS connection (1): www.dnd5eapi.co:443
2026-09-12 15:13:16,152 - urllib3.connectionpool - DEBUG - https://www.dnd5eapi.co:443 "GET /api/races/half-orc HTTP/1.1" 301 58
2026-09-12 15:13:16,261 - urllib3.connectionpool - DEBUG - https://www.dnd5eapi.co:443 "GET /api/2014/races/half-orc HTTP/1.1" 200 1568
2026-09-12 15:13:16,262 - src.core.cache - DEBUG - Cached value for key: dnd_item_races_half-orc
2026-09-12 15:13:16,275 - urllib3.connectionpool - DEBUG - https://www.dnd5eapi.co:443 "GET /api/spells/animal-friendship HTTP/1.1" 301 68
2026-09-12 15:13:16,276 - src.core.cache - DEBUG - Cache miss for key: dnd_item_races_halfling
2026-09-12 15:13:16,276 - src.core.resources - DEBUG - Prefetching item details: races/halfling
2026-09-12 15:13:16,277 - urllib3.connectionpool - DEBUG - https://www.dnd5eapi.co:443 "GET /api/equipment/amulet HTTP/1.1" 301 60
2026-09-12 15:13:16,278 - urllib3.connectionpool - DEBUG - Starting new HTTPS connection (1): www.dnd5eapi.co:443
2026-09-12 15:13:16,279 - urllib3.connectionpool - DEBUG - https://www.dnd5eapi.co:443 "GET /api/classes/monk HTTP/1.1" 301 56
2026-09-12 15:13:16,280 - urllib3.connectionpool - DEBUG - https://www.dnd5eapi.co:443 "GET /api/monsters/adult-bronze-dragon HTTP/1.1" 301 72
2026-09-12 15:13:16,383 - urllib3.connectionpool - DEBUG - https://www.dnd5eapi.co:443 "GET /api/2014/spells/animal-friendship HTTP/1.1" 200 1133
2026-09-12 15:13:16,384 - src.core.cache - DEBUG - Cached value for key: dnd_item_spells_animal-friendship
2026-09-12 15:13:16,385 - urllib3.connectionpool - DEBUG - https://www.dnd5eapi.co:443 "GET /api/2014/equipment/amulet HTTP/1.1" 200 954
2026-09-12 15:13:16,387 - src.core.cache - DEBUG - Cached value for key: dnd_item_equipment_amulet
2026-09-12 15:13:16,388 - urllib3.connectionpool - DEBUG - https://www.dnd5eapi.co:443 "GET /api/2014/classes/monk HTTP/1.1" 200 7570
2026-09-12 15:13:16,389 - src.core.cache - DEBUG - Cached value for key: dnd_item_classes_monk
2026-09-12 15:13:16,391 - urllib3.connectionpool - DEBUG - https://www.dnd5eapi.co:443 "GET /api/2014/monsters/adult-bronze-dragon HTTP/1.1" 200 5796
2026-09-12 15:13:16,392 - src.core.cache - DEBUG - Cached value for key: dnd_item_monsters_adult-bronze-dragon
2026-09-12 15:13:16,394 - src.core.cache - DEBUG - Cache miss for key: dnd_item_classes_paladin
2026-09-12 15:13:16,394 - src.core.resources - DEBUG - Prefetching item details: classes/paladin
2026-09-12 15:13:16,395 - src.core.cache - DEBUG - Cache miss for key: dnd_item_equipment_animal-feed-1-day
2026-09-12 15:13:16,395 - src.core.resources - DEBUG - Prefetching item details: equipment/animal-feed-1-day
2026-09-12 15:13:16,395 - src.core.cache - DEBUG - Cache miss for key: dnd_item_spells_animal-messenger
2026-09-12 15:13:16,396 - src.core.resources - DEBUG - Prefetching item details: spells/animal-messenger
2026-09-12 15:13:16,398 - urllib3.connectionpool - DEBUG - Starting new HTTPS connection (1): www.dnd5eapi.co:443
2026-09-12 15:13:16,399 - urllib3.connectionpool - DEBUG - Starting new HTTPS connection (1): www.dnd5eapi.co:443
2026-09-12 15:13:16,399 - urllib3.connectionpool - DEBUG - Starting new HTTPS connection (1): www.dnd5eapi.co:443
2026-09-12 15:13:16,403 - src.core.cache - DEBUG - Cache miss for key: dnd_item_monsters_adult-copper-dragon
2026-09-12 15:13:16,403 - src.core.resources - DEBUG - Prefetching item details: monsters/adult-copper-dragon
2026-09-12 15:13:16,404 - urllib3.connectionpool - DEBUG - Starting new HTTPS connection (1): www.dnd5eapi.co:443
2026-09-12 15:13:16,612 - urllib3.connectionpool - DEBUG - https://www.dnd5eapi.co:443 "GET /api/races/halfling HTTP/1.1" 301 58
2026-09-12 15:13:16,722 - urllib3.connectionpool - DEBUG - https://www.dnd5eapi.co:443 "GET /api/2014/races/halfling HTTP/1.1" 200 1679
2026-09-12 15:13:16,723 - src.core.cache - DEBUG - Cached value for key: dnd_item_races_halfling
2026-09-12 15:13:16,730 - urllib3.connectionpool - DEBUG - https://www.dnd5eapi.co:443 "GET /api/classes/paladin HTTP/1.1" 301 59
2026-09-12 15:13:16,732 - urllib3.connectionpool - DEBUG - https://www.dnd5eapi.co:443 "GET /api/equipment/animal-feed-1-day HTTP/1.1" 301 71
2026-09-12 15:13:16,732 - src.core.cache - DEBUG - Cache miss for key: dnd_item_races_human
2026-09-12 15:13:16,733 - src.core.resources - DEBUG - Prefetching item details: races/human
2026-09-12 15:13:16,734 - urllib3.connectionpool - DEBUG - https://www.dnd5eapi.co:443 "GET /api/spells/animal-messenger HTTP/1.1" 301 67
2026-09-12 15:13:16,735 - urllib3.connectionpool - DEBUG - Starting new HTTPS connection (1): www.dnd5eapi.co:443
2026-09-12 15:13:16,736 - urllib3.connectionpool - DEBUG - https://www.dnd5eapi.co:443 "GET /api/monsters/adult-copper-dragon HTTP/1.1" 301 72
2026-09-12 15:13:16,842 - urllib3.connectionpool - DEBUG - https://www.dnd5eapi.co:443 "GET /api/2014/classes/paladin HTTP/1.1" 200 7029
2026-09-12 15:13:16,843 - urllib3.connectionpool - DEBUG - https://www.dnd5eapi.co:443 "GET /api/2014/equipment/animal-feed-1-day HTTP/1.1" 200 439
2026-09-12 15:13:16,844 - urllib3.connectionpool - DEBUG - https://www.dnd5eapi.co:443 "GET /api/2014/spells/animal-messenger HTTP/1.1" 200 1827
2026-09-12 15:13:16,845 - src.core.cache - DEBUG - Cached value for key: dnd_item_classes_paladin
2026-09-12 15:13:16,848 - src.core.cache - DEBUG - Cached value for key: dnd_item_equipment_animal-feed-1-day
2026-09-12 15:13:16,849 - urllib3.connectionpool - DEBUG - https://www.dnd5eapi.co:443 "GET /api/2014/monsters/adult-copper-dragon HTTP/1.1" 200 5977
2026-09-12 15:13:16,851 - src.core.cache - DEBUG - Cached value for key: dnd_item_spells_animal-messenger
2026-09-12 15:13:16,854 - src.core.cache - DEBUG - Cached value for key: dnd_item_monsters_adult-copper-dragon
2026-09-12 15:13:16,863 - src.core.cache - DEBUG - Cache miss for key: dnd_item_equipment_antitoxin-vial
2026-09-12 15:13:16,864 - src.core.cache - DEBUG - Cache miss for key: dnd_item_spells_animal-shapes
2026-09-12 15:13:16,864 - src.core.resources - DEBUG - Prefetching item details: equipment/antitoxin-vial
2026-09-12 15:13:16,864 - src.core.resources - DEBUG - Prefetching item details: spells/animal-shapes
2026-09-12 15:13:16,864 - src.core.cache - DEBUG - Cache miss for key: dnd_item_monsters_adult-gold-dragon
2026-09-12 15:13:16,864 - src.core.cache - DEBUG - Cache miss for key: dnd_item_classes_ranger
2026-09-12 15:13:16,866 - src.core.resources - DEBUG - Prefetching item details: classes/ranger
2026-09-12 15:13:16,866 - src.core.resources - DEBUG - Prefetching item details: monsters/adult-gold-dragon
2026-09-12 15:13:16,868 - urllib3.connectionpool - DEBUG - Starting new HTTPS connection (1): www.dnd5eapi.co:443
2026-09-12 15:13:16,868 - urllib3.connectionpool - DEBUG - Starting new HTTPS connection (1): www.dnd5eapi.co:443
2026-09-12 15:13:16,869 - urllib3.connectionpool - DEBUG - Starting new HTTPS connection (1): www.dnd5eapi.co:443
2026-09-12 15:13:16,870 - urllib3.connectionpool - DEBUG - Starting new HTTPS connection (1): www.dnd5eapi.co:443
2026-09-12 15:13:17,071 - urllib3.connectionpool - DEBUG - https://www.dnd5eapi.co:443 "GET /api/races/human HTTP/1.1" 301 55
2026-09-12 15:13:17,180 - urllib3.connectionpool - DEBUG - https://www.dnd5eapi.co:443 "GET /api/2014/races/human HTTP/1.1" 200 3279
2026-09-12 15:13:17,181 - src.core.cache - DEBUG - Cached value for key: dnd_item_races_human
2026-09-12 15:13:17,187 - src.core.cache - DEBUG - Cache miss for key: dnd_item_races_tiefling
2026-09-12 15:13:17,187 - src.core.resources - DEBUG - Prefetching item details: races/tiefling
2026-09-12 15:13:17,188 - urllib3.connectionpool - DEBUG - Starting new HTTPS connection (1): www.dnd5eapi.co:443
2026-09-12 15:13:17,196 - urllib3.connectionpool - DEBUG - https://www.dnd5eapi.co:443 "GET /api/equipment/antitoxin-vial HTTP/1.1" 301 68
2026-09-12 15:13:17,197 - urllib3.connectionpool - DEBUG - https://www.dnd5eapi.co:443 "GET /api/spells/animal-shapes HTTP/1.1" 301 64
2026-09-12 15:13:17,200 - urllib3.connectionpool - DEBUG - https://www.dnd5eapi.co:443 "GET /api/classes/ranger HTTP/1.1" 301 58
2026-09-12 15:13:17,201 - urllib3.connectionpool - DEBUG - https://www.dnd5eapi.co:443 "GET /api/monsters/adult-gold-dragon HTTP/1.1" 301 70
2026-09-12 15:13:17,304 - urllib3.connectionpool - DEBUG - https://www.dnd5eapi.co:443 "GET /api/2014/equipment/antitoxin-vial HTTP/1.1" 200 635
2026-09-12 15:13:17,305 - urllib3.connectionpool - DEBUG - https://www.dnd5eapi.co:443 "GET /api/2014/spells/animal-shapes HTTP/1.1" 200 1759
2026-09-12 15:13:17,306 - src.core.cache - DEBUG - Cached value for key: dnd_item_equipment_antitoxin-vial
2026-09-12 15:13:17,307 - src.core.cache - DEBUG - Cached value for key: dnd_item_spells_animal-shapes
2026-09-12 15:13:17,309 - urllib3.connectionpool - DEBUG - https://www.dnd5eapi.co:443 "GET /api/2014/classes/ranger HTTP/1.1" 200 7820
2026-09-12 15:13:17,310 - src.core.cache - DEBUG - Cached value for key: dnd_item_classes_ranger
2026-09-12 15:13:17,311 - urllib3.connectionpool - DEBUG - https://www.dnd5eapi.co:443 "GET /api/2014/monsters/adult-gold-dragon HTTP/1.1" 200 6001
2026-09-12 15:13:17,312 - src.core.cache - DEBUG - Cached value for key: dnd_item_monsters_adult-gold-dragon
2026-09-12 15:13:17,315 - src.core.cache - DEBUG - Cache miss for key: dnd_item_equipment_arrow
2026-09-12 15:13:17,315 - src.core.resources - DEBUG - Prefetching item details: equipment/arrow
2026-09-12 15:13:17,316 - src.core.cache - DEBUG - Cache miss for key: dnd_item_monsters_adult-green-dragon
2026-09-12 15:13:17,316 - src.core.resources - DEBUG - Prefetching item details: monsters/adult-green-dragon
2026-09-12 15:13:17,316 - src.core.cache - DEBUG - Cache miss for key: dnd_item_classes_rogue
2026-09-12 15:13:17,316 - src.core.cache - DEBUG - Cache miss for key: dnd_item_spells_animate-dead
2026-09-12 15:13:17,316 - src.core.resources - DEBUG - Prefetching item details: classes/rogue
2026-09-12 15:13:17,317 - urllib3.connectionpool - DEBUG - Starting new HTTPS connection (1): www.dnd5eapi.co:443
2026-09-12 15:13:17,317 - src.core.resources - DEBUG - Prefetching item details: spells/animate-dead
2026-09-12 15:13:17,319 - urllib3.connectionpool - DEBUG - Starting new HTTPS connection (1): www.dnd5eapi.co:443
2026-09-12 15:13:17,319 - urllib3.connectionpool - DEBUG - Starting new HTTPS connection (1): www.dnd5eapi.co:443
2026-09-12 15:13:17,320 - urllib3.connectionpool - DEBUG - Starting new HTTPS connection (1): www.dnd5eapi.co:443
2026-09-12 15:13:17,521 - urllib3.connectionpool - DEBUG - https://www.dnd5eapi.co:443 "GET /api/races/tiefling HTTP/1.1" 301 58
2026-09-12 15:13:17,633 - urllib3.connectionpool - DEBUG - https://www.dnd5eapi.co:443 "GET /api/2014/races/tiefling HTTP/1.1" 200 1244
2026-09-12 15:13:17,634 - src.core.cache - DEBUG - Cached value for key: dnd_item_races_tiefling
2026-09-12 15:13:17,643 - urllib3.connectionpool - DEBUG - https://www.dnd5eapi.co:443 "GET /api/equipment/arrow HTTP/1.1" 301 59
2026-09-12 15:13:17,646 - urllib3.connectionpool - DEBUG - https://www.dnd5eapi.co:443 "GET /api/spells/animate-dead HTTP/1.1" 301 63
2026-09-12 15:13:17,647 - urllib3.connectionpool - DEBUG - https://www.dnd5eapi.co:443 "GET /api/classes/rogue HTTP/1.1" 301 57
2026-09-12 15:13:17,653 - urllib3.connectionpool - DEBUG - https://www.dnd5eapi.co:443 "GET /api/monsters/adult-green-dragon HTTP/1.1" 301 71
2026-09-12 15:13:17,750 - urllib3.connectionpool - DEBUG - https://www.dnd5eapi.co:443 "GET /api/2014/equipment/arrow HTTP/1.1" 200 459
2026-09-12 15:13:17,751 - src.core.cache - DEBUG - Cached value for key: dnd_item_equipment_arrow
2026-09-12 15:13:17,756 - urllib3.connectionpool - DEBUG - https://www.dnd5eapi.co:443 "GET /api/2014/spells/animate-dead HTTP/1.1" 200 2296
2026-09-12 15:13:17,758 - urllib3.connectionpool - DEBUG - https://www.dnd5eapi.co:443 "GET /api/2014/classes/rogue HTTP/1.1" 200 7051
2026-09-12 15:13:17,759 - src.core.cache - DEBUG - Cached value for key: dnd_item_spells_animate-dead
2026-09-12 15:13:17,761 - src.core.cache - DEBUG - Cached value for key: dnd_item_classes_rogue
2026-09-12 15:13:17,763 - src.core.cache - DEBUG - Cache miss for key: dnd_item_equipment_backpack
2026-09-12 15:13:17,763 - urllib3.connectionpool - DEBUG - https://www.dnd5eapi.co:443 "GET /api/2014/monsters/adult-green-dragon HTTP/1.1" 200 5614
2026-09-12 15:13:17,764 - src.core.resources - DEBUG - Prefetching item details: equipment/backpack
2026-09-12 15:13:17,764 - src.core.cache - DEBUG - Cache miss for key: dnd_item_spells_animate-objects
2026-09-12 15:13:17,765 - src.core.resources - DEBUG - Prefetching item details: spells/animate-objects
2026-09-12 15:13:17,767 - src.core.cache - DEBUG - Cached value for key: dnd_item_monsters_adult-green-dragon
2026-09-12 15:13:17,768 - urllib3.connectionpool - DEBUG - Starting new HTTPS connection (1): www.dnd5eapi.co:443
2026-09-12 15:13:17,769 - urllib3.connectionpool - DEBUG - Starting new HTTPS connection (1): www.dnd5eapi.co:443
2026-09-12 15:13:17,773 - src.core.cache - DEBUG - Cache miss for key: dnd_item_monsters_adult-red-dragon
2026-09-12 15:13:17,773 - src.core.resources - DEBUG - Prefetching item details: monsters/adult-red-dragon
2026-09-12 15:13:17,773 - src.core.cache - DEBUG - Cache miss for key: dnd_item_classes_sorcerer
2026-09-12 15:13:17,773 - src.core.resources - DEBUG - Prefetching item details: classes/sorcerer
2026-09-12 15:13:17,774 - urllib3.connectionpool - DEBUG - Starting new HTTPS connection (1): www.dnd5eapi.co:443
2026-09-12 15:13:17,775 - urllib3.connectionpool - DEBUG - Starting new HTTPS connection (1): www.dnd5eapi.co:443
2026-09-12 15:13:18,101 - urllib3.connectionpool - DEBUG - https://www.dnd5eapi.co:443 "GET /api/spells/animate-objects HTTP/1.1" 301 66
2026-09-12 15:13:18,102 - urllib3.connectionpool - DEBUG - https://www.dnd5eapi.co:443 "GET /api/equipment/backpack HTTP/1.1" 301 62
2026-09-12 15:13:18,105 - urllib3.connectionpool - DEBUG - https://www.dnd5eapi.co:443 "GET /api/monsters/adult-red-dragon HTTP/1.1" 301 69
2026-09-12 15:13:18,107 - urllib3.connectionpool - DEBUG - https://www.dnd5eapi.co:443 "GET /api/classes/sorcerer HTTP/1.1" 301 60
2026-09-12 15:13:18,211 - urllib3.connectionpool - DEBUG - https://www.dnd5eapi.co:443 "GET /api/2014/spells/animate-objects HTTP/1.1" 200 3182
2026-09-12 15:13:18,212 - src.core.cache - DEBUG - Cached value for key: dnd_item_spells_animate-objects
2026-09-12 15:13:18,212 - urllib3.connectionpool - DEBUG - https://www.dnd5eapi.co:443 "GET /api/2014/equipment/backpack HTTP/1.1" 200 463
2026-09-12 15:13:18,214 - src.core.cache - DEBUG - Cached value for key: dnd_item_equipment_backpack
2026-09-12 15:13:18,215 - urllib3.connectionpool - DEBUG - https://www.dnd5eapi.co:443 "GET /api/2014/monsters/adult-red-dragon HTTP/1.1" 200 5038
2026-09-12 15:13:18,218 - src.core.cache - DEBUG - Cached value for key: dnd_item_monsters_adult-red-dragon
2026-09-12 15:13:18,218 - urllib3.connectionpool - DEBUG - https://www.dnd5eapi.co:443 "GET /api/2014/classes/sorcerer HTTP/1.1" 200 6342
2026-09-12 15:13:18,220 - src.core.cache - DEBUG - Cached value for key: dnd_item_classes_sorcerer
2026-09-12 15:13:18,222 - src.core.cache - DEBUG - Cache miss for key: dnd_item_equipment_bagpipes
2026-09-12 15:13:18,222 - src.core.resources - DEBUG - Prefetching item details: equipment/bagpipes
2026-09-12 15:13:18,223 - src.core.cache - DEBUG - Cache miss for key: dnd_item_classes_warlock
2026-09-12 15:13:18,223 - src.core.resources - DEBUG - Prefetching item details: classes/warlock
2026-09-12 15:13:18,222 - src.core.cache - DEBUG - Cache miss for key: dnd_item_spells_antilife-shell
2026-09-12 15:13:18,222 - src.core.cache - DEBUG - Cache miss for key: dnd_item_monsters_adult-silver-dragon
2026-09-12 15:13:18,224 - urllib3.connectionpool - DEBUG - Starting new HTTPS connection (1): www.dnd5eapi.co:443
2026-09-12 15:13:18,224 - src.core.resources - DEBUG - Prefetching item details: monsters/adult-silver-dragon
2026-09-12 15:13:18,224 - src.core.resources - DEBUG - Prefetching item details: spells/antilife-shell
2026-09-12 15:13:18,225 - urllib3.connectionpool - DEBUG - Starting new HTTPS connection (1): www.dnd5eapi.co:443
2026-09-12 15:13:18,226 - urllib3.connectionpool - DEBUG - Starting new HTTPS connection (1): www.dnd5eapi.co:443
2026-09-12 15:13:18,226 - urllib3.connectionpool - DEBUG - Starting new HTTPS connection (1): www.dnd5eapi.co:443
2026-09-12 15:13:18,550 - urllib3.connectionpool - DEBUG - https://www.dnd5eapi.co:443 "GET /api/monsters/adult-silver-dragon HTTP/1.1" 301 72
2026-09-12 15:13:18,553 - urllib3.connectionpool - DEBUG - https://www.dnd5eapi.co:443 "GET /api/spells/antilife-shell HTTP/1.1" 301 65
2026-09-12 15:13:18,553 - urllib3.connectionpool - DEBUG - https://www.dnd5eapi.co:443 "GET /api/classes/warlock HTTP/1.1" 301 59
2026-09-12 15:13:18,554 - urllib3.connectionpool - DEBUG - https://www.dnd5eapi.co:443 "GET /api/equipment/bagpipes HTTP/1.1" 301 62
2026-09-12 15:13:18,659 - urllib3.connectionpool - DEBUG - https://www.dnd5eapi.co:443 "GET /api/2014/monsters/adult-silver-dragon HTTP/1.1" 200 5844
2026-09-12 15:13:18,661 - src.core.cache - DEBUG - Cached value for key: dnd_item_monsters_adult-silver-dragon
2026-09-12 15:13:18,662 - urllib3.connectionpool - DEBUG - https://www.dnd5eapi.co:443 "GET /api/2014/classes/warlock HTTP/1.1" 200 6839
2026-09-12 15:13:18,663 - urllib3.connectionpool - DEBUG - https://www.dnd5eapi.co:443 "GET /api/2014/equipment/bagpipes HTTP/1.1" 200 727
2026-09-12 15:13:18,664 - src.core.cache - DEBUG - Cached value for key: dnd_item_classes_warlock
2026-09-12 15:13:18,666 - src.core.cache - DEBUG - Cached value for key: dnd_item_equipment_bagpipes
2026-09-12 15:13:18,665 - urllib3.connectionpool - DEBUG - https://www.dnd5eapi.co:443 "GET /api/2014/spells/antilife-shell HTTP/1.1" 200 1011
2026-09-12 15:13:18,667 - src.core.cache - DEBUG - Cached value for key: dnd_item_spells_antilife-shell
2026-09-12 15:13:18,671 - src.core.cache - DEBUG - Cache miss for key: dnd_item_monsters_adult-white-dragon
2026-09-12 15:13:18,671 - src.core.resources - DEBUG - Prefetching item details: monsters/adult-white-dragon
2026-09-12 15:13:18,671 - src.core.cache - DEBUG - Cache miss for key: dnd_item_spells_antimagic-field
2026-09-12 15:13:18,671 - src.core.cache - DEBUG - Cache miss for key: dnd_item_classes_wizard
2026-09-12 15:13:18,672 - src.core.resources - DEBUG - Prefetching item details: classes/wizard
2026-09-12 15:13:18,672 - src.core.resources - DEBUG - Prefetching item details: spells/antimagic-field
2026-09-12 15:13:18,672 - src.core.cache - DEBUG - Cache miss for key: dnd_item_equipment_ball-bearings-bag-of-1000
2026-09-12 15:13:18,673 - urllib3.connectionpool - DEBUG - Starting new HTTPS connection (1): www.dnd5eapi.co:443
2026-09-12 15:13:18,673 - src.core.resources - DEBUG - Prefetching item details: equipment/ball-bearings-bag-of-1000
2026-09-12 15:13:18,674 - urllib3.connectionpool - DEBUG - Starting new HTTPS connection (1): www.dnd5eapi.co:443
2026-09-12 15:13:18,675 - urllib3.connectionpool - DEBUG - Starting new HTTPS connection (1): www.dnd5eapi.co:443
2026-09-12 15:13:18,675 - urllib3.connectionpool - DEBUG - Starting new HTTPS connection (1): www.dnd5eapi.co:443
2026-09-12 15:13:19,000 - urllib3.connectionpool - DEBUG - https://www.dnd5eapi.co:443 "GET /api/spells/antimagic-field HTTP/1.1" 301 66
2026-09-12 15:13:19,002 - urllib3.connectionpool - DEBUG - https://www.dnd5eapi.co:443 "GET /api/classes/wizard HTTP/1.1" 301 58
2026-09-12 15:13:19,004 - urllib3.connectionpool - DEBUG - https://www.dnd5eapi.co:443 "GET /api/monsters/adult-white-dragon HTTP/1.1" 301 71
2026-09-12 15:13:19,004 - urllib3.connectionpool - DEBUG - https://www.dnd5eapi.co:443 "GET /api/equipment/ball-bearings-bag-of-1000 HTTP/1.1" 301 79
2026-09-12 15:13:19,113 - urllib3.connectionpool - DEBUG - https://www.dnd5eapi.co:443 "GET /api/2014/spells/antimagic-field HTTP/1.1" 200 3328
2026-09-12 15:13:19,114 - src.core.cache - DEBUG - Cached value for key: dnd_item_spells_antimagic-field
2026-09-12 15:13:19,115 - urllib3.connectionpool - DEBUG - https://www.dnd5eapi.co:443 "GET /api/2014/monsters/adult-white-dragon HTTP/1.1" 200 5292
2026-09-12 15:13:19,117 - urllib3.connectionpool - DEBUG - https://www.dnd5eapi.co:443 "GET /api/2014/classes/wizard HTTP/1.1" 200 6584
2026-09-12 15:13:19,117 - urllib3.connectionpool - DEBUG - https://www.dnd5eapi.co:443 "GET /api/2014/equipment/ball-bearings-bag-of-1000 HTTP/1.1" 200 893
2026-09-12 15:13:19,118 - src.core.cache - DEBUG - Cached value for key: dnd_item_monsters_adult-white-dragon
2026-09-12 15:13:19,121 - src.core.cache - DEBUG - Cached value for key: dnd_item_equipment_ball-bearings-bag-of-1000
2026-09-12 15:13:19,122 - src.core.cache - DEBUG - Cached value for key: dnd_item_classes_wizard
2026-09-12 15:13:19,123 - src.core.cache - DEBUG - Cache miss for key: dnd_item_spells_antipathy-sympathy
2026-09-12 15:13:19,123 - src.core.resources - DEBUG - Prefetching item details: spells/antipathy-sympathy
2026-09-12 15:13:19,123 - src.core.cache - DEBUG - Cache miss for key: dnd_item_equipment_barding-breastplate
2026-09-12 15:13:19,123 - src.core.resources - DEBUG - Prefetching item details: equipment/barding-breastplate
2026-09-12 15:13:19,125 - urllib3.connectionpool - DEBUG - Starting new HTTPS connection (1): www.dnd5eapi.co:443
2026-09-12 15:13:19,125 - urllib3.connectionpool - DEBUG - Starting new HTTPS connection (1): www.dnd5eapi.co:443
2026-09-12 15:13:19,129 - src.core.cache - DEBUG - Cache miss for key: dnd_item_monsters_air-elemental
2026-09-12 15:13:19,129 - src.core.resources - DEBUG - Prefetching item details: monsters/air-elemental
2026-09-12 15:13:19,130 - urllib3.connectionpool - DEBUG - Starting new HTTPS connection (1): www.dnd5eapi.co:443
2026-09-12 15:13:19,452 - urllib3.connectionpool - DEBUG - https://www.dnd5eapi.co:443 "GET /api/equipment/barding-breastplate HTTP/1.1" 301 73
2026-09-12 15:13:19,454 - urllib3.connectionpool - DEBUG - https://www.dnd5eapi.co:443 "GET /api/spells/antipathy-sympathy HTTP/1.1" 301 69
2026-09-12 15:13:19,457 - urllib3.connectionpool - DEBUG - https://www.dnd5eapi.co:443 "GET /api/monsters/air-elemental HTTP/1.1" 301 66
2026-09-12 15:13:19,561 - urllib3.connectionpool - DEBUG - https://www.dnd5eapi.co:443 "GET /api/2014/spells/antipathy-sympathy HTTP/1.1" 200 3064
2026-09-12 15:13:19,562 - urllib3.connectionpool - DEBUG - https://www.dnd5eapi.co:443 "GET /api/2014/equipment/barding-breastplate HTTP/1.1" 200 691
2026-09-12 15:13:19,563 - src.core.cache - DEBUG - Cached value for key: dnd_item_spells_antipathy-sympathy
2026-09-12 15:13:19,564 - src.core.cache - DEBUG - Cached value for key: dnd_item_equipment_barding-breastplate
2026-09-12 15:13:19,566 - urllib3.connectionpool - DEBUG - https://www.dnd5eapi.co:443 "GET /api/2014/monsters/air-elemental HTTP/1.1" 200 2924
2026-09-12 15:13:19,567 - src.core.cache - DEBUG - Cached value for key: dnd_item_monsters_air-elemental
2026-09-12 15:13:19,571 - src.core.cache - DEBUG - Cache miss for key: dnd_item_spells_arcane-eye
2026-09-12 15:13:19,571 - src.core.cache - DEBUG - Cache miss for key: dnd_item_monsters_ancient-black-dragon
2026-09-12 15:13:19,571 - src.core.resources - DEBUG - Prefetching item details: spells/arcane-eye
2026-09-12 15:13:19,571 - src.core.cache - DEBUG - Cache miss for key: dnd_item_equipment_barding-chain-mail
2026-09-12 15:13:19,571 - src.core.resources - DEBUG - Prefetching item details: equipment/barding-chain-mail
2026-09-12 15:13:19,571 - src.core.resources - DEBUG - Prefetching item details: monsters/ancient-black-dragon
2026-09-12 15:13:19,573 - urllib3.connectionpool - DEBUG - Starting new HTTPS connection (1): www.dnd5eapi.co:443
2026-09-12 15:13:19,573 - urllib3.connectionpool - DEBUG - Starting new HTTPS connection (1): www.dnd5eapi.co:443
2026-09-12 15:13:19,573 - urllib3.connectionpool - DEBUG - Starting new HTTPS connection (1): www.dnd5eapi.co:443
2026-09-12 15:13:19,902 - urllib3.connectionpool - DEBUG - https://www.dnd5eapi.co:443 "GET /api/spells/arcane-eye HTTP/1.1" 301 61
2026-09-12 15:13:19,903 - urllib3.connectionpool - DEBUG - https://www.dnd5eapi.co:443 "GET /api/monsters/ancient-black-dragon HTTP/1.1" 301 73
2026-09-12 15:13:19,905 - urllib3.connectionpool - DEBUG - https://www.dnd5eapi.co:443 "GET /api/equipment/barding-chain-mail HTTP/1.1" 301 72
2026-09-12 15:13:20,011 - urllib3.connectionpool - DEBUG - https://www.dnd5eapi.co:443 "GET /api/2014/spells/arcane-eye HTTP/1.1" 200 1156
2026-09-12 15:13:20,013 - src.core.cache - DEBUG - Cached value for key: dnd_item_spells_arcane-eye
2026-09-12 15:13:20,013 - urllib3.connectionpool - DEBUG - https://www.dnd5eapi.co:443 "GET /api/2014/monsters/ancient-black-dragon HTTP/1.1" 200 5163
2026-09-12 15:13:20,014 - src.core.cache - DEBUG - Cached value for key: dnd_item_monsters_ancient-black-dragon
2026-09-12 15:13:20,015 - urllib3.connectionpool - DEBUG - https://www.dnd5eapi.co:443 "GET /api/2014/equipment/barding-chain-mail HTTP/1.1" 200 688
2026-09-12 15:13:20,016 - src.core.cache - DEBUG - Cached value for key: dnd_item_equipment_barding-chain-mail
2026-09-12 15:13:20,020 - src.core.cache - DEBUG - Cache miss for key: dnd_item_equipment_barding-chain-shirt
2026-09-12 15:13:20,020 - src.core.resources - DEBUG - Prefetching item details: equipment/barding-chain-shirt
2026-09-12 15:13:20,021 - urllib3.connectionpool - DEBUG - Starting new HTTPS connection (1): www.dnd5eapi.co:443
2026-09-12 15:13:20,021 - src.core.cache - DEBUG - Cache miss for key: dnd_item_monsters_ancient-blue-dragon
2026-09-12 15:13:20,021 - src.core.cache - DEBUG - Cache miss for key: dnd_item_spells_arcane-hand
2026-09-12 15:13:20,022 - src.core.resources - DEBUG - Prefetching item details: spells/arcane-hand
2026-09-12 15:13:20,022 - src.core.resources - DEBUG - Prefetching item details: monsters/ancient-blue-dragon
2026-09-12 15:13:20,023 - urllib3.connectionpool - DEBUG - Starting new HTTPS connection (1): www.dnd5eapi.co:443
2026-09-12 15:13:20,024 - urllib3.connectionpool - DEBUG - Starting new HTTPS connection (1): www.dnd5eapi.co:443
2026-09-12 15:13:20,349 - urllib3.connectionpool - DEBUG - https://www.dnd5eapi.co:443 "GET /api/equipment/barding-chain-shirt HTTP/1.1" 301 73
2026-09-12 15:13:20,352 - urllib3.connectionpool - DEBUG - https://www.dnd5eapi.co:443 "GET /api/spells/arcane-hand HTTP/1.1" 301 62
2026-09-12 15:13:20,355 - urllib3.connectionpool - DEBUG - https://www.dnd5eapi.co:443 "GET /api/monsters/ancient-blue-dragon HTTP/1.1" 301 72
2026-09-12 15:13:20,457 - urllib3.connectionpool - DEBUG - https://www.dnd5eapi.co:443 "GET /api/2014/equipment/barding-chain-shirt HTTP/1.1" 200 690
2026-09-12 15:13:20,458 - src.core.cache - DEBUG - Cached value for key: dnd_item_equipment_barding-chain-shirt
2026-09-12 15:13:20,459 - urllib3.connectionpool - DEBUG - https://www.dnd5eapi.co:443 "GET /api/2014/spells/arcane-hand HTTP/1.1" 200 2974
2026-09-12 15:13:20,461 - src.core.cache - DEBUG - Cached value for key: dnd_item_spells_arcane-hand
2026-09-12 15:13:20,463 - urllib3.connectionpool - DEBUG - https://www.dnd5eapi.co:443 "GET /api/2014/monsters/ancient-blue-dragon HTTP/1.1" 200 5141
2026-09-12 15:13:20,465 - src.core.cache - DEBUG - Cached value for key: dnd_item_monsters_ancient-blue-dragon
2026-09-12 15:13:20,466 - src.core.cache - DEBUG - Cache miss for key: dnd_item_spells_arcane-lock
2026-09-12 15:13:20,467 - src.core.resources - DEBUG - Prefetching item details: spells/arcane-lock
2026-09-12 15:13:20,467 - src.core.cache - DEBUG - Cache miss for key: dnd_item_equipment_barding-half-plate
2026-09-12 15:13:20,467 - src.core.resources - DEBUG - Prefetching item details: equipment/barding-half-plate
2026-09-12 15:13:20,469 - urllib3.connectionpool - DEBUG - Starting new HTTPS connection (1): www.dnd5eapi.co:443
2026-09-12 15:13:20,469 - urllib3.connectionpool - DEBUG - Starting new HTTPS connection (1): www.dnd5eapi.co:443
2026-09-12 15:13:20,469 - src.core.cache - DEBUG - Cache miss for key: dnd_item_monsters_ancient-brass-dragon
2026-09-12 15:13:20,469 - src.core.resources - DEBUG - Prefetching item details: monsters/ancient-brass-dragon
2026-09-12 15:13:20,470 - urllib3.connectionpool - DEBUG - Starting new HTTPS connection (1): www.dnd5eapi.co:443
2026-09-12 15:13:20,800 - urllib3.connectionpool - DEBUG - https://www.dnd5eapi.co:443 "GET /api/spells/arcane-lock HTTP/1.1" 301 62
2026-09-12 15:13:20,800 - urllib3.connectionpool - DEBUG - https://www.dnd5eapi.co:443 "GET /api/monsters/ancient-brass-dragon HTTP/1.1" 301 73
2026-09-12 15:13:20,800 - urllib3.connectionpool - DEBUG - https://www.dnd5eapi.co:443 "GET /api/equipment/barding-half-plate HTTP/1.1" 301 72
2026-09-12 15:13:20,910 - urllib3.connectionpool - DEBUG - https://www.dnd5eapi.co:443 "GET /api/2014/spells/arcane-lock HTTP/1.1" 200 1227
2026-09-12 15:13:20,911 - urllib3.connectionpool - DEBUG - https://www.dnd5eapi.co:443 "GET /api/2014/equipment/barding-half-plate HTTP/1.1" 200 688
2026-09-12 15:13:20,914 - src.core.cache - DEBUG - Cached value for key: dnd_item_spells_arcane-lock
2026-09-12 15:13:20,915 - urllib3.connectionpool - DEBUG - https://www.dnd5eapi.co:443 "GET /api/2014/monsters/ancient-brass-dragon HTTP/1.1" 200 6563
2026-09-12 15:13:20,916 - src.core.cache - DEBUG - Cached value for key: dnd_item_equipment_barding-half-plate
2026-09-12 15:13:20,919 - src.core.cache - DEBUG - Cached value for key: dnd_item_monsters_ancient-brass-dragon
2026-09-12 15:13:20,929 - src.core.cache - DEBUG - Cache miss for key: dnd_item_monsters_ancient-bronze-dragon
2026-09-12 15:13:20,929 - src.core.resources - DEBUG - Prefetching item details: monsters/ancient-bronze-dragon
2026-09-12 15:13:20,929 - src.core.cache - DEBUG - Cache miss for key: dnd_item_equipment_barding-hide
2026-09-12 15:13:20,929 - src.core.cache - DEBUG - Cache miss for key: dnd_item_spells_arcane-sword
2026-09-12 15:13:20,930 - src.core.resources - DEBUG - Prefetching item details: spells/arcane-sword
2026-09-12 15:13:20,930 - src.core.resources - DEBUG - Prefetching item details: equipment/barding-hide
2026-09-12 15:13:20,932 - urllib3.connectionpool - DEBUG - Starting new HTTPS connection (1): www.dnd5eapi.co:443
2026-09-12 15:13:20,933 - urllib3.connectionpool - DEBUG - Starting new HTTPS connection (1): www.dnd5eapi.co:443
2026-09-12 15:13:20,934 - urllib3.connectionpool - DEBUG - Starting new HTTPS connection (1): www.dnd5eapi.co:443
2026-09-12 15:13:21,266 - urllib3.connectionpool - DEBUG - https://www.dnd5eapi.co:443 "GET /api/spells/arcane-sword HTTP/1.1" 301 63
2026-09-12 15:13:21,267 - urllib3.connectionpool - DEBUG - https://www.dnd5eapi.co:443 "GET /api/monsters/ancient-bronze-dragon HTTP/1.1" 301 74
2026-09-12 15:13:21,270 - urllib3.connectionpool - DEBUG - https://www.dnd5eapi.co:443 "GET /api/equipment/barding-hide HTTP/1.1" 301 66
2026-09-12 15:13:21,376 - urllib3.connectionpool - DEBUG - https://www.dnd5eapi.co:443 "GET /api/2014/spells/arcane-sword HTTP/1.1" 200 1246
2026-09-12 15:13:21,378 - src.core.cache - DEBUG - Cached value for key: dnd_item_spells_arcane-sword
2026-09-12 15:13:21,379 - urllib3.connectionpool - DEBUG - https://www.dnd5eapi.co:443 "GET /api/2014/monsters/ancient-bronze-dragon HTTP/1.1" 200 6505
2026-09-12 15:13:21,381 - src.core.cache - DEBUG - Cached value for key: dnd_item_monsters_ancient-bronze-dragon
2026-09-12 15:13:21,382 - urllib3.connectionpool - DEBUG - https://www.dnd5eapi.co:443 "GET /api/2014/equipment/barding-hide HTTP/1.1" 200 668
2026-09-12 15:13:21,383 - src.core.cache - DEBUG - Cached value for key: dnd_item_equipment_barding-hide
2026-09-12 15:13:21,386 - src.core.cache - DEBUG - Cache miss for key: dnd_item_spells_arcanists-magic-aura
2026-09-12 15:13:21,386 - src.core.resources - DEBUG - Prefetching item details: spells/arcanists-magic-aura
2026-09-12 15:13:21,386 - src.core.cache - DEBUG - Cache miss for key: dnd_item_monsters_ancient-copper-dragon
2026-09-12 15:13:21,386 - src.core.cache - DEBUG - Cache miss for key: dnd_item_equipment_barding-leather
2026-09-12 15:13:21,386 - src.core.resources - DEBUG - Prefetching item details: monsters/ancient-copper-dragon
2026-09-12 15:13:21,387 - src.core.resources - DEBUG - Prefetching item details: equipment/barding-leather
2026-09-12 15:13:21,388 - urllib3.connectionpool - DEBUG - Starting new HTTPS connection (1): www.dnd5eapi.co:443
2026-09-12 15:13:21,388 - urllib3.connectionpool - DEBUG - Starting new HTTPS connection (1): www.dnd5eapi.co:443
2026-09-12 15:13:21,388 - urllib3.connectionpool - DEBUG - Starting new HTTPS connection (1): www.dnd5eapi.co:443
2026-09-12 15:13:21,719 - urllib3.connectionpool - DEBUG - https://www.dnd5eapi.co:443 "GET /api/monsters/ancient-copper-dragon HTTP/1.1" 301 74
2026-09-12 15:13:21,720 - urllib3.connectionpool - DEBUG - https://www.dnd5eapi.co:443 "GET /api/spells/arcanists-magic-aura HTTP/1.1" 301 71
2026-09-12 15:13:21,721 - urllib3.connectionpool - DEBUG - https://www.dnd5eapi.co:443 "GET /api/equipment/barding-leather HTTP/1.1" 301 69
2026-09-12 15:13:21,834 - urllib3.connectionpool - DEBUG - https://www.dnd5eapi.co:443 "GET /api/2014/monsters/ancient-copper-dragon HTTP/1.1" 200 6686
2026-09-12 15:13:21,834 - urllib3.connectionpool - DEBUG - https://www.dnd5eapi.co:443 "GET /api/2014/equipment/barding-leather HTTP/1.1" 200 677
2026-09-12 15:13:21,835 - urllib3.connectionpool - DEBUG - https://www.dnd5eapi.co:443 "GET /api/2014/spells/arcanists-magic-aura HTTP/1.1" 200 1862
2026-09-12 15:13:21,837 - src.core.cache - DEBUG - Cached value for key: dnd_item_monsters_ancient-copper-dragon
2026-09-12 15:13:21,838 - src.core.cache - DEBUG - Cached value for key: dnd_item_equipment_barding-leather
2026-09-12 15:13:21,840 - src.core.cache - DEBUG - Cached value for key: dnd_item_spells_arcanists-magic-aura
2026-09-12 15:13:21,849 - src.core.cache - DEBUG - Cache miss for key: dnd_item_monsters_ancient-gold-dragon
2026-09-12 15:13:21,849 - src.core.cache - DEBUG - Cache miss for key: dnd_item_equipment_barding-padded
2026-09-12 15:13:21,849 - src.core.resources - DEBUG - Prefetching item details: equipment/barding-padded
2026-09-12 15:13:21,849 - src.core.cache - DEBUG - Cache miss for key: dnd_item_spells_astral-projection
2026-09-12 15:13:21,849 - src.core.resources - DEBUG - Prefetching item details: monsters/ancient-gold-dragon
2026-09-12 15:13:21,850 - src.core.resources - DEBUG - Prefetching item details: spells/astral-projection
2026-09-12 15:13:21,851 - urllib3.connectionpool - DEBUG - Starting new HTTPS connection (1): www.dnd5eapi.co:443
2026-09-12 15:13:21,851 - urllib3.connectionpool - DEBUG - Starting new HTTPS connection (1): www.dnd5eapi.co:443
2026-09-12 15:13:21,852 - urllib3.connectionpool - DEBUG - Starting new HTTPS connection (1): www.dnd5eapi.co:443
2026-09-12 15:13:22,180 - urllib3.connectionpool - DEBUG - https://www.dnd5eapi.co:443 "GET /api/equipment/barding-padded HTTP/1.1" 301 68
2026-09-12 15:13:22,181 - urllib3.connectionpool - DEBUG - https://www.dnd5eapi.co:443 "GET /api/monsters/ancient-gold-dragon HTTP/1.1" 301 72
2026-09-12 15:13:22,182 - urllib3.connectionpool - DEBUG - https://www.dnd5eapi.co:443 "GET /api/spells/astral-projection HTTP/1.1" 301 68
2026-09-12 15:13:22,292 - urllib3.connectionpool - DEBUG - https://www.dnd5eapi.co:443 "GET /api/2014/monsters/ancient-gold-dragon HTTP/1.1" 200 6715
2026-09-12 15:13:22,293 - src.core.cache - DEBUG - Cached value for key: dnd_item_monsters_ancient-gold-dragon
2026-09-12 15:13:22,294 - urllib3.connectionpool - DEBUG - https://www.dnd5eapi.co:443 "GET /api/2014/equipment/barding-padded HTTP/1.1" 200 674
2026-09-12 15:13:22,295 - src.core.cache - DEBUG - Cached value for key: dnd_item_equipment_barding-padded
2026-09-12 15:13:22,295 - urllib3.connectionpool - DEBUG - https://www.dnd5eapi.co:443 "GET /api/2014/spells/astral-projection HTTP/1.1" 200 2997
2026-09-12 15:13:22,297 - src.core.cache - DEBUG - Cached value for key: dnd_item_spells_astral-projection
2026-09-12 15:13:22,303 - src.core.cache - DEBUG - Cache miss for key: dnd_item_spells_augury
2026-09-12 15:13:22,303 - src.core.cache - DEBUG - Cache miss for key: dnd_item_monsters_ancient-green-dragon
2026-09-12 15:13:22,303 - src.core.resources - DEBUG - Prefetching item details: spells/augury
2026-09-12 15:13:22,303 - src.core.cache - DEBUG - Cache miss for key: dnd_item_equipment_barding-plate
2026-09-12 15:13:22,303 - src.core.resources - DEBUG - Prefetching item details: equipment/barding-plate
2026-09-12 15:13:22,303 - src.core.resources - DEBUG - Prefetching item details: monsters/ancient-green-dragon
2026-09-12 15:13:22,305 - urllib3.connectionpool - DEBUG - Starting new HTTPS connection (1): www.dnd5eapi.co:443
2026-09-12 15:13:22,305 - urllib3.connectionpool - DEBUG - Starting new HTTPS connection (1): www.dnd5eapi.co:443
2026-09-12 15:13:22,305 - urllib3.connectionpool - DEBUG - Starting new HTTPS connection (1): www.dnd5eapi.co:443
2026-09-12 15:13:22,632 - urllib3.connectionpool - DEBUG - https://www.dnd5eapi.co:443 "GET /api/spells/augury HTTP/1.1" 301 57
2026-09-12 15:13:22,633 - urllib3.connectionpool - DEBUG - https://www.dnd5eapi.co:443 "GET /api/equipment/barding-plate HTTP/1.1" 301 67
2026-09-12 15:13:22,639 - urllib3.connectionpool - DEBUG - https://www.dnd5eapi.co:443 "GET /api/monsters/ancient-green-dragon HTTP/1.1" 301 73
2026-09-12 15:13:22,740 - urllib3.connectionpool - DEBUG - https://www.dnd5eapi.co:443 "GET /api/2014/equipment/barding-plate HTTP/1.1" 200 674
2026-09-12 15:13:22,740 - urllib3.connectionpool - DEBUG - https://www.dnd5eapi.co:443 "GET /api/2014/spells/augury HTTP/1.1" 200 1480
2026-09-12 15:13:22,743 - src.core.cache - DEBUG - Cached value for key: dnd_item_equipment_barding-plate
2026-09-12 15:13:22,744 - src.core.cache - DEBUG - Cached value for key: dnd_item_spells_augury
2026-09-12 15:13:22,748 - urllib3.connectionpool - DEBUG - https://www.dnd5eapi.co:443 "GET /api/2014/monsters/ancient-green-dragon HTTP/1.1" 200 5635
2026-09-12 15:13:22,750 - src.core.cache - DEBUG - Cached value for key: dnd_item_monsters_ancient-green-dragon
2026-09-12 15:13:22,753 - src.core.cache - DEBUG - Cache miss for key: dnd_item_equipment_barding-ring-mail
2026-09-12 15:13:22,754 - src.core.resources - DEBUG - Prefetching item details: equipment/barding-ring-mail
2026-09-12 15:13:22,754 - src.core.cache - DEBUG - Cache miss for key: dnd_item_spells_awaken
2026-09-12 15:13:22,754 - src.core.resources - DEBUG - Prefetching item details: spells/awaken
2026-09-12 15:13:22,754 - src.core.cache - DEBUG - Cache miss for key: dnd_item_monsters_ancient-red-dragon
2026-09-12 15:13:22,755 - src.core.resources - DEBUG - Prefetching item details: monsters/ancient-red-dragon
2026-09-12 15:13:22,755 - urllib3.connectionpool - DEBUG - Starting new HTTPS connection (1): www.dnd5eapi.co:443
2026-09-12 15:13:22,756 - urllib3.connectionpool - DEBUG - Starting new HTTPS connection (1): www.dnd5eapi.co:443
2026-09-12 15:13:22,757 - urllib3.connectionpool - DEBUG - Starting new HTTPS connection (1): www.dnd5eapi.co:443
2026-09-12 15:13:23,083 - urllib3.connectionpool - DEBUG - https://www.dnd5eapi.co:443 "GET /api/spells/awaken HTTP/1.1" 301 57
2026-09-12 15:13:23,085 - urllib3.connectionpool - DEBUG - https://www.dnd5eapi.co:443 "GET /api/monsters/ancient-red-dragon HTTP/1.1" 301 71
2026-09-12 15:13:23,086 - urllib3.connectionpool - DEBUG - https://www.dnd5eapi.co:443 "GET /api/equipment/barding-ring-mail HTTP/1.1" 301 71
2026-09-12 15:13:23,191 - urllib3.connectionpool - DEBUG - https://www.dnd5eapi.co:443 "GET /api/2014/spells/awaken HTTP/1.1" 200 1471
2026-09-12 15:13:23,192 - src.core.cache - DEBUG - Cached value for key: dnd_item_spells_awaken
2026-09-12 15:13:23,194 - urllib3.connectionpool - DEBUG - https://www.dnd5eapi.co:443 "GET /api/2014/equipment/barding-ring-mail HTTP/1.1" 200 683
2026-09-12 15:13:23,196 - src.core.cache - DEBUG - Cached value for key: dnd_item_equipment_barding-ring-mail
2026-09-12 15:13:23,196 - urllib3.connectionpool - DEBUG - https://www.dnd5eapi.co:443 "GET /api/2014/monsters/ancient-red-dragon HTTP/1.1" 200 5063
2026-09-12 15:13:23,198 - src.core.cache - DEBUG - Cached value for key: dnd_item_monsters_ancient-red-dragon
2026-09-12 15:13:23,200 - src.core.cache - DEBUG - Cache miss for key: dnd_item_equipment_barding-scale-mail
2026-09-12 15:13:23,200 - src.core.resources - DEBUG - Prefetching item details: equipment/barding-scale-mail
2026-09-12 15:13:23,201 - src.core.cache - DEBUG - Cache miss for key: dnd_item_monsters_ancient-silver-dragon
2026-09-12 15:13:23,201 - src.core.cache - DEBUG - Cache miss for key: dnd_item_spells_bane
2026-09-12 15:13:23,201 - src.core.resources - DEBUG - Prefetching item details: spells/bane
2026-09-12 15:13:23,201 - src.core.resources - DEBUG - Prefetching item details: monsters/ancient-silver-dragon
2026-09-12 15:13:23,203 - urllib3.connectionpool - DEBUG - Starting new HTTPS connection (1): www.dnd5eapi.co:443
2026-09-12 15:13:23,203 - urllib3.connectionpool - DEBUG - Starting new HTTPS connection (1): www.dnd5eapi.co:443
2026-09-12 15:13:23,204 - urllib3.connectionpool - DEBUG - Starting new HTTPS connection (1): www.dnd5eapi.co:443
2026-09-12 15:13:23,537 - urllib3.connectionpool - DEBUG - https://www.dnd5eapi.co:443 "GET /api/equipment/barding-scale-mail HTTP/1.1" 301 72
2026-09-12 15:13:23,537 - urllib3.connectionpool - DEBUG - https://www.dnd5eapi.co:443 "GET /api/monsters/ancient-silver-dragon HTTP/1.1" 301 74
2026-09-12 15:13:23,538 - urllib3.connectionpool - DEBUG - https://www.dnd5eapi.co:443 "GET /api/spells/bane HTTP/1.1" 301 55
2026-09-12 15:13:23,646 - urllib3.connectionpool - DEBUG - https://www.dnd5eapi.co:443 "GET /api/2014/equipment/barding-scale-mail HTTP/1.1" 200 687
2026-09-12 15:13:23,647 - src.core.cache - DEBUG - Cached value for key: dnd_item_equipment_barding-scale-mail
2026-09-12 15:13:23,648 - urllib3.connectionpool - DEBUG - https://www.dnd5eapi.co:443 "GET /api/2014/monsters/ancient-silver-dragon HTTP/1.1" 200 6558
2026-09-12 15:13:23,650 - src.core.cache - DEBUG - Cached value for key: dnd_item_monsters_ancient-silver-dragon
2026-09-12 15:13:23,650 - urllib3.connectionpool - DEBUG - https://www.dnd5eapi.co:443 "GET /api/2014/spells/bane HTTP/1.1" 200 1171
2026-09-12 15:13:23,652 - src.core.cache - DEBUG - Cached value for key: dnd_item_spells_bane
2026-09-12 15:13:23,657 - src.core.cache - DEBUG - Cache miss for key: dnd_item_equipment_barding-splint
2026-09-12 15:13:23,657 - src.core.cache - DEBUG - Cache miss for key: dnd_item_monsters_ancient-white-dragon
2026-09-12 15:13:23,657 - src.core.resources - DEBUG - Prefetching item details: monsters/ancient-white-dragon
2026-09-12 15:13:23,657 - src.core.cache - DEBUG - Cache miss for key: dnd_item_spells_banishment
2026-09-12 15:13:23,657 - src.core.resources - DEBUG - Prefetching item details: spells/banishment
2026-09-12 15:13:23,657 - src.core.resources - DEBUG - Prefetching item details: equipment/barding-splint
2026-09-12 15:13:23,659 - urllib3.connectionpool - DEBUG - Starting new HTTPS connection (1): www.dnd5eapi.co:443
2026-09-12 15:13:23,659 - urllib3.connectionpool - DEBUG - Starting new HTTPS connection (1): www.dnd5eapi.co:443
2026-09-12 15:13:23,660 - urllib3.connectionpool - DEBUG - Starting new HTTPS connection (1): www.dnd5eapi.co:443
2026-09-12 15:13:23,994 - urllib3.connectionpool - DEBUG - https://www.dnd5eapi.co:443 "GET /api/spells/banishment HTTP/1.1" 301 61
2026-09-12 15:13:23,996 - urllib3.connectionpool - DEBUG - https://www.dnd5eapi.co:443 "GET /api/monsters/ancient-white-dragon HTTP/1.1" 301 73
2026-09-12 15:13:23,996 - urllib3.connectionpool - DEBUG - https://www.dnd5eapi.co:443 "GET /api/equipment/barding-splint HTTP/1.1" 301 68
2026-09-12 15:13:24,102 - urllib3.connectionpool - DEBUG - https://www.dnd5eapi.co:443 "GET /api/2014/spells/banishment HTTP/1.1" 200 1888
2026-09-12 15:13:24,103 - src.core.cache - DEBUG - Cached value for key: dnd_item_spells_banishment
2026-09-12 15:13:24,104 - urllib3.connectionpool - DEBUG - https://www.dnd5eapi.co:443 "GET /api/2014/monsters/ancient-white-dragon HTTP/1.1" 200 5311
2026-09-12 15:13:24,106 - src.core.cache - DEBUG - Cached value for key: dnd_item_monsters_ancient-white-dragon
2026-09-12 15:13:24,106 - urllib3.connectionpool - DEBUG - https://www.dnd5eapi.co:443 "GET /api/2014/equipment/barding-splint HTTP/1.1" 200 676
2026-09-12 15:13:24,107 - src.core.cache - DEBUG - Cached value for key: dnd_item_equipment_barding-splint
2026-09-12 15:13:24,111 - src.core.cache - DEBUG - Cache miss for key: dnd_item_spells_barkskin
2026-09-12 15:13:24,111 - src.core.resources - DEBUG - Prefetching item details: spells/barkskin
2026-09-12 15:13:24,111 - src.core.cache - DEBUG - Cache miss for key: dnd_item_monsters_androsphinx
2026-09-12 15:13:24,112 - src.core.resources - DEBUG - Prefetching item details: monsters/androsphinx
2026-09-12 15:13:24,111 - src.core.cache - DEBUG - Cache miss for key: dnd_item_equipment_barding-studded-leather
2026-09-12 15:13:24,113 - src.core.resources - DEBUG - Prefetching item details: equipment/barding-studded-leather
2026-09-12 15:13:24,113 - urllib3.connectionpool - DEBUG - Starting new HTTPS connection (1): www.dnd5eapi.co:443
2026-09-12 15:13:24,114 - urllib3.connectionpool - DEBUG - Starting new HTTPS connection (1): www.dnd5eapi.co:443
2026-09-12 15:13:24,115 - urllib3.connectionpool - DEBUG - Starting new HTTPS connection (1): www.dnd5eapi.co:443
2026-09-12 15:13:24,444 - urllib3.connectionpool - DEBUG - https://www.dnd5eapi.co:443 "GET /api/monsters/androsphinx HTTP/1.1" 301 64
2026-09-12 15:13:24,445 - urllib3.connectionpool - DEBUG - https://www.dnd5eapi.co:443 "GET /api/spells/barkskin HTTP/1.1" 301 59
2026-09-12 15:13:24,447 - urllib3.connectionpool - DEBUG - https://www.dnd5eapi.co:443 "GET /api/equipment/barding-studded-leather HTTP/1.1" 301 77
2026-09-12 15:13:24,553 - urllib3.connectionpool - DEBUG - https://www.dnd5eapi.co:443 "GET /api/2014/monsters/androsphinx HTTP/1.1" 200 6812
2026-09-12 15:13:24,555 - src.core.cache - DEBUG - Cached value for key: dnd_item_monsters_androsphinx
2026-09-12 15:13:24,555 - urllib3.connectionpool - DEBUG - https://www.dnd5eapi.co:443 "GET /api/2014/spells/barkskin HTTP/1.1" 200 908
2026-09-12 15:13:24,557 - src.core.cache - DEBUG - Cached value for key: dnd_item_spells_barkskin
2026-09-12 15:13:24,559 - urllib3.connectionpool - DEBUG - https://www.dnd5eapi.co:443 "GET /api/2014/equipment/barding-studded-leather HTTP/1.1" 200 702
2026-09-12 15:13:24,561 - src.core.cache - DEBUG - Cached value for key: dnd_item_equipment_barding-studded-leather
2026-09-12 15:13:24,565 - src.core.cache - DEBUG - Cache miss for key: dnd_item_equipment_barrel
2026-09-12 15:13:24,565 - src.core.resources - DEBUG - Prefetching item details: equipment/barrel
2026-09-12 15:13:24,565 - src.core.cache - DEBUG - Cache miss for key: dnd_item_spells_beacon-of-hope
2026-09-12 15:13:24,566 - src.core.cache - DEBUG - Cache miss for key: dnd_item_monsters_animated-armor
2026-09-12 15:13:24,566 - src.core.resources - DEBUG - Prefetching item details: monsters/animated-armor
2026-09-12 15:13:24,566 - urllib3.connectionpool - DEBUG - Starting new HTTPS connection (1): www.dnd5eapi.co:443
2026-09-12 15:13:24,566 - src.core.resources - DEBUG - Prefetching item details: spells/beacon-of-hope
2026-09-12 15:13:24,568 - urllib3.connectionpool - DEBUG - Starting new HTTPS connection (1): www.dnd5eapi.co:443
2026-09-12 15:13:24,569 - urllib3.connectionpool - DEBUG - Starting new HTTPS connection (1): www.dnd5eapi.co:443
2026-09-12 15:13:24,896 - urllib3.connectionpool - DEBUG - https://www.dnd5eapi.co:443 "GET /api/spells/beacon-of-hope HTTP/1.1" 301 65
2026-09-12 15:13:24,897 - urllib3.connectionpool - DEBUG - https://www.dnd5eapi.co:443 "GET /api/equipment/barrel HTTP/1.1" 301 60
2026-09-12 15:13:24,898 - urllib3.connectionpool - DEBUG - https://www.dnd5eapi.co:443 "GET /api/monsters/animated-armor HTTP/1.1" 301 67
2026-09-12 15:13:25,004 - urllib3.connectionpool - DEBUG - https://www.dnd5eapi.co:443 "GET /api/2014/spells/beacon-of-hope HTTP/1.1" 200 945
2026-09-12 15:13:25,004 - urllib3.connectionpool - DEBUG - https://www.dnd5eapi.co:443 "GET /api/2014/equipment/barrel HTTP/1.1" 200 458
2026-09-12 15:13:25,005 - src.core.cache - DEBUG - Cached value for key: dnd_item_spells_beacon-of-hope
2026-09-12 15:13:25,006 - src.core.cache - DEBUG - Cached value for key: dnd_item_equipment_barrel
2026-09-12 15:13:25,007 - urllib3.connectionpool - DEBUG - https://www.dnd5eapi.co:443 "GET /api/2014/monsters/animated-armor HTTP/1.1" 200 2329
2026-09-12 15:13:25,008 - src.core.cache - DEBUG - Cached value for key: dnd_item_monsters_animated-armor
2026-09-12 15:13:25,015 - src.core.cache - DEBUG - Cache miss for key: dnd_item_equipment_basket
2026-09-12 15:13:25,015 - src.core.resources - DEBUG - Prefetching item details: equipment/basket
2026-09-12 15:13:25,015 - src.core.cache - DEBUG - Cache miss for key: dnd_item_spells_bestow-curse
2026-09-12 15:13:25,015 - src.core.resources - DEBUG - Prefetching item details: spells/bestow-curse
2026-09-12 15:13:25,015 - src.core.cache - DEBUG - Cache miss for key: dnd_item_monsters_ankheg
2026-09-12 15:13:25,016 - src.core.resources - DEBUG - Prefetching item details: monsters/ankheg
2026-09-12 15:13:25,017 - urllib3.connectionpool - DEBUG - Starting new HTTPS connection (1): www.dnd5eapi.co:443
2026-09-12 15:13:25,017 - urllib3.connectionpool - DEBUG - Starting new HTTPS connection (1): www.dnd5eapi.co:443
2026-09-12 15:13:25,018 - urllib3.connectionpool - DEBUG - Starting new HTTPS connection (1): www.dnd5eapi.co:443
2026-09-12 15:13:25,346 - urllib3.connectionpool - DEBUG - https://www.dnd5eapi.co:443 "GET /api/monsters/ankheg HTTP/1.1" 301 59
2026-09-12 15:13:25,352 - urllib3.connectionpool - DEBUG - https://www.dnd5eapi.co:443 "GET /api/spells/bestow-curse HTTP/1.1" 301 63
2026-09-12 15:13:25,368 - urllib3.connectionpool - DEBUG - https://www.dnd5eapi.co:443 "GET /api/equipment/basket HTTP/1.1" 301 60
2026-09-12 15:13:25,454 - urllib3.connectionpool - DEBUG - https://www.dnd5eapi.co:443 "GET /api/2014/monsters/ankheg HTTP/1.1" 200 2119
2026-09-12 15:13:25,456 - src.core.cache - DEBUG - Cached value for key: dnd_item_monsters_ankheg
2026-09-12 15:13:25,460 - urllib3.connectionpool - DEBUG - https://www.dnd5eapi.co:443 "GET /api/2014/spells/bestow-curse HTTP/1.1" 200 2174
2026-09-12 15:13:25,462 - src.core.cache - DEBUG - Cached value for key: dnd_item_spells_bestow-curse
2026-09-12 15:13:25,464 - src.core.cache - DEBUG - Cache miss for key: dnd_item_monsters_ape
2026-09-12 15:13:25,464 - src.core.resources - DEBUG - Prefetching item details: monsters/ape
2026-09-12 15:13:25,464 - src.core.cache - DEBUG - Cache miss for key: dnd_item_spells_black-tentacles
2026-09-12 15:13:25,464 - src.core.resources - DEBUG - Prefetching item details: spells/black-tentacles
2026-09-12 15:13:25,465 - urllib3.connectionpool - DEBUG - Starting new HTTPS connection (1): www.dnd5eapi.co:443
2026-09-12 15:13:25,465 - urllib3.connectionpool - DEBUG - Starting new HTTPS connection (1): www.dnd5eapi.co:443
2026-09-12 15:13:25,477 - urllib3.connectionpool - DEBUG - https://www.dnd5eapi.co:443 "GET /api/2014/equipment/basket HTTP/1.1" 200 457
2026-09-12 15:13:25,479 - src.core.cache - DEBUG - Cached value for key: dnd_item_equipment_basket
2026-09-12 15:13:25,485 - src.core.cache - DEBUG - Cache miss for key: dnd_item_equipment_battleaxe
2026-09-12 15:13:25,485 - src.core.resources - DEBUG - Prefetching item details: equipment/battleaxe
2026-09-12 15:13:25,487 - urllib3.connectionpool - DEBUG - Starting new HTTPS connection (1): www.dnd5eapi.co:443
2026-09-12 15:13:25,793 - urllib3.connectionpool - DEBUG - https://www.dnd5eapi.co:443 "GET /api/monsters/ape HTTP/1.1" 301 56
2026-09-12 15:13:25,794 - urllib3.connectionpool - DEBUG - https://www.dnd5eapi.co:443 "GET /api/spells/black-tentacles HTTP/1.1" 301 66
2026-09-12 15:13:25,816 - urllib3.connectionpool - DEBUG - https://www.dnd5eapi.co:443 "GET /api/equipment/battleaxe HTTP/1.1" 301 63
2026-09-12 15:13:25,903 - urllib3.connectionpool - DEBUG - https://www.dnd5eapi.co:443 "GET /api/2014/monsters/ape HTTP/1.1" 200 1736
2026-09-12 15:13:25,904 - urllib3.connectionpool - DEBUG - https://www.dnd5eapi.co:443 "GET /api/2014/spells/black-tentacles HTTP/1.1" 200 1746
2026-09-12 15:13:25,905 - src.core.cache - DEBUG - Cached value for key: dnd_item_monsters_ape
2026-09-12 15:13:25,906 - src.core.cache - DEBUG - Cached value for key: dnd_item_spells_black-tentacles
2026-09-12 15:13:25,913 - src.core.cache - DEBUG - Cache miss for key: dnd_item_spells_blade-barrier
2026-09-12 15:13:25,913 - src.core.cache - DEBUG - Cache miss for key: dnd_item_monsters_archmage
2026-09-12 15:13:25,914 - src.core.resources - DEBUG - Prefetching item details: spells/blade-barrier
2026-09-12 15:13:25,914 - src.core.resources - DEBUG - Prefetching item details: monsters/archmage
2026-09-12 15:13:25,915 - urllib3.connectionpool - DEBUG - Starting new HTTPS connection (1): www.dnd5eapi.co:443
2026-09-12 15:13:25,915 - urllib3.connectionpool - DEBUG - Starting new HTTPS connection (1): www.dnd5eapi.co:443
2026-09-12 15:13:25,924 - urllib3.connectionpool - DEBUG - https://www.dnd5eapi.co:443 "GET /api/2014/equipment/battleaxe HTTP/1.1" 200 770
2026-09-12 15:13:25,925 - src.core.cache - DEBUG - Cached value for key: dnd_item_equipment_battleaxe
2026-09-12 15:13:25,934 - src.core.cache - DEBUG - Cache miss for key: dnd_item_equipment_bedroll
2026-09-12 15:13:25,934 - src.core.resources - DEBUG - Prefetching item details: equipment/bedroll
2026-09-12 15:13:25,934 - urllib3.connectionpool - DEBUG - Starting new HTTPS connection (1): www.dnd5eapi.co:443
2026-09-12 15:13:26,247 - urllib3.connectionpool - DEBUG - https://www.dnd5eapi.co:443 "GET /api/monsters/archmage HTTP/1.1" 301 61
2026-09-12 15:13:26,247 - urllib3.connectionpool - DEBUG - https://www.dnd5eapi.co:443 "GET /api/spells/blade-barrier HTTP/1.1" 301 64
2026-09-12 15:13:26,260 - urllib3.connectionpool - DEBUG - https://www.dnd5eapi.co:443 "GET /api/equipment/bedroll HTTP/1.1" 301 61
2026-09-12 15:13:26,356 - urllib3.connectionpool - DEBUG - https://www.dnd5eapi.co:443 "GET /api/2014/monsters/archmage HTTP/1.1" 200 5672
2026-09-12 15:13:26,356 - urllib3.connectionpool - DEBUG - https://www.dnd5eapi.co:443 "GET /api/2014/spells/blade-barrier HTTP/1.1" 200 1438
2026-09-12 15:13:26,357 - src.core.cache - DEBUG - Cached value for key: dnd_item_monsters_archmage
2026-09-12 15:13:26,358 - src.core.cache - DEBUG - Cached value for key: dnd_item_spells_blade-barrier
2026-09-12 15:13:26,366 - src.core.cache - DEBUG - Cache miss for key: dnd_item_monsters_assassin
2026-09-12 15:13:26,366 - src.core.resources - DEBUG - Prefetching item details: monsters/assassin
2026-09-12 15:13:26,366 - src.core.cache - DEBUG - Cache miss for key: dnd_item_spells_bless
2026-09-12 15:13:26,367 - src.core.resources - DEBUG - Prefetching item details: spells/bless
2026-09-12 15:13:26,366 - urllib3.connectionpool - DEBUG - https://www.dnd5eapi.co:443 "GET /api/2014/equipment/bedroll HTTP/1.1" 200 460
2026-09-12 15:13:26,368 - urllib3.connectionpool - DEBUG - Starting new HTTPS connection (1): www.dnd5eapi.co:443
2026-09-12 15:13:26,370 - src.core.cache - DEBUG - Cached value for key: dnd_item_equipment_bedroll
2026-09-12 15:13:26,370 - urllib3.connectionpool - DEBUG - Starting new HTTPS connection (1): www.dnd5eapi.co:443
2026-09-12 15:13:26,377 - src.core.cache - DEBUG - Cache miss for key: dnd_item_equipment_bell
2026-09-12 15:13:26,377 - src.core.resources - DEBUG - Prefetching item details: equipment/bell
2026-09-12 15:13:26,378 - urllib3.connectionpool - DEBUG - Starting new HTTPS connection (1): www.dnd5eapi.co:443
2026-09-12 15:13:26,705 - urllib3.connectionpool - DEBUG - https://www.dnd5eapi.co:443 "GET /api/spells/bless HTTP/1.1" 301 56
2026-09-12 15:13:26,706 - urllib3.connectionpool - DEBUG - https://www.dnd5eapi.co:443 "GET /api/monsters/assassin HTTP/1.1" 301 61
2026-09-12 15:13:26,708 - urllib3.connectionpool - DEBUG - https://www.dnd5eapi.co:443 "GET /api/equipment/bell HTTP/1.1" 301 58
2026-09-12 15:13:26,815 - urllib3.connectionpool - DEBUG - https://www.dnd5eapi.co:443 "GET /api/2014/spells/bless HTTP/1.1" 200 1079
2026-09-12 15:13:26,817 - src.core.cache - DEBUG - Cached value for key: dnd_item_spells_bless
2026-09-12 15:13:26,817 - urllib3.connectionpool - DEBUG - https://www.dnd5eapi.co:443 "GET /api/2014/monsters/assassin HTTP/1.1" 200 4217
2026-09-12 15:13:26,820 - src.core.cache - DEBUG - Cached value for key: dnd_item_monsters_assassin
2026-09-12 15:13:26,820 - urllib3.connectionpool - DEBUG - https://www.dnd5eapi.co:443 "GET /api/2014/equipment/bell HTTP/1.1" 200 451
2026-09-12 15:13:26,822 - src.core.cache - DEBUG - Cached value for key: dnd_item_equipment_bell
2026-09-12 15:13:26,827 - src.core.cache - DEBUG - Cache miss for key: dnd_item_monsters_awakened-shrub
2026-09-12 15:13:26,828 - src.core.cache - DEBUG - Cache miss for key: dnd_item_equipment_bit-and-bridle
2026-09-12 15:13:26,828 - src.core.resources - DEBUG - Prefetching item details: monsters/awakened-shrub
2026-09-12 15:13:26,828 - src.core.resources - DEBUG - Prefetching item details: equipment/bit-and-bridle
2026-09-12 15:13:26,828 - src.core.cache - DEBUG - Cache miss for key: dnd_item_spells_blight
2026-09-12 15:13:26,829 - src.core.resources - DEBUG - Prefetching item details: spells/blight
2026-09-12 15:13:26,831 - urllib3.connectionpool - DEBUG - Starting new HTTPS connection (1): www.dnd5eapi.co:443
2026-09-12 15:13:26,831 - urllib3.connectionpool - DEBUG - Starting new HTTPS connection (1): www.dnd5eapi.co:443
2026-09-12 15:13:26,832 - urllib3.connectionpool - DEBUG - Starting new HTTPS connection (1): www.dnd5eapi.co:443
2026-09-12 15:13:27,163 - urllib3.connectionpool - DEBUG - https://www.dnd5eapi.co:443 "GET /api/equipment/bit-and-bridle HTTP/1.1" 301 68
2026-09-12 15:13:27,164 - urllib3.connectionpool - DEBUG - https://www.dnd5eapi.co:443 "GET /api/spells/blight HTTP/1.1" 301 57
2026-09-12 15:13:27,166 - urllib3.connectionpool - DEBUG - https://www.dnd5eapi.co:443 "GET /api/monsters/awakened-shrub HTTP/1.1" 301 67
2026-09-12 15:13:27,272 - urllib3.connectionpool - DEBUG - https://www.dnd5eapi.co:443 "GET /api/2014/spells/blight HTTP/1.1" 200 1774
2026-09-12 15:13:27,273 - urllib3.connectionpool - DEBUG - https://www.dnd5eapi.co:443 "GET /api/2014/equipment/bit-and-bridle HTTP/1.1" 200 427
2026-09-12 15:13:27,273 - src.core.cache - DEBUG - Cached value for key: dnd_item_spells_blight
2026-09-12 15:13:27,275 - src.core.cache - DEBUG - Cached value for key: dnd_item_equipment_bit-and-bridle
2026-09-12 15:13:27,274 - urllib3.connectionpool - DEBUG - https://www.dnd5eapi.co:443 "GET /api/2014/monsters/awakened-shrub HTTP/1.1" 200 1320
2026-09-12 15:13:27,276 - src.core.cache - DEBUG - Cached value for key: dnd_item_monsters_awakened-shrub
2026-09-12 15:13:27,282 - src.core.cache - DEBUG - Cache miss for key: dnd_item_monsters_awakened-tree
2026-09-12 15:13:27,283 - src.core.resources - DEBUG - Prefetching item details: monsters/awakened-tree
2026-09-12 15:13:27,283 - src.core.cache - DEBUG - Cache miss for key: dnd_item_spells_blindness-deafness
2026-09-12 15:13:27,283 - src.core.cache - DEBUG - Cache miss for key: dnd_item_equipment_blanket
2026-09-12 15:13:27,283 - src.core.resources - DEBUG - Prefetching item details: equipment/blanket
2026-09-12 15:13:27,283 - src.core.resources - DEBUG - Prefetching item details: spells/blindness-deafness
2026-09-12 15:13:27,285 - urllib3.connectionpool - DEBUG - Starting new HTTPS connection (1): www.dnd5eapi.co:443
2026-09-12 15:13:27,285 - urllib3.connectionpool - DEBUG - Starting new HTTPS connection (1): www.dnd5eapi.co:443
2026-09-12 15:13:27,285 - urllib3.connectionpool - DEBUG - Starting new HTTPS connection (1): www.dnd5eapi.co:443
2026-09-12 15:13:27,612 - urllib3.connectionpool - DEBUG - https://www.dnd5eapi.co:443 "GET /api/monsters/awakened-tree HTTP/1.1" 301 66
2026-09-12 15:13:27,613 - urllib3.connectionpool - DEBUG - https://www.dnd5eapi.co:443 "GET /api/equipment/blanket HTTP/1.1" 301 61
2026-09-12 15:13:27,614 - urllib3.connectionpool - DEBUG - https://www.dnd5eapi.co:443 "GET /api/spells/blindness-deafness HTTP/1.1" 301 69
2026-09-12 15:13:27,720 - urllib3.connectionpool - DEBUG - https://www.dnd5eapi.co:443 "GET /api/2014/monsters/awakened-tree HTTP/1.1" 200 1351
2026-09-12 15:13:27,721 - urllib3.connectionpool - DEBUG - https://www.dnd5eapi.co:443 "GET /api/2014/equipment/blanket HTTP/1.1" 200 460
2026-09-12 15:13:27,722 - src.core.cache - DEBUG - Cached value for key: dnd_item_monsters_awakened-tree
2026-09-12 15:13:27,723 - src.core.cache - DEBUG - Cached value for key: dnd_item_equipment_blanket
2026-09-12 15:13:27,731 - src.core.cache - DEBUG - Cache miss for key: dnd_item_monsters_axe-beak
2026-09-12 15:13:27,731 - src.core.resources - DEBUG - Prefetching item details: monsters/axe-beak
2026-09-12 15:13:27,731 - src.core.cache - DEBUG - Cache miss for key: dnd_item_equipment_block-and-tackle
2026-09-12 15:13:27,732 - src.core.resources - DEBUG - Prefetching item details: equipment/block-and-tackle
2026-09-12 15:13:27,733 - urllib3.connectionpool - DEBUG - Starting new HTTPS connection (1): www.dnd5eapi.co:443
2026-09-12 15:13:27,733 - urllib3.connectionpool - DEBUG - Starting new HTTPS connection (1): www.dnd5eapi.co:443
2026-09-12 15:13:27,739 - urllib3.connectionpool - DEBUG - https://www.dnd5eapi.co:443 "GET /api/2014/spells/blindness-deafness HTTP/1.1" 200 1388
2026-09-12 15:13:27,740 - src.core.cache - DEBUG - Cached value for key: dnd_item_spells_blindness-deafness
2026-09-12 15:13:27,746 - src.core.cache - DEBUG - Cache miss for key: dnd_item_spells_blink
2026-09-12 15:13:27,746 - src.core.resources - DEBUG - Prefetching item details: spells/blink
2026-09-12 15:13:27,747 - urllib3.connectionpool - DEBUG - Starting new HTTPS connection (1): www.dnd5eapi.co:443
2026-09-12 15:13:28,063 - urllib3.connectionpool - DEBUG - https://www.dnd5eapi.co:443 "GET /api/monsters/axe-beak HTTP/1.1" 301 61
2026-09-12 15:13:28,069 - urllib3.connectionpool - DEBUG - https://www.dnd5eapi.co:443 "GET /api/equipment/block-and-tackle HTTP/1.1" 301 70
2026-09-12 15:13:28,099 - urllib3.connectionpool - DEBUG - https://www.dnd5eapi.co:443 "GET /api/spells/blink HTTP/1.1" 301 56
2026-09-12 15:13:28,170 - urllib3.connectionpool - DEBUG - https://www.dnd5eapi.co:443 "GET /api/2014/monsters/axe-beak HTTP/1.1" 200 1203
2026-09-12 15:13:28,171 - src.core.cache - DEBUG - Cached value for key: dnd_item_monsters_axe-beak
2026-09-12 15:13:28,176 - urllib3.connectionpool - DEBUG - https://www.dnd5eapi.co:443 "GET /api/2014/equipment/block-and-tackle HTTP/1.1" 200 663
2026-09-12 15:13:28,177 - src.core.cache - DEBUG - Cached value for key: dnd_item_equipment_block-and-tackle
2026-09-12 15:13:28,178 - src.core.cache - DEBUG - Cache miss for key: dnd_item_monsters_azer
2026-09-12 15:13:28,178 - src.core.resources - DEBUG - Prefetching item details: monsters/azer
2026-09-12 15:13:28,179 - urllib3.connectionpool - DEBUG - Starting new HTTPS connection (1): www.dnd5eapi.co:443
2026-09-12 15:13:28,187 - src.core.cache - DEBUG - Cache miss for key: dnd_item_equipment_block-of-incense
2026-09-12 15:13:28,187 - src.core.resources - DEBUG - Prefetching item details: equipment/block-of-incense
2026-09-12 15:13:28,188 - urllib3.connectionpool - DEBUG - Starting new HTTPS connection (1): www.dnd5eapi.co:443
2026-09-12 15:13:28,207 - urllib3.connectionpool - DEBUG - https://www.dnd5eapi.co:443 "GET /api/2014/spells/blink HTTP/1.1" 200 1625
2026-09-12 15:13:28,208 - src.core.cache - DEBUG - Cached value for key: dnd_item_spells_blink
2026-09-12 15:13:28,218 - src.core.cache - DEBUG - Cache miss for key: dnd_item_spells_blur
2026-09-12 15:13:28,218 - src.core.resources - DEBUG - Prefetching item details: spells/blur
2026-09-12 15:13:28,219 - urllib3.connectionpool - DEBUG - Starting new HTTPS connection (1): www.dnd5eapi.co:443
2026-09-12 15:13:28,503 - urllib3.connectionpool - DEBUG - https://www.dnd5eapi.co:443 "GET /api/monsters/azer HTTP/1.1" 301 57
2026-09-12 15:13:28,512 - urllib3.connectionpool - DEBUG - https://www.dnd5eapi.co:443 "GET /api/equipment/block-of-incense HTTP/1.1" 301 70
2026-09-12 15:13:28,548 - urllib3.connectionpool - DEBUG - https://www.dnd5eapi.co:443 "GET /api/spells/blur HTTP/1.1" 301 55
2026-09-12 15:13:28,612 - urllib3.connectionpool - DEBUG - https://www.dnd5eapi.co:443 "GET /api/2014/monsters/azer HTTP/1.1" 200 2226
2026-09-12 15:13:28,613 - src.core.cache - DEBUG - Cached value for key: dnd_item_monsters_azer
2026-09-12 15:13:28,619 - urllib3.connectionpool - DEBUG - https://www.dnd5eapi.co:443 "GET /api/2014/equipment/block-of-incense HTTP/1.1" 200 544
2026-09-12 15:13:28,620 - src.core.cache - DEBUG - Cache miss for key: dnd_item_monsters_baboon
2026-09-12 15:13:28,621 - src.core.cache - DEBUG - Cached value for key: dnd_item_equipment_block-of-incense
2026-09-12 15:13:28,621 - src.core.resources - DEBUG - Prefetching item details: monsters/baboon
2026-09-12 15:13:28,622 - urllib3.connectionpool - DEBUG - Starting new HTTPS connection (1): www.dnd5eapi.co:443
2026-09-12 15:13:28,627 - src.core.cache - DEBUG - Cache miss for key: dnd_item_equipment_blowgun
2026-09-12 15:13:28,627 - src.core.resources - DEBUG - Prefetching item details: equipment/blowgun
2026-09-12 15:13:28,628 - urllib3.connectionpool - DEBUG - Starting new HTTPS connection (1): www.dnd5eapi.co:443
2026-09-12 15:13:28,655 - urllib3.connectionpool - DEBUG - https://www.dnd5eapi.co:443 "GET /api/2014/spells/blur HTTP/1.1" 200 936
2026-09-12 15:13:28,656 - src.core.cache - DEBUG - Cached value for key: dnd_item_spells_blur
2026-09-12 15:13:28,663 - src.core.cache - DEBUG - Cache miss for key: dnd_item_spells_branding-smite
2026-09-12 15:13:28,663 - src.core.resources - DEBUG - Prefetching item details: spells/branding-smite
2026-09-12 15:13:28,663 - urllib3.connectionpool - DEBUG - Starting new HTTPS connection (1): www.dnd5eapi.co:443
2026-09-12 15:13:28,958 - urllib3.connectionpool - DEBUG - https://www.dnd5eapi.co:443 "GET /api/monsters/baboon HTTP/1.1" 301 59
2026-09-12 15:13:28,966 - urllib3.connectionpool - DEBUG - https://www.dnd5eapi.co:443 "GET /api/equipment/blowgun HTTP/1.1" 301 61
2026-09-12 15:13:28,993 - urllib3.connectionpool - DEBUG - https://www.dnd5eapi.co:443 "GET /api/spells/branding-smite HTTP/1.1" 301 65
2026-09-12 15:13:29,073 - urllib3.connectionpool - DEBUG - https://www.dnd5eapi.co:443 "GET /api/2014/monsters/baboon HTTP/1.1" 200 1223
2026-09-12 15:13:29,074 - src.core.cache - DEBUG - Cached value for key: dnd_item_monsters_baboon
2026-09-12 15:13:29,076 - urllib3.connectionpool - DEBUG - https://www.dnd5eapi.co:443 "GET /api/2014/equipment/blowgun HTTP/1.1" 200 724
2026-09-12 15:13:29,077 - src.core.cache - DEBUG - Cached value for key: dnd_item_equipment_blowgun
2026-09-12 15:13:29,081 - src.core.cache - DEBUG - Cache miss for key: dnd_item_monsters_badger
2026-09-12 15:13:29,081 - src.core.cache - DEBUG - Cache miss for key: dnd_item_equipment_blowgun-needle
2026-09-12 15:13:29,081 - src.core.resources - DEBUG - Prefetching item details: monsters/badger
2026-09-12 15:13:29,081 - src.core.resources - DEBUG - Prefetching item details: equipment/blowgun-needle
2026-09-12 15:13:29,082 - urllib3.connectionpool - DEBUG - Starting new HTTPS connection (1): www.dnd5eapi.co:443
2026-09-12 15:13:29,083 - urllib3.connectionpool - DEBUG - Starting new HTTPS connection (1): www.dnd5eapi.co:443
2026-09-12 15:13:29,101 - urllib3.connectionpool - DEBUG - https://www.dnd5eapi.co:443 "GET /api/2014/spells/branding-smite HTTP/1.1" 200 1162
2026-09-12 15:13:29,102 - src.core.cache - DEBUG - Cached value for key: dnd_item_spells_branding-smite
2026-09-12 15:13:29,109 - src.core.cache - DEBUG - Cache miss for key: dnd_item_spells_burning-hands
2026-09-12 15:13:29,109 - src.core.resources - DEBUG - Prefetching item details: spells/burning-hands
2026-09-12 15:13:29,110 - urllib3.connectionpool - DEBUG - Starting new HTTPS connection (1): www.dnd5eapi.co:443
2026-09-12 15:13:29,412 - urllib3.connectionpool - DEBUG - https://www.dnd5eapi.co:443 "GET /api/monsters/badger HTTP/1.1" 301 59
2026-09-12 15:13:29,434 - urllib3.connectionpool - DEBUG - https://www.dnd5eapi.co:443 "GET /api/equipment/blowgun-needle HTTP/1.1" 301 68
2026-09-12 15:13:29,439 - urllib3.connectionpool - DEBUG - https://www.dnd5eapi.co:443 "GET /api/spells/burning-hands HTTP/1.1" 301 64
2026-09-12 15:13:29,521 - urllib3.connectionpool - DEBUG - https://www.dnd5eapi.co:443 "GET /api/2014/monsters/badger HTTP/1.1" 200 1138
2026-09-12 15:13:29,523 - src.core.cache - DEBUG - Cached value for key: dnd_item_monsters_badger
2026-09-12 15:13:29,529 - src.core.cache - DEBUG - Cache miss for key: dnd_item_monsters_balor
2026-09-12 15:13:29,529 - src.core.resources - DEBUG - Prefetching item details: monsters/balor
2026-09-12 15:13:29,530 - urllib3.connectionpool - DEBUG - Starting new HTTPS connection (1): www.dnd5eapi.co:443
2026-09-12 15:13:29,546 - urllib3.connectionpool - DEBUG - https://www.dnd5eapi.co:443 "GET /api/2014/equipment/blowgun-needle HTTP/1.1" 200 486
2026-09-12 15:13:29,547 - src.core.cache - DEBUG - Cached value for key: dnd_item_equipment_blowgun-needle
2026-09-12 15:13:29,553 - urllib3.connectionpool - DEBUG - https://www.dnd5eapi.co:443 "GET /api/2014/spells/burning-hands HTTP/1.1" 200 1557
2026-09-12 15:13:29,554 - src.core.cache - DEBUG - Cache miss for key: dnd_item_equipment_book
2026-09-12 15:13:29,554 - src.core.resources - DEBUG - Prefetching item details: equipment/book
2026-09-12 15:13:29,555 - src.core.cache - DEBUG - Cached value for key: dnd_item_spells_burning-hands
2026-09-12 15:13:29,556 - urllib3.connectionpool - DEBUG - Starting new HTTPS connection (1): www.dnd5eapi.co:443
2026-09-12 15:13:29,562 - src.core.cache - DEBUG - Cache miss for key: dnd_item_spells_call-lightning
2026-09-12 15:13:29,562 - src.core.resources - DEBUG - Prefetching item details: spells/call-lightning
2026-09-12 15:13:29,563 - urllib3.connectionpool - DEBUG - Starting new HTTPS connection (1): www.dnd5eapi.co:443
2026-09-12 15:13:29,869 - urllib3.connectionpool - DEBUG - https://www.dnd5eapi.co:443 "GET /api/monsters/balor HTTP/1.1" 301 58
2026-09-12 15:13:29,886 - urllib3.connectionpool - DEBUG - https://www.dnd5eapi.co:443 "GET /api/equipment/book HTTP/1.1" 301 58
2026-09-12 15:13:29,891 - urllib3.connectionpool - DEBUG - https://www.dnd5eapi.co:443 "GET /api/spells/call-lightning HTTP/1.1" 301 65
2026-09-12 15:13:29,983 - urllib3.connectionpool - DEBUG - https://www.dnd5eapi.co:443 "GET /api/2014/monsters/balor HTTP/1.1" 200 4262
2026-09-12 15:13:29,985 - src.core.cache - DEBUG - Cached value for key: dnd_item_monsters_balor
2026-09-12 15:13:29,993 - src.core.cache - DEBUG - Cache miss for key: dnd_item_monsters_bandit
2026-09-12 15:13:29,993 - src.core.resources - DEBUG - Prefetching item details: monsters/bandit
2026-09-12 15:13:29,994 - urllib3.connectionpool - DEBUG - https://www.dnd5eapi.co:443 "GET /api/2014/equipment/book HTTP/1.1" 200 744
2026-09-12 15:13:29,995 - src.core.cache - DEBUG - Cached value for key: dnd_item_equipment_book
2026-09-12 15:13:29,995 - urllib3.connectionpool - DEBUG - Starting new HTTPS connection (1): www.dnd5eapi.co:443
2026-09-12 15:13:30,000 - urllib3.connectionpool - DEBUG - https://www.dnd5eapi.co:443 "GET /api/2014/spells/call-lightning HTTP/1.1" 200 1994
2026-09-12 15:13:30,001 - src.core.cache - DEBUG - Cached value for key: dnd_item_spells_call-lightning
2026-09-12 15:13:30,002 - src.core.cache - DEBUG - Cache miss for key: dnd_item_equipment_bottle-glass
2026-09-12 15:13:30,002 - src.core.resources - DEBUG - Prefetching item details: equipment/bottle-glass
2026-09-12 15:13:30,003 - src.core.cache - DEBUG - Cache miss for key: dnd_item_spells_calm-emotions
2026-09-12 15:13:30,003 - src.core.resources - DEBUG - Prefetching item details: spells/calm-emotions
2026-09-12 15:13:30,003 - urllib3.connectionpool - DEBUG - Starting new HTTPS connection (1): www.dnd5eapi.co:443
2026-09-12 15:13:30,004 - urllib3.connectionpool - DEBUG - Starting new HTTPS connection (1): www.dnd5eapi.co:443
2026-09-12 15:13:30,336 - urllib3.connectionpool - DEBUG - https://www.dnd5eapi.co:443 "GET /api/monsters/bandit HTTP/1.1" 301 59
2026-09-12 15:13:30,337 - urllib3.connectionpool - DEBUG - https://www.dnd5eapi.co:443 "GET /api/spells/calm-emotions HTTP/1.1" 301 64
2026-09-12 15:13:30,339 - urllib3.connectionpool - DEBUG - https://www.dnd5eapi.co:443 "GET /api/equipment/bottle-glass HTTP/1.1" 301 66
2026-09-12 15:13:30,446 - urllib3.connectionpool - DEBUG - https://www.dnd5eapi.co:443 "GET /api/2014/monsters/bandit HTTP/1.1" 200 1910
2026-09-12 15:13:30,448 - src.core.cache - DEBUG - Cached value for key: dnd_item_monsters_bandit
2026-09-12 15:13:30,448 - urllib3.connectionpool - DEBUG - https://www.dnd5eapi.co:443 "GET /api/2014/spells/calm-emotions HTTP/1.1" 200 1594
2026-09-12 15:13:30,449 - urllib3.connectionpool - DEBUG - https://www.dnd5eapi.co:443 "GET /api/2014/equipment/bottle-glass HTTP/1.1" 200 476
2026-09-12 15:13:30,450 - src.core.cache - DEBUG - Cached value for key: dnd_item_spells_calm-emotions
2026-09-12 15:13:30,452 - src.core.cache - DEBUG - Cached value for key: dnd_item_equipment_bottle-glass
2026-09-12 15:13:30,458 - src.core.cache - DEBUG - Cache miss for key: dnd_item_spells_chain-lightning
2026-09-12 15:13:30,458 - src.core.resources - DEBUG - Prefetching item details: spells/chain-lightning
2026-09-12 15:13:30,459 - src.core.cache - DEBUG - Cache miss for key: dnd_item_monsters_bandit-captain
2026-09-12 15:13:30,460 - urllib3.connectionpool - DEBUG - Starting new HTTPS connection (1): www.dnd5eapi.co:443
2026-09-12 15:13:30,459 - src.core.cache - DEBUG - Cache miss for key: dnd_item_equipment_breastplate
2026-09-12 15:13:30,460 - src.core.resources - DEBUG - Prefetching item details: monsters/bandit-captain
2026-09-12 15:13:30,460 - src.core.resources - DEBUG - Prefetching item details: equipment/breastplate
2026-09-12 15:13:30,461 - urllib3.connectionpool - DEBUG - Starting new HTTPS connection (1): www.dnd5eapi.co:443
2026-09-12 15:13:30,462 - urllib3.connectionpool - DEBUG - Starting new HTTPS connection (1): www.dnd5eapi.co:443
2026-09-12 15:13:30,790 - urllib3.connectionpool - DEBUG - https://www.dnd5eapi.co:443 "GET /api/spells/chain-lightning HTTP/1.1" 301 66
2026-09-12 15:13:30,792 - urllib3.connectionpool - DEBUG - https://www.dnd5eapi.co:443 "GET /api/equipment/breastplate HTTP/1.1" 301 65
2026-09-12 15:13:30,793 - urllib3.connectionpool - DEBUG - https://www.dnd5eapi.co:443 "GET /api/monsters/bandit-captain HTTP/1.1" 301 67
2026-09-12 15:13:30,898 - urllib3.connectionpool - DEBUG - https://www.dnd5eapi.co:443 "GET /api/2014/spells/chain-lightning HTTP/1.1" 200 1544
2026-09-12 15:13:30,900 - src.core.cache - DEBUG - Cached value for key: dnd_item_spells_chain-lightning
2026-09-12 15:13:30,900 - urllib3.connectionpool - DEBUG - https://www.dnd5eapi.co:443 "GET /api/2014/equipment/breastplate HTTP/1.1" 200 452
2026-09-12 15:13:30,901 - src.core.cache - DEBUG - Cached value for key: dnd_item_equipment_breastplate
2026-09-12 15:13:30,901 - urllib3.connectionpool - DEBUG - https://www.dnd5eapi.co:443 "GET /api/2014/monsters/bandit-captain HTTP/1.1" 200 3631
2026-09-12 15:13:30,903 - src.core.cache - DEBUG - Cached value for key: dnd_item_monsters_bandit-captain
2026-09-12 15:13:30,907 - src.core.cache - DEBUG - Cache miss for key: dnd_item_monsters_barbed-devil
2026-09-12 15:13:30,907 - src.core.cache - DEBUG - Cache miss for key: dnd_item_equipment_brewers-supplies
2026-09-12 15:13:30,908 - src.core.resources - DEBUG - Prefetching item details: monsters/barbed-devil
2026-09-12 15:13:30,907 - src.core.cache - DEBUG - Cache miss for key: dnd_item_spells_charm-person
2026-09-12 15:13:30,908 - src.core.resources - DEBUG - Prefetching item details: equipment/brewers-supplies
2026-09-12 15:13:30,908 - src.core.resources - DEBUG - Prefetching item details: spells/charm-person
2026-09-12 15:13:30,910 - urllib3.connectionpool - DEBUG - Starting new HTTPS connection (1): www.dnd5eapi.co:443
2026-09-12 15:13:30,910 - urllib3.connectionpool - DEBUG - Starting new HTTPS connection (1): www.dnd5eapi.co:443
2026-09-12 15:13:30,911 - urllib3.connectionpool - DEBUG - Starting new HTTPS connection (1): www.dnd5eapi.co:443
2026-09-12 15:13:31,243 - urllib3.connectionpool - DEBUG - https://www.dnd5eapi.co:443 "GET /api/spells/charm-person HTTP/1.1" 301 63
2026-09-12 15:13:31,243 - urllib3.connectionpool - DEBUG - https://www.dnd5eapi.co:443 "GET /api/monsters/barbed-devil HTTP/1.1" 301 65
2026-09-12 15:13:31,243 - urllib3.connectionpool - DEBUG - https://www.dnd5eapi.co:443 "GET /api/equipment/brewers-supplies HTTP/1.1" 301 70
2026-09-12 15:13:31,352 - urllib3.connectionpool - DEBUG - https://www.dnd5eapi.co:443 "GET /api/2014/spells/charm-person HTTP/1.1" 200 1551
2026-09-12 15:13:31,353 - src.core.cache - DEBUG - Cached value for key: dnd_item_spells_charm-person
2026-09-12 15:13:31,355 - urllib3.connectionpool - DEBUG - https://www.dnd5eapi.co:443 "GET /api/2014/monsters/barbed-devil HTTP/1.1" 200 3897
2026-09-12 15:13:31,356 - urllib3.connectionpool - DEBUG - https://www.dnd5eapi.co:443 "GET /api/2014/equipment/brewers-supplies HTTP/1.1" 200 756
2026-09-12 15:13:31,357 - src.core.cache - DEBUG - Cached value for key: dnd_item_equipment_brewers-supplies
2026-09-12 15:13:31,358 - src.core.cache - DEBUG - Cached value for key: dnd_item_monsters_barbed-devil
2026-09-12 15:13:31,361 - src.core.cache - DEBUG - Cache miss for key: dnd_item_spells_chill-touch
2026-09-12 15:13:31,361 - src.core.cache - DEBUG - Cache miss for key: dnd_item_monsters_basilisk
2026-09-12 15:13:31,361 - src.core.cache - DEBUG - Cache miss for key: dnd_item_equipment_bucket
2026-09-12 15:13:31,362 - src.core.resources - DEBUG - Prefetching item details: equipment/bucket
2026-09-12 15:13:31,362 - src.core.resources - DEBUG - Prefetching item details: spells/chill-touch
2026-09-12 15:13:31,362 - src.core.resources - DEBUG - Prefetching item details: monsters/basilisk
2026-09-12 15:13:31,364 - urllib3.connectionpool - DEBUG - Starting new HTTPS connection (1): www.dnd5eapi.co:443
2026-09-12 15:13:31,364 - urllib3.connectionpool - DEBUG - Starting new HTTPS connection (1): www.dnd5eapi.co:443
2026-09-12 15:13:31,364 - urllib3.connectionpool - DEBUG - Starting new HTTPS connection (1): www.dnd5eapi.co:443
2026-09-12 15:13:31,702 - urllib3.connectionpool - DEBUG - https://www.dnd5eapi.co:443 "GET /api/spells/chill-touch HTTP/1.1" 301 62
2026-09-12 15:13:31,703 - urllib3.connectionpool - DEBUG - https://www.dnd5eapi.co:443 "GET /api/equipment/bucket HTTP/1.1" 301 60
2026-09-12 15:13:31,704 - urllib3.connectionpool - DEBUG - https://www.dnd5eapi.co:443 "GET /api/monsters/basilisk HTTP/1.1" 301 61
2026-09-12 15:13:31,810 - urllib3.connectionpool - DEBUG - https://www.dnd5eapi.co:443 "GET /api/2014/equipment/bucket HTTP/1.1" 200 457
2026-09-12 15:13:31,811 - src.core.cache - DEBUG - Cached value for key: dnd_item_equipment_bucket
2026-09-12 15:13:31,812 - urllib3.connectionpool - DEBUG - https://www.dnd5eapi.co:443 "GET /api/2014/spells/chill-touch HTTP/1.1" 200 1437
2026-09-12 15:13:31,813 - urllib3.connectionpool - DEBUG - https://www.dnd5eapi.co:443 "GET /api/2014/monsters/basilisk HTTP/1.1" 200 2266
2026-09-12 15:13:31,814 - src.core.cache - DEBUG - Cached value for key: dnd_item_spells_chill-touch
2026-09-12 15:13:31,815 - src.core.cache - DEBUG - Cached value for key: dnd_item_monsters_basilisk
2026-09-12 15:13:31,820 - src.core.cache - DEBUG - Cache miss for key: dnd_item_monsters_bat
2026-09-12 15:13:31,821 - src.core.resources - DEBUG - Prefetching item details: monsters/bat
2026-09-12 15:13:31,821 - src.core.cache - DEBUG - Cache miss for key: dnd_item_spells_circle-of-death
2026-09-12 15:13:31,821 - src.core.cache - DEBUG - Cache miss for key: dnd_item_equipment_burglars-pack
2026-09-12 15:13:31,821 - src.core.resources - DEBUG - Prefetching item details: spells/circle-of-death
2026-09-12 15:13:31,821 - src.core.resources - DEBUG - Prefetching item details: equipment/burglars-pack
2026-09-12 15:13:31,822 - urllib3.connectionpool - DEBUG - Starting new HTTPS connection (1): www.dnd5eapi.co:443
2026-09-12 15:13:31,823 - urllib3.connectionpool - DEBUG - Starting new HTTPS connection (1): www.dnd5eapi.co:443
2026-09-12 15:13:31,824 - urllib3.connectionpool - DEBUG - Starting new HTTPS connection (1): www.dnd5eapi.co:443
2026-09-12 15:13:32,157 - urllib3.connectionpool - DEBUG - https://www.dnd5eapi.co:443 "GET /api/equipment/burglars-pack HTTP/1.1" 301 67
2026-09-12 15:13:32,158 - urllib3.connectionpool - DEBUG - https://www.dnd5eapi.co:443 "GET /api/spells/circle-of-death HTTP/1.1" 301 66
2026-09-12 15:13:32,160 - urllib3.connectionpool - DEBUG - https://www.dnd5eapi.co:443 "GET /api/monsters/bat HTTP/1.1" 301 56
2026-09-12 15:13:32,266 - urllib3.connectionpool - DEBUG - https://www.dnd5eapi.co:443 "GET /api/2014/equipment/burglars-pack HTTP/1.1" 200 1968
2026-09-12 15:13:32,267 - src.core.cache - DEBUG - Cached value for key: dnd_item_equipment_burglars-pack
2026-09-12 15:13:32,268 - urllib3.connectionpool - DEBUG - https://www.dnd5eapi.co:443 "GET /api/2014/monsters/bat HTTP/1.1" 200 1219
2026-09-12 15:13:32,268 - urllib3.connectionpool - DEBUG - https://www.dnd5eapi.co:443 "GET /api/2014/spells/circle-of-death HTTP/1.1" 200 1421
2026-09-12 15:13:32,269 - src.core.cache - DEBUG - Cached value for key: dnd_item_monsters_bat
2026-09-12 15:13:32,270 - src.core.cache - DEBUG - Cached value for key: dnd_item_spells_circle-of-death
2026-09-12 15:13:32,278 - src.core.cache - DEBUG - Cache miss for key: dnd_item_spells_clairvoyance
2026-09-12 15:13:32,279 - src.core.resources - DEBUG - Prefetching item details: spells/clairvoyance
2026-09-12 15:13:32,279 - src.core.cache - DEBUG - Cache miss for key: dnd_item_monsters_bearded-devil
2026-09-12 15:13:32,279 - src.core.resources - DEBUG - Prefetching item details: monsters/bearded-devil
2026-09-12 15:13:32,279 - src.core.cache - DEBUG - Cache miss for key: dnd_item_equipment_calligraphers-supplies
2026-09-12 15:13:32,280 - src.core.resources - DEBUG - Prefetching item details: equipment/calligraphers-supplies
2026-09-12 15:13:32,281 - urllib3.connectionpool - DEBUG - Starting new HTTPS connection (1): www.dnd5eapi.co:443
2026-09-12 15:13:32,281 - urllib3.connectionpool - DEBUG - Starting new HTTPS connection (1): www.dnd5eapi.co:443
2026-09-12 15:13:32,282 - urllib3.connectionpool - DEBUG - Starting new HTTPS connection (1): www.dnd5eapi.co:443
2026-09-12 15:13:32,612 - urllib3.connectionpool - DEBUG - https://www.dnd5eapi.co:443 "GET /api/equipment/calligraphers-supplies HTTP/1.1" 301 76
2026-09-12 15:13:32,612 - urllib3.connectionpool - DEBUG - https://www.dnd5eapi.co:443 "GET /api/monsters/bearded-devil HTTP/1.1" 301 66
2026-09-12 15:13:32,651 - urllib3.connectionpool - DEBUG - https://www.dnd5eapi.co:443 "GET /api/spells/clairvoyance HTTP/1.1" 301 63
2026-09-12 15:13:32,725 - urllib3.connectionpool - DEBUG - https://www.dnd5eapi.co:443 "GET /api/2014/monsters/bearded-devil HTTP/1.1" 200 3339
2026-09-12 15:13:32,726 - urllib3.connectionpool - DEBUG - https://www.dnd5eapi.co:443 "GET /api/2014/equipment/calligraphers-supplies HTTP/1.1" 200 774
2026-09-12 15:13:32,727 - src.core.cache - DEBUG - Cached value for key: dnd_item_equipment_calligraphers-supplies
2026-09-12 15:13:32,728 - src.core.cache - DEBUG - Cached value for key: dnd_item_monsters_bearded-devil
2026-09-12 15:13:32,736 - src.core.cache - DEBUG - Cache miss for key: dnd_item_monsters_behir
2026-09-12 15:13:32,737 - src.core.resources - DEBUG - Prefetching item details: monsters/behir
2026-09-12 15:13:32,737 - src.core.cache - DEBUG - Cache miss for key: dnd_item_equipment_caltrops
2026-09-12 15:13:32,737 - src.core.resources - DEBUG - Prefetching item details: equipment/caltrops
2026-09-12 15:13:32,738 - urllib3.connectionpool - DEBUG - Starting new HTTPS connection (1): www.dnd5eapi.co:443
2026-09-12 15:13:32,738 - urllib3.connectionpool - DEBUG - Starting new HTTPS connection (1): www.dnd5eapi.co:443
2026-09-12 15:13:32,758 - urllib3.connectionpool - DEBUG - https://www.dnd5eapi.co:443 "GET /api/2014/spells/clairvoyance HTTP/1.1" 200 1557
2026-09-12 15:13:32,759 - src.core.cache - DEBUG - Cached value for key: dnd_item_spells_clairvoyance
2026-09-12 15:13:32,766 - src.core.cache - DEBUG - Cache miss for key: dnd_item_spells_clone
2026-09-12 15:13:32,766 - src.core.resources - DEBUG - Prefetching item details: spells/clone
2026-09-12 15:13:32,767 - urllib3.connectionpool - DEBUG - Starting new HTTPS connection (1): www.dnd5eapi.co:443
2026-09-12 15:13:33,077 - urllib3.connectionpool - DEBUG - https://www.dnd5eapi.co:443 "GET /api/equipment/caltrops HTTP/1.1" 301 62
2026-09-12 15:13:33,086 - urllib3.connectionpool - DEBUG - https://www.dnd5eapi.co:443 "GET /api/monsters/behir HTTP/1.1" 301 58
2026-09-12 15:13:33,095 - urllib3.connectionpool - DEBUG - https://www.dnd5eapi.co:443 "GET /api/spells/clone HTTP/1.1" 301 56
2026-09-12 15:13:33,185 - urllib3.connectionpool - DEBUG - https://www.dnd5eapi.co:443 "GET /api/2014/equipment/caltrops HTTP/1.1" 200 896
2026-09-12 15:13:33,186 - src.core.cache - DEBUG - Cached value for key: dnd_item_equipment_caltrops
2026-09-12 15:13:33,192 - src.core.cache - DEBUG - Cache miss for key: dnd_item_equipment_camel
2026-09-12 15:13:33,192 - src.core.resources - DEBUG - Prefetching item details: equipment/camel
2026-09-12 15:13:33,193 - urllib3.connectionpool - DEBUG - Starting new HTTPS connection (1): www.dnd5eapi.co:443
2026-09-12 15:13:33,194 - urllib3.connectionpool - DEBUG - https://www.dnd5eapi.co:443 "GET /api/2014/monsters/behir HTTP/1.1" 200 3777
2026-09-12 15:13:33,195 - src.core.cache - DEBUG - Cached value for key: dnd_item_monsters_behir
2026-09-12 15:13:33,202 - urllib3.connectionpool - DEBUG - https://www.dnd5eapi.co:443 "GET /api/2014/spells/clone HTTP/1.1" 200 1626
2026-09-12 15:13:33,203 - src.core.cache - DEBUG - Cached value for key: dnd_item_spells_clone
2026-09-12 15:13:33,204 - src.core.cache - DEBUG - Cache miss for key: dnd_item_monsters_berserker
2026-09-12 15:13:33,204 - src.core.resources - DEBUG - Prefetching item details: monsters/berserker
2026-09-12 15:13:33,205 - urllib3.connectionpool - DEBUG - Starting new HTTPS connection (1): www.dnd5eapi.co:443
2026-09-12 15:13:33,211 - src.core.cache - DEBUG - Cache miss for key: dnd_item_spells_cloudkill
2026-09-12 15:13:33,211 - src.core.resources - DEBUG - Prefetching item details: spells/cloudkill
2026-09-12 15:13:33,212 - urllib3.connectionpool - DEBUG - Starting new HTTPS connection (1): www.dnd5eapi.co:443
2026-09-12 15:13:33,522 - urllib3.connectionpool - DEBUG - https://www.dnd5eapi.co:443 "GET /api/equipment/camel HTTP/1.1" 301 59
2026-09-12 15:13:33,537 - urllib3.connectionpool - DEBUG - https://www.dnd5eapi.co:443 "GET /api/monsters/berserker HTTP/1.1" 301 62
2026-09-12 15:13:33,540 - urllib3.connectionpool - DEBUG - https://www.dnd5eapi.co:443 "GET /api/spells/cloudkill HTTP/1.1" 301 60
2026-09-12 15:13:33,631 - urllib3.connectionpool - DEBUG - https://www.dnd5eapi.co:443 "GET /api/2014/equipment/camel HTTP/1.1" 200 444
2026-09-12 15:13:33,632 - src.core.cache - DEBUG - Cached value for key: dnd_item_equipment_camel
2026-09-12 15:13:33,637 - src.core.cache - DEBUG - Cache miss for key: dnd_item_equipment_candle
2026-09-12 15:13:33,638 - src.core.resources - DEBUG - Prefetching item details: equipment/candle
2026-09-12 15:13:33,639 - urllib3.connectionpool - DEBUG - Starting new HTTPS connection (1): www.dnd5eapi.co:443
2026-09-12 15:13:33,647 - urllib3.connectionpool - DEBUG - https://www.dnd5eapi.co:443 "GET /api/2014/monsters/berserker HTTP/1.1" 200 1410
2026-09-12 15:13:33,648 - src.core.cache - DEBUG - Cached value for key: dnd_item_monsters_berserker
2026-09-12 15:13:33,648 - urllib3.connectionpool - DEBUG - https://www.dnd5eapi.co:443 "GET /api/2014/spells/cloudkill HTTP/1.1" 200 1961
2026-09-12 15:13:33,649 - src.core.cache - DEBUG - Cached value for key: dnd_item_spells_cloudkill
2026-09-12 15:13:33,656 - src.core.cache - DEBUG - Cache miss for key: dnd_item_monsters_black-bear
2026-09-12 15:13:33,656 - src.core.resources - DEBUG - Prefetching item details: monsters/black-bear
2026-09-12 15:13:33,656 - src.core.cache - DEBUG - Cache miss for key: dnd_item_spells_color-spray
2026-09-12 15:13:33,657 - src.core.resources - DEBUG - Prefetching item details: spells/color-spray
2026-09-12 15:13:33,657 - urllib3.connectionpool - DEBUG - Starting new HTTPS connection (1): www.dnd5eapi.co:443
2026-09-12 15:13:33,658 - urllib3.connectionpool - DEBUG - Starting new HTTPS connection (1): www.dnd5eapi.co:443
2026-09-12 15:13:33,967 - urllib3.connectionpool - DEBUG - https://www.dnd5eapi.co:443 "GET /api/equipment/candle HTTP/1.1" 301 60
2026-09-12 15:13:33,999 - urllib3.connectionpool - DEBUG - https://www.dnd5eapi.co:443 "GET /api/monsters/black-bear HTTP/1.1" 301 63
2026-09-12 15:13:34,000 - urllib3.connectionpool - DEBUG - https://www.dnd5eapi.co:443 "GET /api/spells/color-spray HTTP/1.1" 301 62
2026-09-12 15:13:34,076 - urllib3.connectionpool - DEBUG - https://www.dnd5eapi.co:443 "GET /api/2014/equipment/candle HTTP/1.1" 200 557
2026-09-12 15:13:34,078 - src.core.cache - DEBUG - Cached value for key: dnd_item_equipment_candle
2026-09-12 15:13:34,086 - src.core.cache - DEBUG - Cache miss for key: dnd_item_equipment_carpenters-tools
2026-09-12 15:13:34,086 - src.core.resources - DEBUG - Prefetching item details: equipment/carpenters-tools
2026-09-12 15:13:34,087 - urllib3.connectionpool - DEBUG - Starting new HTTPS connection (1): www.dnd5eapi.co:443
2026-09-12 15:13:34,109 - urllib3.connectionpool - DEBUG - https://www.dnd5eapi.co:443 "GET /api/2014/monsters/black-bear HTTP/1.1" 200 1686
2026-09-12 15:13:34,110 - urllib3.connectionpool - DEBUG - https://www.dnd5eapi.co:443 "GET /api/2014/spells/color-spray HTTP/1.1" 200 1538
2026-09-12 15:13:34,112 - src.core.cache - DEBUG - Cached value for key: dnd_item_monsters_black-bear
2026-09-12 15:13:34,113 - src.core.cache - DEBUG - Cached value for key: dnd_item_spells_color-spray
2026-09-12 15:13:34,120 - src.core.cache - DEBUG - Cache miss for key: dnd_item_spells_command
2026-09-12 15:13:34,120 - src.core.cache - DEBUG - Cache miss for key: dnd_item_monsters_black-dragon-wyrmling
2026-09-12 15:13:34,120 - src.core.resources - DEBUG - Prefetching item details: spells/command
2026-09-12 15:13:34,120 - src.core.resources - DEBUG - Prefetching item details: monsters/black-dragon-wyrmling
2026-09-12 15:13:34,122 - urllib3.connectionpool - DEBUG - Starting new HTTPS connection (1): www.dnd5eapi.co:443
2026-09-12 15:13:34,122 - urllib3.connectionpool - DEBUG - Starting new HTTPS connection (1): www.dnd5eapi.co:443
2026-09-12 15:13:34,417 - urllib3.connectionpool - DEBUG - https://www.dnd5eapi.co:443 "GET /api/equipment/carpenters-tools HTTP/1.1" 301 70
2026-09-12 15:13:34,455 - urllib3.connectionpool - DEBUG - https://www.dnd5eapi.co:443 "GET /api/spells/command HTTP/1.1" 301 58
2026-09-12 15:13:34,471 - urllib3.connectionpool - DEBUG - https://www.dnd5eapi.co:443 "GET /api/monsters/black-dragon-wyrmling HTTP/1.1" 301 74
2026-09-12 15:13:34,525 - urllib3.connectionpool - DEBUG - https://www.dnd5eapi.co:443 "GET /api/2014/equipment/carpenters-tools HTTP/1.1" 200 755
2026-09-12 15:13:34,526 - src.core.cache - DEBUG - Cached value for key: dnd_item_equipment_carpenters-tools
2026-09-12 15:13:34,533 - src.core.cache - DEBUG - Cache miss for key: dnd_item_equipment_carriage
2026-09-12 15:13:34,533 - src.core.resources - DEBUG - Prefetching item details: equipment/carriage
2026-09-12 15:13:34,534 - urllib3.connectionpool - DEBUG - Starting new HTTPS connection (1): www.dnd5eapi.co:443
2026-09-12 15:13:34,561 - urllib3.connectionpool - DEBUG - https://www.dnd5eapi.co:443 "GET /api/2014/spells/command HTTP/1.1" 200 2080
2026-09-12 15:13:34,563 - src.core.cache - DEBUG - Cached value for key: dnd_item_spells_command
2026-09-12 15:13:34,569 - src.core.cache - DEBUG - Cache miss for key: dnd_item_spells_commune
2026-09-12 15:13:34,569 - src.core.resources - DEBUG - Prefetching item details: spells/commune
2026-09-12 15:13:34,570 - urllib3.connectionpool - DEBUG - Starting new HTTPS connection (1): www.dnd5eapi.co:443
2026-09-12 15:13:34,592 - urllib3.connectionpool - DEBUG - https://www.dnd5eapi.co:443 "GET /api/2014/monsters/black-dragon-wyrmling HTTP/1.1" 200 2709
2026-09-12 15:13:34,593 - src.core.cache - DEBUG - Cached value for key: dnd_item_monsters_black-dragon-wyrmling
2026-09-12 15:13:34,600 - src.core.cache - DEBUG - Cache miss for key: dnd_item_monsters_black-pudding
2026-09-12 15:13:34,600 - src.core.resources - DEBUG - Prefetching item details: monsters/black-pudding
2026-09-12 15:13:34,601 - urllib3.connectionpool - DEBUG - Starting new HTTPS connection (1): www.dnd5eapi.co:443
2026-09-12 15:13:34,861 - urllib3.connectionpool - DEBUG - https://www.dnd5eapi.co:443 "GET /api/equipment/carriage HTTP/1.1" 301 62
2026-09-12 15:13:34,912 - urllib3.connectionpool - DEBUG - https://www.dnd5eapi.co:443 "GET /api/spells/commune HTTP/1.1" 301 58
2026-09-12 15:13:34,932 - urllib3.connectionpool - DEBUG - https://www.dnd5eapi.co:443 "GET /api/monsters/black-pudding HTTP/1.1" 301 66
2026-09-12 15:13:34,973 - urllib3.connectionpool - DEBUG - https://www.dnd5eapi.co:443 "GET /api/2014/equipment/carriage HTTP/1.1" 200 413
2026-09-12 15:13:34,974 - src.core.cache - DEBUG - Cached value for key: dnd_item_equipment_carriage
2026-09-12 15:13:34,980 - src.core.cache - DEBUG - Cache miss for key: dnd_item_equipment_cart
2026-09-12 15:13:34,980 - src.core.resources - DEBUG - Prefetching item details: equipment/cart
2026-09-12 15:13:34,980 - urllib3.connectionpool - DEBUG - Starting new HTTPS connection (1): www.dnd5eapi.co:443
2026-09-12 15:13:35,019 - urllib3.connectionpool - DEBUG - https://www.dnd5eapi.co:443 "GET /api/2014/spells/commune HTTP/1.1" 200 1337
2026-09-12 15:13:35,020 - src.core.cache - DEBUG - Cached value for key: dnd_item_spells_commune
2026-09-12 15:13:35,027 - src.core.cache - DEBUG - Cache miss for key: dnd_item_spells_commune-with-nature
2026-09-12 15:13:35,027 - src.core.resources - DEBUG - Prefetching item details: spells/commune-with-nature
2026-09-12 15:13:35,028 - urllib3.connectionpool - DEBUG - Starting new HTTPS connection (1): www.dnd5eapi.co:443
2026-09-12 15:13:35,040 - urllib3.connectionpool - DEBUG - https://www.dnd5eapi.co:443 "GET /api/2014/monsters/black-pudding HTTP/1.1" 200 3136
2026-09-12 15:13:35,042 - src.core.cache - DEBUG - Cached value for key: dnd_item_monsters_black-pudding
2026-09-12 15:13:35,048 - src.core.cache - DEBUG - Cache miss for key: dnd_item_monsters_blink-dog
2026-09-12 15:13:35,048 - src.core.resources - DEBUG - Prefetching item details: monsters/blink-dog
2026-09-12 15:13:35,048 - urllib3.connectionpool - DEBUG - Starting new HTTPS connection (1): www.dnd5eapi.co:443
2026-09-12 15:13:35,309 - urllib3.connectionpool - DEBUG - https://www.dnd5eapi.co:443 "GET /api/equipment/cart HTTP/1.1" 301 58
2026-09-12 15:13:35,356 - urllib3.connectionpool - DEBUG - https://www.dnd5eapi.co:443 "GET /api/spells/commune-with-nature HTTP/1.1" 301 70
2026-09-12 15:13:35,376 - urllib3.connectionpool - DEBUG - https://www.dnd5eapi.co:443 "GET /api/monsters/blink-dog HTTP/1.1" 301 62
2026-09-12 15:13:35,416 - urllib3.connectionpool - DEBUG - https://www.dnd5eapi.co:443 "GET /api/2014/equipment/cart HTTP/1.1" 200 400
2026-09-12 15:13:35,417 - src.core.cache - DEBUG - Cached value for key: dnd_item_equipment_cart
2026-09-12 15:13:35,424 - src.core.cache - DEBUG - Cache miss for key: dnd_item_equipment_cartographers-tools
2026-09-12 15:13:35,424 - src.core.resources - DEBUG - Prefetching item details: equipment/cartographers-tools
2026-09-12 15:13:35,424 - urllib3.connectionpool - DEBUG - Starting new HTTPS connection (1): www.dnd5eapi.co:443
2026-09-12 15:13:35,462 - urllib3.connectionpool - DEBUG - https://www.dnd5eapi.co:443 "GET /api/2014/spells/commune-with-nature HTTP/1.1" 200 1493
2026-09-12 15:13:35,464 - src.core.cache - DEBUG - Cached value for key: dnd_item_spells_commune-with-nature
2026-09-12 15:13:35,470 - src.core.cache - DEBUG - Cache miss for key: dnd_item_spells_comprehend-languages
2026-09-12 15:13:35,470 - src.core.resources - DEBUG - Prefetching item details: spells/comprehend-languages
2026-09-12 15:13:35,471 - urllib3.connectionpool - DEBUG - Starting new HTTPS connection (1): www.dnd5eapi.co:443
2026-09-12 15:13:35,485 - urllib3.connectionpool - DEBUG - https://www.dnd5eapi.co:443 "GET /api/2014/monsters/blink-dog HTTP/1.1" 200 1905
2026-09-12 15:13:35,486 - src.core.cache - DEBUG - Cached value for key: dnd_item_monsters_blink-dog
2026-09-12 15:13:35,492 - src.core.cache - DEBUG - Cache miss for key: dnd_item_monsters_blood-hawk
2026-09-12 15:13:35,492 - src.core.resources - DEBUG - Prefetching item details: monsters/blood-hawk
2026-09-12 15:13:35,492 - urllib3.connectionpool - DEBUG - Starting new HTTPS connection (1): www.dnd5eapi.co:443
2026-09-12 15:13:35,751 - urllib3.connectionpool - DEBUG - https://www.dnd5eapi.co:443 "GET /api/equipment/cartographers-tools HTTP/1.1" 301 73
2026-09-12 15:13:35,807 - urllib3.connectionpool - DEBUG - https://www.dnd5eapi.co:443 "GET /api/spells/comprehend-languages HTTP/1.1" 301 71
2026-09-12 15:13:35,835 - urllib3.connectionpool - DEBUG - https://www.dnd5eapi.co:443 "GET /api/monsters/blood-hawk HTTP/1.1" 301 63
2026-09-12 15:13:35,858 - urllib3.connectionpool - DEBUG - https://www.dnd5eapi.co:443 "GET /api/2014/equipment/cartographers-tools HTTP/1.1" 200 765
2026-09-12 15:13:35,859 - src.core.cache - DEBUG - Cached value for key: dnd_item_equipment_cartographers-tools
2026-09-12 15:13:35,865 - src.core.cache - DEBUG - Cache miss for key: dnd_item_equipment_case-crossbow-bolt
2026-09-12 15:13:35,865 - src.core.resources - DEBUG - Prefetching item details: equipment/case-crossbow-bolt
2026-09-12 15:13:35,866 - urllib3.connectionpool - DEBUG - Starting new HTTPS connection (1): www.dnd5eapi.co:443
2026-09-12 15:13:35,913 - urllib3.connectionpool - DEBUG - https://www.dnd5eapi.co:443 "GET /api/2014/spells/comprehend-languages HTTP/1.1" 200 1207
2026-09-12 15:13:35,914 - src.core.cache - DEBUG - Cached value for key: dnd_item_spells_comprehend-languages
2026-09-12 15:13:35,921 - src.core.cache - DEBUG - Cache miss for key: dnd_item_spells_compulsion
2026-09-12 15:13:35,921 - src.core.resources - DEBUG - Prefetching item details: spells/compulsion
2026-09-12 15:13:35,921 - urllib3.connectionpool - DEBUG - Starting new HTTPS connection (1): www.dnd5eapi.co:443
2026-09-12 15:13:35,943 - urllib3.connectionpool - DEBUG - https://www.dnd5eapi.co:443 "GET /api/2014/monsters/blood-hawk HTTP/1.1" 200 1732
2026-09-12 15:13:35,944 - src.core.cache - DEBUG - Cached value for key: dnd_item_monsters_blood-hawk
2026-09-12 15:13:35,952 - src.core.cache - DEBUG - Cache miss for key: dnd_item_monsters_blue-dragon-wyrmling
2026-09-12 15:13:35,952 - src.core.resources - DEBUG - Prefetching item details: monsters/blue-dragon-wyrmling
2026-09-12 15:13:35,953 - urllib3.connectionpool - DEBUG - Starting new HTTPS connection (1): www.dnd5eapi.co:443
2026-09-12 15:13:36,197 - urllib3.connectionpool - DEBUG - https://www.dnd5eapi.co:443 "GET /api/equipment/case-crossbow-bolt HTTP/1.1" 301 72
2026-09-12 15:13:36,253 - urllib3.connectionpool - DEBUG - https://www.dnd5eapi.co:443 "GET /api/spells/compulsion HTTP/1.1" 301 61
2026-09-12 15:13:36,285 - urllib3.connectionpool - DEBUG - https://www.dnd5eapi.co:443 "GET /api/monsters/blue-dragon-wyrmling HTTP/1.1" 301 73
2026-09-12 15:13:36,307 - urllib3.connectionpool - DEBUG - https://www.dnd5eapi.co:443 "GET /api/2014/equipment/case-crossbow-bolt HTTP/1.1" 200 550
2026-09-12 15:13:36,308 - src.core.cache - DEBUG - Cached value for key: dnd_item_equipment_case-crossbow-bolt
2026-09-12 15:13:36,315 - src.core.cache - DEBUG - Cache miss for key: dnd_item_equipment_case-map-or-scroll
2026-09-12 15:13:36,315 - src.core.resources - DEBUG - Prefetching item details: equipment/case-map-or-scroll
2026-09-12 15:13:36,316 - urllib3.connectionpool - DEBUG - Starting new HTTPS connection (1): www.dnd5eapi.co:443
2026-09-12 15:13:36,360 - urllib3.connectionpool - DEBUG - https://www.dnd5eapi.co:443 "GET /api/2014/spells/compulsion HTTP/1.1" 200 1347
2026-09-12 15:13:36,361 - src.core.cache - DEBUG - Cached value for key: dnd_item_spells_compulsion
2026-09-12 15:13:36,371 - src.core.cache - DEBUG - Cache miss for key: dnd_item_spells_cone-of-cold
2026-09-12 15:13:36,371 - src.core.resources - DEBUG - Prefetching item details: spells/cone-of-cold
2026-09-12 15:13:36,371 - urllib3.connectionpool - DEBUG - Starting new HTTPS connection (1): www.dnd5eapi.co:443
2026-09-12 15:13:36,395 - urllib3.connectionpool - DEBUG - https://www.dnd5eapi.co:443 "GET /api/2014/monsters/blue-dragon-wyrmling HTTP/1.1" 200 2684
2026-09-12 15:13:36,397 - src.core.cache - DEBUG - Cached value for key: dnd_item_monsters_blue-dragon-wyrmling
2026-09-12 15:13:36,404 - src.core.cache - DEBUG - Cache miss for key: dnd_item_monsters_boar
2026-09-12 15:13:36,404 - src.core.resources - DEBUG - Prefetching item details: monsters/boar
2026-09-12 15:13:36,405 - urllib3.connectionpool - DEBUG - Starting new HTTPS connection (1): www.dnd5eapi.co:443
2026-09-12 15:13:36,647 - urllib3.connectionpool - DEBUG - https://www.dnd5eapi.co:443 "GET /api/equipment/case-map-or-scroll HTTP/1.1" 301 72
2026-09-12 15:13:36,697 - urllib3.connectionpool - DEBUG - https://www.dnd5eapi.co:443 "GET /api/spells/cone-of-cold HTTP/1.1" 301 63
2026-09-12 15:13:36,735 - urllib3.connectionpool - DEBUG - https://www.dnd5eapi.co:443 "GET /api/monsters/boar HTTP/1.1" 301 57
2026-09-12 15:13:36,755 - urllib3.connectionpool - DEBUG - https://www.dnd5eapi.co:443 "GET /api/2014/equipment/case-map-or-scroll HTTP/1.1" 200 609
2026-09-12 15:13:36,756 - src.core.cache - DEBUG - Cached value for key: dnd_item_equipment_case-map-or-scroll
2026-09-12 15:13:36,763 - src.core.cache - DEBUG - Cache miss for key: dnd_item_equipment_censer
2026-09-12 15:13:36,764 - src.core.resources - DEBUG - Prefetching item details: equipment/censer
2026-09-12 15:13:36,764 - urllib3.connectionpool - DEBUG - Starting new HTTPS connection (1): www.dnd5eapi.co:443
2026-09-12 15:13:36,804 - urllib3.connectionpool - DEBUG - https://www.dnd5eapi.co:443 "GET /api/2014/spells/cone-of-cold HTTP/1.1" 200 1474
2026-09-12 15:13:36,805 - src.core.cache - DEBUG - Cached value for key: dnd_item_spells_cone-of-cold
2026-09-12 15:13:36,812 - src.core.cache - DEBUG - Cache miss for key: dnd_item_spells_confusion
2026-09-12 15:13:36,812 - src.core.resources - DEBUG - Prefetching item details: spells/confusion
2026-09-12 15:13:36,812 - urllib3.connectionpool - DEBUG - Starting new HTTPS connection (1): www.dnd5eapi.co:443
2026-09-12 15:13:36,843 - urllib3.connectionpool - DEBUG - https://www.dnd5eapi.co:443 "GET /api/2014/monsters/boar HTTP/1.1" 200 1635
2026-09-12 15:13:36,845 - src.core.cache - DEBUG - Cached value for key: dnd_item_monsters_boar
2026-09-12 15:13:36,851 - src.core.cache - DEBUG - Cache miss for key: dnd_item_monsters_bone-devil
2026-09-12 15:13:36,852 - src.core.resources - DEBUG - Prefetching item details: monsters/bone-devil
2026-09-12 15:13:36,852 - urllib3.connectionpool - DEBUG - Starting new HTTPS connection (1): www.dnd5eapi.co:443
2026-09-12 15:13:37,115 - urllib3.connectionpool - DEBUG - https://www.dnd5eapi.co:443 "GET /api/equipment/censer HTTP/1.1" 301 60
2026-09-12 15:13:37,161 - urllib3.connectionpool - DEBUG - https://www.dnd5eapi.co:443 "GET /api/spells/confusion HTTP/1.1" 301 60
2026-09-12 15:13:37,182 - urllib3.connectionpool - DEBUG - https://www.dnd5eapi.co:443 "GET /api/monsters/bone-devil HTTP/1.1" 301 63
2026-09-12 15:13:37,223 - urllib3.connectionpool - DEBUG - https://www.dnd5eapi.co:443 "GET /api/2014/equipment/censer HTTP/1.1" 200 504
2026-09-12 15:13:37,225 - src.core.cache - DEBUG - Cached value for key: dnd_item_equipment_censer
2026-09-12 15:13:37,231 - src.core.cache - DEBUG - Cache miss for key: dnd_item_equipment_chain-10-feet
2026-09-12 15:13:37,232 - src.core.resources - DEBUG - Prefetching item details: equipment/chain-10-feet
2026-09-12 15:13:37,232 - urllib3.connectionpool - DEBUG - Starting new HTTPS connection (1): www.dnd5eapi.co:443
2026-09-12 15:13:37,270 - urllib3.connectionpool - DEBUG - https://www.dnd5eapi.co:443 "GET /api/2014/spells/confusion HTTP/1.1" 200 2110
2026-09-12 15:13:37,271 - src.core.cache - DEBUG - Cached value for key: dnd_item_spells_confusion
2026-09-12 15:13:37,278 - src.core.cache - DEBUG - Cache miss for key: dnd_item_spells_conjure-animals
2026-09-12 15:13:37,278 - src.core.resources - DEBUG - Prefetching item details: spells/conjure-animals
2026-09-12 15:13:37,279 - urllib3.connectionpool - DEBUG - Starting new HTTPS connection (1): www.dnd5eapi.co:443
2026-09-12 15:13:37,291 - urllib3.connectionpool - DEBUG - https://www.dnd5eapi.co:443 "GET /api/2014/monsters/bone-devil HTTP/1.1" 200 3056
2026-09-12 15:13:37,292 - src.core.cache - DEBUG - Cached value for key: dnd_item_monsters_bone-devil
2026-09-12 15:13:37,299 - src.core.cache - DEBUG - Cache miss for key: dnd_item_monsters_brass-dragon-wyrmling
2026-09-12 15:13:37,299 - src.core.resources - DEBUG - Prefetching item details: monsters/brass-dragon-wyrmling
2026-09-12 15:13:37,299 - urllib3.connectionpool - DEBUG - Starting new HTTPS connection (1): www.dnd5eapi.co:443
2026-09-12 15:13:37,592 - urllib3.connectionpool - DEBUG - https://www.dnd5eapi.co:443 "GET /api/equipment/chain-10-feet HTTP/1.1" 301 67
2026-09-12 15:13:37,608 - urllib3.connectionpool - DEBUG - https://www.dnd5eapi.co:443 "GET /api/spells/conjure-animals HTTP/1.1" 301 66
2026-09-12 15:13:37,641 - urllib3.connectionpool - DEBUG - https://www.dnd5eapi.co:443 "GET /api/monsters/brass-dragon-wyrmling HTTP/1.1" 301 74
2026-09-12 15:13:37,701 - urllib3.connectionpool - DEBUG - https://www.dnd5eapi.co:443 "GET /api/2014/equipment/chain-10-feet HTTP/1.1" 200 565
2026-09-12 15:13:37,702 - src.core.cache - DEBUG - Cached value for key: dnd_item_equipment_chain-10-feet
2026-09-12 15:13:37,708 - src.core.cache - DEBUG - Cache miss for key: dnd_item_equipment_chain-mail
2026-09-12 15:13:37,709 - src.core.resources - DEBUG - Prefetching item details: equipment/chain-mail
2026-09-12 15:13:37,709 - urllib3.connectionpool - DEBUG - Starting new HTTPS connection (1): www.dnd5eapi.co:443
2026-09-12 15:13:37,717 - urllib3.connectionpool - DEBUG - https://www.dnd5eapi.co:443 "GET /api/2014/spells/conjure-animals HTTP/1.1" 200 1696
2026-09-12 15:13:37,718 - src.core.cache - DEBUG - Cached value for key: dnd_item_spells_conjure-animals
2026-09-12 15:13:37,724 - src.core.cache - DEBUG - Cache miss for key: dnd_item_spells_conjure-celestial
2026-09-12 15:13:37,725 - src.core.resources - DEBUG - Prefetching item details: spells/conjure-celestial
2026-09-12 15:13:37,725 - urllib3.connectionpool - DEBUG - Starting new HTTPS connection (1): www.dnd5eapi.co:443
2026-09-12 15:13:37,749 - urllib3.connectionpool - DEBUG - https://www.dnd5eapi.co:443 "GET /api/2014/monsters/brass-dragon-wyrmling HTTP/1.1" 200 3165
2026-09-12 15:13:37,750 - src.core.cache - DEBUG - Cached value for key: dnd_item_monsters_brass-dragon-wyrmling
2026-09-12 15:13:37,758 - src.core.cache - DEBUG - Cache miss for key: dnd_item_monsters_bronze-dragon-wyrmling
2026-09-12 15:13:37,758 - src.core.resources - DEBUG - Prefetching item details: monsters/bronze-dragon-wyrmling
2026-09-12 15:13:37,759 - urllib3.connectionpool - DEBUG - Starting new HTTPS connection (1): www.dnd5eapi.co:443
2026-09-12 15:13:38,043 - urllib3.connectionpool - DEBUG - https://www.dnd5eapi.co:443 "GET /api/equipment/chain-mail HTTP/1.1" 301 64
2026-09-12 15:13:38,055 - urllib3.connectionpool - DEBUG - https://www.dnd5eapi.co:443 "GET /api/spells/conjure-celestial HTTP/1.1" 301 68
2026-09-12 15:13:38,088 - urllib3.connectionpool - DEBUG - https://www.dnd5eapi.co:443 "GET /api/monsters/bronze-dragon-wyrmling HTTP/1.1" 301 75
2026-09-12 15:13:38,154 - urllib3.connectionpool - DEBUG - https://www.dnd5eapi.co:443 "GET /api/2014/equipment/chain-mail HTTP/1.1" 200 434
2026-09-12 15:13:38,155 - src.core.cache - DEBUG - Cached value for key: dnd_item_equipment_chain-mail
2026-09-12 15:13:38,163 - src.core.cache - DEBUG - Cache miss for key: dnd_item_equipment_chain-shirt
2026-09-12 15:13:38,163 - src.core.resources - DEBUG - Prefetching item details: equipment/chain-shirt
2026-09-12 15:13:38,164 - urllib3.connectionpool - DEBUG - https://www.dnd5eapi.co:443 "GET /api/2014/spells/conjure-celestial HTTP/1.1" 200 1235
2026-09-12 15:13:38,164 - urllib3.connectionpool - DEBUG - Starting new HTTPS connection (1): www.dnd5eapi.co:443
2026-09-12 15:13:38,165 - src.core.cache - DEBUG - Cached value for key: dnd_item_spells_conjure-celestial
2026-09-12 15:13:38,174 - src.core.cache - DEBUG - Cache miss for key: dnd_item_spells_conjure-elemental
2026-09-12 15:13:38,174 - src.core.resources - DEBUG - Prefetching item details: spells/conjure-elemental
2026-09-12 15:13:38,175 - urllib3.connectionpool - DEBUG - Starting new HTTPS connection (1): www.dnd5eapi.co:443
2026-09-12 15:13:38,203 - urllib3.connectionpool - DEBUG - https://www.dnd5eapi.co:443 "GET /api/2014/monsters/bronze-dragon-wyrmling HTTP/1.1" 200 3238
2026-09-12 15:13:38,204 - src.core.cache - DEBUG - Cached value for key: dnd_item_monsters_bronze-dragon-wyrmling
2026-09-12 15:13:38,212 - src.core.cache - DEBUG - Cache miss for key: dnd_item_monsters_brown-bear
2026-09-12 15:13:38,213 - src.core.resources - DEBUG - Prefetching item details: monsters/brown-bear
2026-09-12 15:13:38,213 - urllib3.connectionpool - DEBUG - Starting new HTTPS connection (1): www.dnd5eapi.co:443
2026-09-12 15:13:38,495 - urllib3.connectionpool - DEBUG - https://www.dnd5eapi.co:443 "GET /api/equipment/chain-shirt HTTP/1.1" 301 65
2026-09-12 15:13:38,507 - urllib3.connectionpool - DEBUG - https://www.dnd5eapi.co:443 "GET /api/spells/conjure-elemental HTTP/1.1" 301 68
2026-09-12 15:13:38,541 - urllib3.connectionpool - DEBUG - https://www.dnd5eapi.co:443 "GET /api/monsters/brown-bear HTTP/1.1" 301 63
2026-09-12 15:13:38,602 - urllib3.connectionpool - DEBUG - https://www.dnd5eapi.co:443 "GET /api/2014/equipment/chain-shirt HTTP/1.1" 200 451
2026-09-12 15:13:38,604 - src.core.cache - DEBUG - Cached value for key: dnd_item_equipment_chain-shirt
2026-09-12 15:13:38,612 - src.core.cache - DEBUG - Cache miss for key: dnd_item_equipment_chalk-1-piece
2026-09-12 15:13:38,613 - src.core.resources - DEBUG - Prefetching item details: equipment/chalk-1-piece
2026-09-12 15:13:38,613 - urllib3.connectionpool - DEBUG - https://www.dnd5eapi.co:443 "GET /api/2014/spells/conjure-elemental HTTP/1.1" 200 2029
2026-09-12 15:13:38,615 - src.core.cache - DEBUG - Cached value for key: dnd_item_spells_conjure-elemental
2026-09-12 15:13:38,615 - urllib3.connectionpool - DEBUG - Starting new HTTPS connection (1): www.dnd5eapi.co:443
2026-09-12 15:13:38,625 - src.core.cache - DEBUG - Cache miss for key: dnd_item_spells_conjure-fey
2026-09-12 15:13:38,625 - src.core.resources - DEBUG - Prefetching item details: spells/conjure-fey
2026-09-12 15:13:38,626 - urllib3.connectionpool - DEBUG - Starting new HTTPS connection (1): www.dnd5eapi.co:443
2026-09-12 15:13:38,651 - urllib3.connectionpool - DEBUG - https://www.dnd5eapi.co:443 "GET /api/2014/monsters/brown-bear HTTP/1.1" 200 1819
2026-09-12 15:13:38,653 - src.core.cache - DEBUG - Cached value for key: dnd_item_monsters_brown-bear
2026-09-12 15:13:38,660 - src.core.cache - DEBUG - Cache miss for key: dnd_item_monsters_bugbear
2026-09-12 15:13:38,660 - src.core.resources - DEBUG - Prefetching item details: monsters/bugbear
2026-09-12 15:13:38,661 - urllib3.connectionpool - DEBUG - Starting new HTTPS connection (1): www.dnd5eapi.co:443
2026-09-12 15:13:38,945 - urllib3.connectionpool - DEBUG - https://www.dnd5eapi.co:443 "GET /api/equipment/chalk-1-piece HTTP/1.1" 301 67
2026-09-12 15:13:38,952 - urllib3.connectionpool - DEBUG - https://www.dnd5eapi.co:443 "GET /api/spells/conjure-fey HTTP/1.1" 301 62
2026-09-12 15:13:38,989 - urllib3.connectionpool - DEBUG - https://www.dnd5eapi.co:443 "GET /api/monsters/bugbear HTTP/1.1" 301 60
2026-09-12 15:13:39,052 - urllib3.connectionpool - DEBUG - https://www.dnd5eapi.co:443 "GET /api/2014/equipment/chalk-1-piece HTTP/1.1" 200 480
2026-09-12 15:13:39,054 - src.core.cache - DEBUG - Cached value for key: dnd_item_equipment_chalk-1-piece
2026-09-12 15:13:39,058 - urllib3.connectionpool - DEBUG - https://www.dnd5eapi.co:443 "GET /api/2014/spells/conjure-fey HTTP/1.1" 200 1694
2026-09-12 15:13:39,059 - src.core.cache - DEBUG - Cached value for key: dnd_item_spells_conjure-fey
2026-09-12 15:13:39,062 - src.core.cache - DEBUG - Cache miss for key: dnd_item_spells_conjure-minor-elementals
2026-09-12 15:13:39,062 - src.core.resources - DEBUG - Prefetching item details: spells/conjure-minor-elementals
2026-09-12 15:13:39,062 - src.core.cache - DEBUG - Cache miss for key: dnd_item_equipment_chariot
2026-09-12 15:13:39,062 - src.core.resources - DEBUG - Prefetching item details: equipment/chariot
2026-09-12 15:13:39,063 - urllib3.connectionpool - DEBUG - Starting new HTTPS connection (1): www.dnd5eapi.co:443
2026-09-12 15:13:39,064 - urllib3.connectionpool - DEBUG - Starting new HTTPS connection (1): www.dnd5eapi.co:443
2026-09-12 15:13:39,097 - urllib3.connectionpool - DEBUG - https://www.dnd5eapi.co:443 "GET /api/2014/monsters/bugbear HTTP/1.1" 200 2188
2026-09-12 15:13:39,098 - src.core.cache - DEBUG - Cached value for key: dnd_item_monsters_bugbear
2026-09-12 15:13:39,106 - src.core.cache - DEBUG - Cache miss for key: dnd_item_monsters_bulette
2026-09-12 15:13:39,106 - src.core.resources - DEBUG - Prefetching item details: monsters/bulette
2026-09-12 15:13:39,107 - urllib3.connectionpool - DEBUG - Starting new HTTPS connection (1): www.dnd5eapi.co:443
2026-09-12 15:13:39,397 - urllib3.connectionpool - DEBUG - https://www.dnd5eapi.co:443 "GET /api/equipment/chariot HTTP/1.1" 301 61
2026-09-12 15:13:39,398 - urllib3.connectionpool - DEBUG - https://www.dnd5eapi.co:443 "GET /api/spells/conjure-minor-elementals HTTP/1.1" 301 75
2026-09-12 15:13:39,434 - urllib3.connectionpool - DEBUG - https://www.dnd5eapi.co:443 "GET /api/monsters/bulette HTTP/1.1" 301 60
2026-09-12 15:13:39,503 - urllib3.connectionpool - DEBUG - https://www.dnd5eapi.co:443 "GET /api/2014/equipment/chariot HTTP/1.1" 200 410
2026-09-12 15:13:39,504 - src.core.cache - DEBUG - Cached value for key: dnd_item_equipment_chariot
2026-09-12 15:13:39,506 - urllib3.connectionpool - DEBUG - https://www.dnd5eapi.co:443 "GET /api/2014/spells/conjure-minor-elementals HTTP/1.1" 200 1649
2026-09-12 15:13:39,507 - src.core.cache - DEBUG - Cached value for key: dnd_item_spells_conjure-minor-elementals
2026-09-12 15:13:39,512 - src.core.cache - DEBUG - Cache miss for key: dnd_item_spells_conjure-woodland-beings
2026-09-12 15:13:39,512 - src.core.cache - DEBUG - Cache miss for key: dnd_item_equipment_chest
2026-09-12 15:13:39,512 - src.core.resources - DEBUG - Prefetching item details: spells/conjure-woodland-beings
2026-09-12 15:13:39,512 - src.core.resources - DEBUG - Prefetching item details: equipment/chest
2026-09-12 15:13:39,514 - urllib3.connectionpool - DEBUG - Starting new HTTPS connection (1): www.dnd5eapi.co:443
2026-09-12 15:13:39,514 - urllib3.connectionpool - DEBUG - Starting new HTTPS connection (1): www.dnd5eapi.co:443
2026-09-12 15:13:39,541 - urllib3.connectionpool - DEBUG - https://www.dnd5eapi.co:443 "GET /api/2014/monsters/bulette HTTP/1.1" 200 2064
2026-09-12 15:13:39,542 - src.core.cache - DEBUG - Cached value for key: dnd_item_monsters_bulette
2026-09-12 15:13:39,549 - src.core.cache - DEBUG - Cache miss for key: dnd_item_monsters_camel
2026-09-12 15:13:39,549 - src.core.resources - DEBUG - Prefetching item details: monsters/camel
2026-09-12 15:13:39,550 - urllib3.connectionpool - DEBUG - Starting new HTTPS connection (1): www.dnd5eapi.co:443
2026-09-12 15:13:39,848 - urllib3.connectionpool - DEBUG - https://www.dnd5eapi.co:443 "GET /api/equipment/chest HTTP/1.1" 301 59
2026-09-12 15:13:39,866 - urllib3.connectionpool - DEBUG - https://www.dnd5eapi.co:443 "GET /api/spells/conjure-woodland-beings HTTP/1.1" 301 74
2026-09-12 15:13:39,895 - urllib3.connectionpool - DEBUG - https://www.dnd5eapi.co:443 "GET /api/monsters/camel HTTP/1.1" 301 58
2026-09-12 15:13:39,954 - urllib3.connectionpool - DEBUG - https://www.dnd5eapi.co:443 "GET /api/2014/equipment/chest HTTP/1.1" 200 455
2026-09-12 15:13:39,956 - src.core.cache - DEBUG - Cached value for key: dnd_item_equipment_chest
2026-09-12 15:13:39,963 - src.core.cache - DEBUG - Cache miss for key: dnd_item_equipment_climbers-kit
2026-09-12 15:13:39,963 - src.core.resources - DEBUG - Prefetching item details: equipment/climbers-kit
2026-09-12 15:13:39,964 - urllib3.connectionpool - DEBUG - Starting new HTTPS connection (1): www.dnd5eapi.co:443
2026-09-12 15:13:39,972 - urllib3.connectionpool - DEBUG - https://www.dnd5eapi.co:443 "GET /api/2014/spells/conjure-woodland-beings HTTP/1.1" 200 1702
2026-09-12 15:13:39,973 - src.core.cache - DEBUG - Cached value for key: dnd_item_spells_conjure-woodland-beings
2026-09-12 15:13:39,979 - src.core.cache - DEBUG - Cache miss for key: dnd_item_spells_contact-other-plane
2026-09-12 15:13:39,979 - src.core.resources - DEBUG - Prefetching item details: spells/contact-other-plane
2026-09-12 15:13:39,980 - urllib3.connectionpool - DEBUG - Starting new HTTPS connection (1): www.dnd5eapi.co:443
2026-09-12 15:13:40,003 - urllib3.connectionpool - DEBUG - https://www.dnd5eapi.co:443 "GET /api/2014/monsters/camel HTTP/1.1" 200 1003
2026-09-12 15:13:40,004 - src.core.cache - DEBUG - Cached value for key: dnd_item_monsters_camel
2026-09-12 15:13:40,011 - src.core.cache - DEBUG - Cache miss for key: dnd_item_monsters_cat
2026-09-12 15:13:40,011 - src.core.resources - DEBUG - Prefetching item details: monsters/cat
2026-09-12 15:13:40,012 - urllib3.connectionpool - DEBUG - Starting new HTTPS connection (1): www.dnd5eapi.co:443
2026-09-12 15:13:40,290 - urllib3.connectionpool - DEBUG - https://www.dnd5eapi.co:443 "GET /api/equipment/climbers-kit HTTP/1.1" 301 66
2026-09-12 15:13:40,310 - urllib3.connectionpool - DEBUG - https://www.dnd5eapi.co:443 "GET /api/spells/contact-other-plane HTTP/1.1" 301 70
2026-09-12 15:13:40,338 - urllib3.connectionpool - DEBUG - https://www.dnd5eapi.co:443 "GET /api/monsters/cat HTTP/1.1" 301 56
2026-09-12 15:13:40,398 - urllib3.connectionpool - DEBUG - https://www.dnd5eapi.co:443 "GET /api/2014/equipment/climbers-kit HTTP/1.1" 200 767
2026-09-12 15:13:40,400 - src.core.cache - DEBUG - Cached value for key: dnd_item_equipment_climbers-kit
2026-09-12 15:13:40,407 - src.core.cache - DEBUG - Cache miss for key: dnd_item_equipment_clothes-common
2026-09-12 15:13:40,407 - src.core.resources - DEBUG - Prefetching item details: equipment/clothes-common
2026-09-12 15:13:40,408 - urllib3.connectionpool - DEBUG - Starting new HTTPS connection (1): www.dnd5eapi.co:443
2026-09-12 15:13:40,417 - urllib3.connectionpool - DEBUG - https://www.dnd5eapi.co:443 "GET /api/2014/spells/contact-other-plane HTTP/1.1" 200 1687
2026-09-12 15:13:40,418 - src.core.cache - DEBUG - Cached value for key: dnd_item_spells_contact-other-plane
2026-09-12 15:13:40,425 - src.core.cache - DEBUG - Cache miss for key: dnd_item_spells_contagion
2026-09-12 15:13:40,425 - src.core.resources - DEBUG - Prefetching item details: spells/contagion
2026-09-12 15:13:40,426 - urllib3.connectionpool - DEBUG - Starting new HTTPS connection (1): www.dnd5eapi.co:443
2026-09-12 15:13:40,451 - urllib3.connectionpool - DEBUG - https://www.dnd5eapi.co:443 "GET /api/2014/monsters/cat HTTP/1.1" 200 1352
2026-09-12 15:13:40,452 - src.core.cache - DEBUG - Cached value for key: dnd_item_monsters_cat
2026-09-12 15:13:40,459 - src.core.cache - DEBUG - Cache miss for key: dnd_item_monsters_centaur
2026-09-12 15:13:40,459 - src.core.resources - DEBUG - Prefetching item details: monsters/centaur
2026-09-12 15:13:40,459 - urllib3.connectionpool - DEBUG - Starting new HTTPS connection (1): www.dnd5eapi.co:443
2026-09-12 15:13:40,733 - urllib3.connectionpool - DEBUG - https://www.dnd5eapi.co:443 "GET /api/equipment/clothes-common HTTP/1.1" 301 68
2026-09-12 15:13:40,751 - urllib3.connectionpool - DEBUG - https://www.dnd5eapi.co:443 "GET /api/spells/contagion HTTP/1.1" 301 60
2026-09-12 15:13:40,786 - urllib3.connectionpool - DEBUG - https://www.dnd5eapi.co:443 "GET /api/monsters/centaur HTTP/1.1" 301 60
2026-09-12 15:13:40,842 - urllib3.connectionpool - DEBUG - https://www.dnd5eapi.co:443 "GET /api/2014/equipment/clothes-common HTTP/1.1" 200 482
2026-09-12 15:13:40,843 - src.core.cache - DEBUG - Cached value for key: dnd_item_equipment_clothes-common
2026-09-12 15:13:40,849 - src.core.cache - DEBUG - Cache miss for key: dnd_item_equipment_clothes-costume
2026-09-12 15:13:40,850 - src.core.resources - DEBUG - Prefetching item details: equipment/clothes-costume
2026-09-12 15:13:40,850 - urllib3.connectionpool - DEBUG - Starting new HTTPS connection (1): www.dnd5eapi.co:443
2026-09-12 15:13:40,858 - urllib3.connectionpool - DEBUG - https://www.dnd5eapi.co:443 "GET /api/2014/spells/contagion HTTP/1.1" 200 2585
2026-09-12 15:13:40,859 - src.core.cache - DEBUG - Cached value for key: dnd_item_spells_contagion
2026-09-12 15:13:40,866 - src.core.cache - DEBUG - Cache miss for key: dnd_item_spells_contingency
2026-09-12 15:13:40,866 - src.core.resources - DEBUG - Prefetching item details: spells/contingency
2026-09-12 15:13:40,867 - urllib3.connectionpool - DEBUG - Starting new HTTPS connection (1): www.dnd5eapi.co:443
2026-09-12 15:13:40,897 - urllib3.connectionpool - DEBUG - https://www.dnd5eapi.co:443 "GET /api/2014/monsters/centaur HTTP/1.1" 200 2858
2026-09-12 15:13:40,898 - src.core.cache - DEBUG - Cached value for key: dnd_item_monsters_centaur
2026-09-12 15:13:40,907 - src.core.cache - DEBUG - Cache miss for key: dnd_item_monsters_chain-devil
2026-09-12 15:13:40,907 - src.core.resources - DEBUG - Prefetching item details: monsters/chain-devil
2026-09-12 15:13:40,908 - urllib3.connectionpool - DEBUG - Starting new HTTPS connection (1): www.dnd5eapi.co:443
2026-09-12 15:13:41,177 - urllib3.connectionpool - DEBUG - https://www.dnd5eapi.co:443 "GET /api/equipment/clothes-costume HTTP/1.1" 301 69
2026-09-12 15:13:41,191 - urllib3.connectionpool - DEBUG - https://www.dnd5eapi.co:443 "GET /api/spells/contingency HTTP/1.1" 301 62
2026-09-12 15:13:41,233 - urllib3.connectionpool - DEBUG - https://www.dnd5eapi.co:443 "GET /api/monsters/chain-devil HTTP/1.1" 301 64
2026-09-12 15:13:41,285 - urllib3.connectionpool - DEBUG - https://www.dnd5eapi.co:443 "GET /api/2014/equipment/clothes-costume HTTP/1.1" 200 485
2026-09-12 15:13:41,286 - src.core.cache - DEBUG - Cached value for key: dnd_item_equipment_clothes-costume
2026-09-12 15:13:41,292 - src.core.cache - DEBUG - Cache miss for key: dnd_item_equipment_clothes-fine
2026-09-12 15:13:41,292 - src.core.resources - DEBUG - Prefetching item details: equipment/clothes-fine
2026-09-12 15:13:41,293 - urllib3.connectionpool - DEBUG - Starting new HTTPS connection (1): www.dnd5eapi.co:443
2026-09-12 15:13:41,299 - urllib3.connectionpool - DEBUG - https://www.dnd5eapi.co:443 "GET /api/2014/spells/contingency HTTP/1.1" 200 1606
2026-09-12 15:13:41,301 - src.core.cache - DEBUG - Cached value for key: dnd_item_spells_contingency
2026-09-12 15:13:41,308 - src.core.cache - DEBUG - Cache miss for key: dnd_item_spells_continual-flame
2026-09-12 15:13:41,309 - src.core.resources - DEBUG - Prefetching item details: spells/continual-flame
2026-09-12 15:13:41,309 - urllib3.connectionpool - DEBUG - Starting new HTTPS connection (1): www.dnd5eapi.co:443
2026-09-12 15:13:41,342 - urllib3.connectionpool - DEBUG - https://www.dnd5eapi.co:443 "GET /api/2014/monsters/chain-devil HTTP/1.1" 200 3544
2026-09-12 15:13:41,343 - src.core.cache - DEBUG - Cached value for key: dnd_item_monsters_chain-devil
2026-09-12 15:13:41,349 - src.core.cache - DEBUG - Cache miss for key: dnd_item_monsters_chimera
2026-09-12 15:13:41,350 - src.core.resources - DEBUG - Prefetching item details: monsters/chimera
2026-09-12 15:13:41,350 - urllib3.connectionpool - DEBUG - Starting new HTTPS connection (1): www.dnd5eapi.co:443
2026-09-12 15:13:41,617 - urllib3.connectionpool - DEBUG - https://www.dnd5eapi.co:443 "GET /api/equipment/clothes-fine HTTP/1.1" 301 66
2026-09-12 15:13:41,649 - urllib3.connectionpool - DEBUG - https://www.dnd5eapi.co:443 "GET /api/spells/continual-flame HTTP/1.1" 301 66
2026-09-12 15:13:41,678 - urllib3.connectionpool - DEBUG - https://www.dnd5eapi.co:443 "GET /api/monsters/chimera HTTP/1.1" 301 60
2026-09-12 15:13:41,724 - urllib3.connectionpool - DEBUG - https://www.dnd5eapi.co:443 "GET /api/2014/equipment/clothes-fine HTTP/1.1" 200 477
2026-09-12 15:13:41,725 - src.core.cache - DEBUG - Cached value for key: dnd_item_equipment_clothes-fine
2026-09-12 15:13:41,731 - src.core.cache - DEBUG - Cache miss for key: dnd_item_equipment_clothes-travelers
2026-09-12 15:13:41,731 - src.core.resources - DEBUG - Prefetching item details: equipment/clothes-travelers
2026-09-12 15:13:41,731 - urllib3.connectionpool - DEBUG - Starting new HTTPS connection (1): www.dnd5eapi.co:443
2026-09-12 15:13:41,757 - urllib3.connectionpool - DEBUG - https://www.dnd5eapi.co:443 "GET /api/2014/spells/continual-flame HTTP/1.1" 200 940
2026-09-12 15:13:41,758 - src.core.cache - DEBUG - Cached value for key: dnd_item_spells_continual-flame
2026-09-12 15:13:41,764 - src.core.cache - DEBUG - Cache miss for key: dnd_item_spells_control-water
2026-09-12 15:13:41,764 - src.core.resources - DEBUG - Prefetching item details: spells/control-water
2026-09-12 15:13:41,765 - urllib3.connectionpool - DEBUG - Starting new HTTPS connection (1): www.dnd5eapi.co:443
2026-09-12 15:13:41,788 - urllib3.connectionpool - DEBUG - https://www.dnd5eapi.co:443 "GET /api/2014/monsters/chimera HTTP/1.1" 200 3494
2026-09-12 15:13:41,789 - src.core.cache - DEBUG - Cached value for key: dnd_item_monsters_chimera
2026-09-12 15:13:41,796 - src.core.cache - DEBUG - Cache miss for key: dnd_item_monsters_chuul
2026-09-12 15:13:41,796 - src.core.resources - DEBUG - Prefetching item details: monsters/chuul
2026-09-12 15:13:41,797 - urllib3.connectionpool - DEBUG - Starting new HTTPS connection (1): www.dnd5eapi.co:443
2026-09-12 15:13:42,058 - urllib3.connectionpool - DEBUG - https://www.dnd5eapi.co:443 "GET /api/equipment/clothes-travelers HTTP/1.1" 301 71
2026-09-12 15:13:42,089 - urllib3.connectionpool - DEBUG - https://www.dnd5eapi.co:443 "GET /api/spells/control-water HTTP/1.1" 301 64
2026-09-12 15:13:42,146 - urllib3.connectionpool - DEBUG - https://www.dnd5eapi.co:443 "GET /api/monsters/chuul HTTP/1.1" 301 58
2026-09-12 15:13:42,165 - urllib3.connectionpool - DEBUG - https://www.dnd5eapi.co:443 "GET /api/2014/equipment/clothes-travelers HTTP/1.1" 200 492
2026-09-12 15:13:42,166 - src.core.cache - DEBUG - Cached value for key: dnd_item_equipment_clothes-travelers
2026-09-12 15:13:42,174 - src.core.cache - DEBUG - Cache miss for key: dnd_item_equipment_club
2026-09-12 15:13:42,174 - src.core.resources - DEBUG - Prefetching item details: equipment/club
2026-09-12 15:13:42,175 - urllib3.connectionpool - DEBUG - Starting new HTTPS connection (1): www.dnd5eapi.co:443
2026-09-12 15:13:42,197 - urllib3.connectionpool - DEBUG - https://www.dnd5eapi.co:443 "GET /api/2014/spells/control-water HTTP/1.1" 200 3920
2026-09-12 15:13:42,198 - src.core.cache - DEBUG - Cached value for key: dnd_item_spells_control-water
2026-09-12 15:13:42,205 - src.core.cache - DEBUG - Cache miss for key: dnd_item_spells_control-weather
2026-09-12 15:13:42,205 - src.core.resources - DEBUG - Prefetching item details: spells/control-weather
2026-09-12 15:13:42,206 - urllib3.connectionpool - DEBUG - Starting new HTTPS connection (1): www.dnd5eapi.co:443
2026-09-12 15:13:42,256 - urllib3.connectionpool - DEBUG - https://www.dnd5eapi.co:443 "GET /api/2014/monsters/chuul HTTP/1.1" 200 2732
2026-09-12 15:13:42,257 - src.core.cache - DEBUG - Cached value for key: dnd_item_monsters_chuul
2026-09-12 15:13:42,263 - src.core.cache - DEBUG - Cache miss for key: dnd_item_monsters_clay-golem
2026-09-12 15:13:42,264 - src.core.resources - DEBUG - Prefetching item details: monsters/clay-golem
2026-09-12 15:13:42,264 - urllib3.connectionpool - DEBUG - Starting new HTTPS connection (1): www.dnd5eapi.co:443
2026-09-12 15:13:42,517 - urllib3.connectionpool - DEBUG - https://www.dnd5eapi.co:443 "GET /api/equipment/club HTTP/1.1" 301 58
2026-09-12 15:13:42,545 - urllib3.connectionpool - DEBUG - https://www.dnd5eapi.co:443 "GET /api/spells/control-weather HTTP/1.1" 301 66
2026-09-12 15:13:42,591 - urllib3.connectionpool - DEBUG - https://www.dnd5eapi.co:443 "GET /api/monsters/clay-golem HTTP/1.1" 301 63
2026-09-12 15:13:42,625 - urllib3.connectionpool - DEBUG - https://www.dnd5eapi.co:443 "GET /api/2014/equipment/club HTTP/1.1" 200 685
2026-09-12 15:13:42,626 - src.core.cache - DEBUG - Cached value for key: dnd_item_equipment_club
2026-09-12 15:13:42,633 - src.core.cache - DEBUG - Cache miss for key: dnd_item_equipment_cobblers-tools
2026-09-12 15:13:42,633 - src.core.resources - DEBUG - Prefetching item details: equipment/cobblers-tools
2026-09-12 15:13:42,634 - urllib3.connectionpool - DEBUG - Starting new HTTPS connection (1): www.dnd5eapi.co:443
2026-09-12 15:13:42,655 - urllib3.connectionpool - DEBUG - https://www.dnd5eapi.co:443 "GET /api/2014/spells/control-weather HTTP/1.1" 200 2043
2026-09-12 15:13:42,656 - src.core.cache - DEBUG - Cached value for key: dnd_item_spells_control-weather
2026-09-12 15:13:42,664 - src.core.cache - DEBUG - Cache miss for key: dnd_item_spells_counterspell
2026-09-12 15:13:42,664 - src.core.resources - DEBUG - Prefetching item details: spells/counterspell
2026-09-12 15:13:42,665 - urllib3.connectionpool - DEBUG - Starting new HTTPS connection (1): www.dnd5eapi.co:443
2026-09-12 15:13:42,699 - urllib3.connectionpool - DEBUG - https://www.dnd5eapi.co:443 "GET /api/2014/monsters/clay-golem HTTP/1.1" 200 3464
2026-09-12 15:13:42,700 - src.core.cache - DEBUG - Cached value for key: dnd_item_monsters_clay-golem
2026-09-12 15:13:42,708 - src.core.cache - DEBUG - Cache miss for key: dnd_item_monsters_cloaker
2026-09-12 15:13:42,708 - src.core.resources - DEBUG - Prefetching item details: monsters/cloaker
2026-09-12 15:13:42,709 - urllib3.connectionpool - DEBUG - Starting new HTTPS connection (1): www.dnd5eapi.co:443
2026-09-12 15:13:42,962 - urllib3.connectionpool - DEBUG - https://www.dnd5eapi.co:443 "GET /api/equipment/cobblers-tools HTTP/1.1" 301 68
2026-09-12 15:13:42,994 - urllib3.connectionpool - DEBUG - https://www.dnd5eapi.co:443 "GET /api/spells/counterspell HTTP/1.1" 301 63
2026-09-12 15:13:43,034 - urllib3.connectionpool - DEBUG - https://www.dnd5eapi.co:443 "GET /api/monsters/cloaker HTTP/1.1" 301 60
2026-09-12 15:13:43,069 - urllib3.connectionpool - DEBUG - https://www.dnd5eapi.co:443 "GET /api/2014/equipment/cobblers-tools HTTP/1.1" 200 749
2026-09-12 15:13:43,070 - src.core.cache - DEBUG - Cached value for key: dnd_item_equipment_cobblers-tools
2026-09-12 15:13:43,078 - src.core.cache - DEBUG - Cache miss for key: dnd_item_equipment_component-pouch
2026-09-12 15:13:43,078 - src.core.resources - DEBUG - Prefetching item details: equipment/component-pouch
2026-09-12 15:13:43,079 - urllib3.connectionpool - DEBUG - Starting new HTTPS connection (1): www.dnd5eapi.co:443
2026-09-12 15:13:43,102 - urllib3.connectionpool - DEBUG - https://www.dnd5eapi.co:443 "GET /api/2014/spells/counterspell HTTP/1.1" 200 1175
2026-09-12 15:13:43,104 - src.core.cache - DEBUG - Cached value for key: dnd_item_spells_counterspell
2026-09-12 15:13:43,113 - src.core.cache - DEBUG - Cache miss for key: dnd_item_spells_create-food-and-water
2026-09-12 15:13:43,114 - src.core.resources - DEBUG - Prefetching item details: spells/create-food-and-water
2026-09-12 15:13:43,115 - urllib3.connectionpool - DEBUG - Starting new HTTPS connection (1): www.dnd5eapi.co:443
2026-09-12 15:13:43,142 - urllib3.connectionpool - DEBUG - https://www.dnd5eapi.co:443 "GET /api/2014/monsters/cloaker HTTP/1.1" 200 4222
2026-09-12 15:13:43,143 - src.core.cache - DEBUG - Cached value for key: dnd_item_monsters_cloaker
2026-09-12 15:13:43,150 - src.core.cache - DEBUG - Cache miss for key: dnd_item_monsters_cloud-giant
2026-09-12 15:13:43,150 - src.core.resources - DEBUG - Prefetching item details: monsters/cloud-giant
2026-09-12 15:13:43,151 - urllib3.connectionpool - DEBUG - Starting new HTTPS connection (1): www.dnd5eapi.co:443
2026-09-12 15:13:43,432 - urllib3.connectionpool - DEBUG - https://www.dnd5eapi.co:443 "GET /api/equipment/component-pouch HTTP/1.1" 301 69
2026-09-12 15:13:43,440 - urllib3.connectionpool - DEBUG - https://www.dnd5eapi.co:443 "GET /api/spells/create-food-and-water HTTP/1.1" 301 72
2026-09-12 15:13:43,476 - urllib3.connectionpool - DEBUG - https://www.dnd5eapi.co:443 "GET /api/monsters/cloud-giant HTTP/1.1" 301 64
2026-09-12 15:13:43,539 - urllib3.connectionpool - DEBUG - https://www.dnd5eapi.co:443 "GET /api/2014/equipment/component-pouch HTTP/1.1" 200 753
2026-09-12 15:13:43,540 - src.core.cache - DEBUG - Cached value for key: dnd_item_equipment_component-pouch
2026-09-12 15:13:43,546 - src.core.cache - DEBUG - Cache miss for key: dnd_item_equipment_cooks-utensils
2026-09-12 15:13:43,546 - src.core.resources - DEBUG - Prefetching item details: equipment/cooks-utensils
2026-09-12 15:13:43,547 - urllib3.connectionpool - DEBUG - Starting new HTTPS connection (1): www.dnd5eapi.co:443
2026-09-12 15:13:43,556 - urllib3.connectionpool - DEBUG - https://www.dnd5eapi.co:443 "GET /api/2014/spells/create-food-and-water HTTP/1.1" 200 1060
2026-09-12 15:13:43,557 - src.core.cache - DEBUG - Cached value for key: dnd_item_spells_create-food-and-water
2026-09-12 15:13:43,563 - src.core.cache - DEBUG - Cache miss for key: dnd_item_spells_create-or-destroy-water
2026-09-12 15:13:43,563 - src.core.resources - DEBUG - Prefetching item details: spells/create-or-destroy-water
2026-09-12 15:13:43,564 - urllib3.connectionpool - DEBUG - Starting new HTTPS connection (1): www.dnd5eapi.co:443
2026-09-12 15:13:43,583 - urllib3.connectionpool - DEBUG - https://www.dnd5eapi.co:443 "GET /api/2014/monsters/cloud-giant HTTP/1.1" 200 3846
2026-09-12 15:13:43,584 - src.core.cache - DEBUG - Cached value for key: dnd_item_monsters_cloud-giant
2026-09-12 15:13:43,592 - src.core.cache - DEBUG - Cache miss for key: dnd_item_monsters_cockatrice
2026-09-12 15:13:43,592 - src.core.resources - DEBUG - Prefetching item details: monsters/cockatrice
2026-09-12 15:13:43,593 - urllib3.connectionpool - DEBUG - Starting new HTTPS connection (1): www.dnd5eapi.co:443
2026-09-12 15:13:43,886 - urllib3.connectionpool - DEBUG - https://www.dnd5eapi.co:443 "GET /api/spells/create-or-destroy-water HTTP/1.1" 301 74
2026-09-12 15:13:43,895 - urllib3.connectionpool - DEBUG - https://www.dnd5eapi.co:443 "GET /api/equipment/cooks-utensils HTTP/1.1" 301 68
2026-09-12 15:13:43,924 - urllib3.connectionpool - DEBUG - https://www.dnd5eapi.co:443 "GET /api/monsters/cockatrice HTTP/1.1" 301 63
2026-09-12 15:13:43,995 - urllib3.connectionpool - DEBUG - https://www.dnd5eapi.co:443 "GET /api/2014/spells/create-or-destroy-water HTTP/1.1" 200 1358
2026-09-12 15:13:43,996 - src.core.cache - DEBUG - Cached value for key: dnd_item_spells_create-or-destroy-water
2026-09-12 15:13:44,004 - src.core.cache - DEBUG - Cache miss for key: dnd_item_spells_create-undead
2026-09-12 15:13:44,004 - src.core.resources - DEBUG - Prefetching item details: spells/create-undead
2026-09-12 15:13:44,005 - urllib3.connectionpool - DEBUG - https://www.dnd5eapi.co:443 "GET /api/2014/equipment/cooks-utensils HTTP/1.1" 200 749
2026-09-12 15:13:44,006 - src.core.cache - DEBUG - Cached value for key: dnd_item_equipment_cooks-utensils
2026-09-12 15:13:44,006 - urllib3.connectionpool - DEBUG - Starting new HTTPS connection (1): www.dnd5eapi.co:443
2026-09-12 15:13:44,014 - src.core.cache - DEBUG - Cache miss for key: dnd_item_equipment_crossbow-bolt
2026-09-12 15:13:44,014 - src.core.resources - DEBUG - Prefetching item details: equipment/crossbow-bolt
2026-09-12 15:13:44,015 - urllib3.connectionpool - DEBUG - Starting new HTTPS connection (1): www.dnd5eapi.co:443
2026-09-12 15:13:44,031 - urllib3.connectionpool - DEBUG - https://www.dnd5eapi.co:443 "GET /api/2014/monsters/cockatrice HTTP/1.1" 200 1382
2026-09-12 15:13:44,032 - src.core.cache - DEBUG - Cached value for key: dnd_item_monsters_cockatrice
2026-09-12 15:13:44,039 - src.core.cache - DEBUG - Cache miss for key: dnd_item_monsters_commoner
2026-09-12 15:13:44,039 - src.core.resources - DEBUG - Prefetching item details: monsters/commoner
2026-09-12 15:13:44,040 - urllib3.connectionpool - DEBUG - Starting new HTTPS connection (1): www.dnd5eapi.co:443
2026-09-12 15:13:44,331 - urllib3.connectionpool - DEBUG - https://www.dnd5eapi.co:443 "GET /api/spells/create-undead HTTP/1.1" 301 64
2026-09-12 15:13:44,362 - urllib3.connectionpool - DEBUG - https://www.dnd5eapi.co:443 "GET /api/equipment/crossbow-bolt HTTP/1.1" 301 67
2026-09-12 15:13:44,364 - urllib3.connectionpool - DEBUG - https://www.dnd5eapi.co:443 "GET /api/monsters/commoner HTTP/1.1" 301 61
2026-09-12 15:13:44,438 - urllib3.connectionpool - DEBUG - https://www.dnd5eapi.co:443 "GET /api/2014/spells/create-undead HTTP/1.1" 200 2388
2026-09-12 15:13:44,439 - src.core.cache - DEBUG - Cached value for key: dnd_item_spells_create-undead
2026-09-12 15:13:44,445 - src.core.cache - DEBUG - Cache miss for key: dnd_item_spells_creation
2026-09-12 15:13:44,445 - src.core.resources - DEBUG - Prefetching item details: spells/creation
2026-09-12 15:13:44,446 - urllib3.connectionpool - DEBUG - Starting new HTTPS connection (1): www.dnd5eapi.co:443
2026-09-12 15:13:44,469 - urllib3.connectionpool - DEBUG - https://www.dnd5eapi.co:443 "GET /api/2014/equipment/crossbow-bolt HTTP/1.1" 200 485
2026-09-12 15:13:44,470 - src.core.cache - DEBUG - Cached value for key: dnd_item_equipment_crossbow-bolt
2026-09-12 15:13:44,471 - urllib3.connectionpool - DEBUG - https://www.dnd5eapi.co:443 "GET /api/2014/monsters/commoner HTTP/1.1" 200 1180
2026-09-12 15:13:44,473 - src.core.cache - DEBUG - Cached value for key: dnd_item_monsters_commoner
2026-09-12 15:13:44,477 - src.core.cache - DEBUG - Cache miss for key: dnd_item_equipment_crossbow-hand
2026-09-12 15:13:44,477 - src.core.cache - DEBUG - Cache miss for key: dnd_item_monsters_constrictor-snake
2026-09-12 15:13:44,477 - src.core.resources - DEBUG - Prefetching item details: equipment/crossbow-hand
2026-09-12 15:13:44,477 - src.core.resources - DEBUG - Prefetching item details: monsters/constrictor-snake
2026-09-12 15:13:44,478 - urllib3.connectionpool - DEBUG - Starting new HTTPS connection (1): www.dnd5eapi.co:443
2026-09-12 15:13:44,478 - urllib3.connectionpool - DEBUG - Starting new HTTPS connection (1): www.dnd5eapi.co:443
2026-09-12 15:13:44,776 - urllib3.connectionpool - DEBUG - https://www.dnd5eapi.co:443 "GET /api/spells/creation HTTP/1.1" 301 59
2026-09-12 15:13:44,806 - urllib3.connectionpool - DEBUG - https://www.dnd5eapi.co:443 "GET /api/monsters/constrictor-snake HTTP/1.1" 301 70
2026-09-12 15:13:44,807 - urllib3.connectionpool - DEBUG - https://www.dnd5eapi.co:443 "GET /api/equipment/crossbow-hand HTTP/1.1" 301 67
2026-09-12 15:13:44,884 - urllib3.connectionpool - DEBUG - https://www.dnd5eapi.co:443 "GET /api/2014/spells/creation HTTP/1.1" 200 1606
2026-09-12 15:13:44,885 - src.core.cache - DEBUG - Cached value for key: dnd_item_spells_creation
2026-09-12 15:13:44,892 - src.core.cache - DEBUG - Cache miss for key: dnd_item_spells_cure-wounds
2026-09-12 15:13:44,892 - src.core.resources - DEBUG - Prefetching item details: spells/cure-wounds
2026-09-12 15:13:44,893 - urllib3.connectionpool - DEBUG - Starting new HTTPS connection (1): www.dnd5eapi.co:443
2026-09-12 15:13:44,927 - urllib3.connectionpool - DEBUG - https://www.dnd5eapi.co:443 "GET /api/2014/monsters/constrictor-snake HTTP/1.1" 200 1523
2026-09-12 15:13:44,928 - src.core.cache - DEBUG - Cached value for key: dnd_item_monsters_constrictor-snake
2026-09-12 15:13:44,928 - urllib3.connectionpool - DEBUG - https://www.dnd5eapi.co:443 "GET /api/2014/equipment/crossbow-hand HTTP/1.1" 200 820
2026-09-12 15:13:44,930 - src.core.cache - DEBUG - Cached value for key: dnd_item_equipment_crossbow-hand
2026-09-12 15:13:44,936 - src.core.cache - DEBUG - Cache miss for key: dnd_item_monsters_copper-dragon-wyrmling
2026-09-12 15:13:44,936 - src.core.resources - DEBUG - Prefetching item details: monsters/copper-dragon-wyrmling
2026-09-12 15:13:44,937 - src.core.cache - DEBUG - Cache miss for key: dnd_item_equipment_crossbow-heavy
2026-09-12 15:13:44,937 - src.core.resources - DEBUG - Prefetching item details: equipment/crossbow-heavy
2026-09-12 15:13:44,938 - urllib3.connectionpool - DEBUG - Starting new HTTPS connection (1): www.dnd5eapi.co:443
2026-09-12 15:13:44,938 - urllib3.connectionpool - DEBUG - Starting new HTTPS connection (1): www.dnd5eapi.co:443
2026-09-12 15:13:45,217 - urllib3.connectionpool - DEBUG - https://www.dnd5eapi.co:443 "GET /api/spells/cure-wounds HTTP/1.1" 301 62
2026-09-12 15:13:45,277 - urllib3.connectionpool - DEBUG - https://www.dnd5eapi.co:443 "GET /api/equipment/crossbow-heavy HTTP/1.1" 301 68
2026-09-12 15:13:45,278 - urllib3.connectionpool - DEBUG - https://www.dnd5eapi.co:443 "GET /api/monsters/copper-dragon-wyrmling HTTP/1.1" 301 75
2026-09-12 15:13:45,326 - urllib3.connectionpool - DEBUG - https://www.dnd5eapi.co:443 "GET /api/2014/spells/cure-wounds HTTP/1.1" 200 1321
2026-09-12 15:13:45,327 - src.core.cache - DEBUG - Cached value for key: dnd_item_spells_cure-wounds
2026-09-12 15:13:45,334 - src.core.cache - DEBUG - Cache miss for key: dnd_item_spells_dancing-lights
2026-09-12 15:13:45,334 - src.core.resources - DEBUG - Prefetching item details: spells/dancing-lights
2026-09-12 15:13:45,334 - urllib3.connectionpool - DEBUG - Starting new HTTPS connection (1): www.dnd5eapi.co:443
2026-09-12 15:13:45,388 - urllib3.connectionpool - DEBUG - https://www.dnd5eapi.co:443 "GET /api/2014/monsters/copper-dragon-wyrmling HTTP/1.1" 200 3414
2026-09-12 15:13:45,388 - urllib3.connectionpool - DEBUG - https://www.dnd5eapi.co:443 "GET /api/2014/equipment/crossbow-heavy HTTP/1.1" 200 967
2026-09-12 15:13:45,390 - src.core.cache - DEBUG - Cached value for key: dnd_item_equipment_crossbow-heavy
2026-09-12 15:13:45,390 - src.core.cache - DEBUG - Cached value for key: dnd_item_monsters_copper-dragon-wyrmling
2026-09-12 15:13:45,397 - src.core.cache - DEBUG - Cache miss for key: dnd_item_monsters_couatl
2026-09-12 15:13:45,397 - src.core.resources - DEBUG - Prefetching item details: monsters/couatl
2026-09-12 15:13:45,397 - src.core.cache - DEBUG - Cache miss for key: dnd_item_equipment_crossbow-light
2026-09-12 15:13:45,397 - src.core.resources - DEBUG - Prefetching item details: equipment/crossbow-light
2026-09-12 15:13:45,398 - urllib3.connectionpool - DEBUG - Starting new HTTPS connection (1): www.dnd5eapi.co:443
2026-09-12 15:13:45,398 - urllib3.connectionpool - DEBUG - Starting new HTTPS connection (1): www.dnd5eapi.co:443
2026-09-12 15:13:45,659 - urllib3.connectionpool - DEBUG - https://www.dnd5eapi.co:443 "GET /api/spells/dancing-lights HTTP/1.1" 301 65
2026-09-12 15:13:45,724 - urllib3.connectionpool - DEBUG - https://www.dnd5eapi.co:443 "GET /api/monsters/couatl HTTP/1.1" 301 59
2026-09-12 15:13:45,726 - urllib3.connectionpool - DEBUG - https://www.dnd5eapi.co:443 "GET /api/equipment/crossbow-light HTTP/1.1" 301 68
2026-09-12 15:13:45,766 - urllib3.connectionpool - DEBUG - https://www.dnd5eapi.co:443 "GET /api/2014/spells/dancing-lights HTTP/1.1" 200 1299
2026-09-12 15:13:45,767 - src.core.cache - DEBUG - Cached value for key: dnd_item_spells_dancing-lights
2026-09-12 15:13:45,778 - src.core.cache - DEBUG - Cache miss for key: dnd_item_spells_darkness
2026-09-12 15:13:45,778 - src.core.resources - DEBUG - Prefetching item details: spells/darkness
2026-09-12 15:13:45,778 - urllib3.connectionpool - DEBUG - Starting new HTTPS connection (1): www.dnd5eapi.co:443
2026-09-12 15:13:45,835 - urllib3.connectionpool - DEBUG - https://www.dnd5eapi.co:443 "GET /api/2014/monsters/couatl HTTP/1.1" 200 5405
2026-09-12 15:13:45,836 - urllib3.connectionpool - DEBUG - https://www.dnd5eapi.co:443 "GET /api/2014/equipment/crossbow-light HTTP/1.1" 200 836
2026-09-12 15:13:45,837 - src.core.cache - DEBUG - Cached value for key: dnd_item_monsters_couatl
2026-09-12 15:13:45,838 - src.core.cache - DEBUG - Cached value for key: dnd_item_equipment_crossbow-light
2026-09-12 15:13:45,844 - src.core.cache - DEBUG - Cache miss for key: dnd_item_monsters_crab
2026-09-12 15:13:45,845 - src.core.resources - DEBUG - Prefetching item details: monsters/crab
2026-09-12 15:13:45,845 - src.core.cache - DEBUG - Cache miss for key: dnd_item_equipment_crowbar
2026-09-12 15:13:45,845 - src.core.resources - DEBUG - Prefetching item details: equipment/crowbar
2026-09-12 15:13:45,846 - urllib3.connectionpool - DEBUG - Starting new HTTPS connection (1): www.dnd5eapi.co:443
2026-09-12 15:13:45,847 - urllib3.connectionpool - DEBUG - Starting new HTTPS connection (1): www.dnd5eapi.co:443
2026-09-12 15:13:46,104 - urllib3.connectionpool - DEBUG - https://www.dnd5eapi.co:443 "GET /api/spells/darkness HTTP/1.1" 301 59
2026-09-12 15:13:46,171 - urllib3.connectionpool - DEBUG - https://www.dnd5eapi.co:443 "GET /api/equipment/crowbar HTTP/1.1" 301 61
2026-09-12 15:13:46,172 - urllib3.connectionpool - DEBUG - https://www.dnd5eapi.co:443 "GET /api/monsters/crab HTTP/1.1" 301 57
2026-09-12 15:13:46,211 - urllib3.connectionpool - DEBUG - https://www.dnd5eapi.co:443 "GET /api/2014/spells/darkness HTTP/1.1" 200 1524
2026-09-12 15:13:46,213 - src.core.cache - DEBUG - Cached value for key: dnd_item_spells_darkness
2026-09-12 15:13:46,220 - src.core.cache - DEBUG - Cache miss for key: dnd_item_spells_darkvision
2026-09-12 15:13:46,220 - src.core.resources - DEBUG - Prefetching item details: spells/darkvision
2026-09-12 15:13:46,221 - urllib3.connectionpool - DEBUG - Starting new HTTPS connection (1): www.dnd5eapi.co:443
2026-09-12 15:13:46,279 - urllib3.connectionpool - DEBUG - https://www.dnd5eapi.co:443 "GET /api/2014/equipment/crowbar HTTP/1.1" 200 558
2026-09-12 15:13:46,280 - src.core.cache - DEBUG - Cached value for key: dnd_item_equipment_crowbar
2026-09-12 15:13:46,280 - urllib3.connectionpool - DEBUG - https://www.dnd5eapi.co:443 "GET /api/2014/monsters/crab HTTP/1.1" 200 1223
2026-09-12 15:13:46,281 - src.core.cache - DEBUG - Cached value for key: dnd_item_monsters_crab
2026-09-12 15:13:46,287 - src.core.cache - DEBUG - Cache miss for key: dnd_item_equipment_crystal
2026-09-12 15:13:46,287 - src.core.cache - DEBUG - Cache miss for key: dnd_item_monsters_crocodile
2026-09-12 15:13:46,287 - src.core.resources - DEBUG - Prefetching item details: monsters/crocodile
2026-09-12 15:13:46,287 - src.core.resources - DEBUG - Prefetching item details: equipment/crystal
2026-09-12 15:13:46,288 - urllib3.connectionpool - DEBUG - Starting new HTTPS connection (1): www.dnd5eapi.co:443
2026-09-12 15:13:46,288 - urllib3.connectionpool - DEBUG - Starting new HTTPS connection (1): www.dnd5eapi.co:443
2026-09-12 15:13:46,571 - urllib3.connectionpool - DEBUG - https://www.dnd5eapi.co:443 "GET /api/spells/darkvision HTTP/1.1" 301 61
2026-09-12 15:13:46,612 - urllib3.connectionpool - DEBUG - https://www.dnd5eapi.co:443 "GET /api/monsters/crocodile HTTP/1.1" 301 62
2026-09-12 15:13:46,629 - urllib3.connectionpool - DEBUG - https://www.dnd5eapi.co:443 "GET /api/equipment/crystal HTTP/1.1" 301 61
2026-09-12 15:13:46,678 - urllib3.connectionpool - DEBUG - https://www.dnd5eapi.co:443 "GET /api/2014/spells/darkvision HTTP/1.1" 200 959
2026-09-12 15:13:46,679 - src.core.cache - DEBUG - Cached value for key: dnd_item_spells_darkvision
2026-09-12 15:13:46,685 - src.core.cache - DEBUG - Cache miss for key: dnd_item_spells_daylight
2026-09-12 15:13:46,686 - src.core.resources - DEBUG - Prefetching item details: spells/daylight
2026-09-12 15:13:46,686 - urllib3.connectionpool - DEBUG - Starting new HTTPS connection (1): www.dnd5eapi.co:443
2026-09-12 15:13:46,720 - urllib3.connectionpool - DEBUG - https://www.dnd5eapi.co:443 "GET /api/2014/monsters/crocodile HTTP/1.1" 200 1392
2026-09-12 15:13:46,721 - src.core.cache - DEBUG - Cached value for key: dnd_item_monsters_crocodile
2026-09-12 15:13:46,728 - src.core.cache - DEBUG - Cache miss for key: dnd_item_monsters_cult-fanatic
2026-09-12 15:13:46,728 - src.core.resources - DEBUG - Prefetching item details: monsters/cult-fanatic
2026-09-12 15:13:46,729 - urllib3.connectionpool - DEBUG - Starting new HTTPS connection (1): www.dnd5eapi.co:443
2026-09-12 15:13:46,735 - urllib3.connectionpool - DEBUG - https://www.dnd5eapi.co:443 "GET /api/2014/equipment/crystal HTTP/1.1" 200 723
2026-09-12 15:13:46,736 - src.core.cache - DEBUG - Cached value for key: dnd_item_equipment_crystal
2026-09-12 15:13:46,743 - src.core.cache - DEBUG - Cache miss for key: dnd_item_equipment_dagger
2026-09-12 15:13:46,743 - src.core.resources - DEBUG - Prefetching item details: equipment/dagger
2026-09-12 15:13:46,744 - urllib3.connectionpool - DEBUG - Starting new HTTPS connection (1): www.dnd5eapi.co:443
2026-09-12 15:13:47,014 - urllib3.connectionpool - DEBUG - https://www.dnd5eapi.co:443 "GET /api/spells/daylight HTTP/1.1" 301 59
2026-09-12 15:13:47,068 - urllib3.connectionpool - DEBUG - https://www.dnd5eapi.co:443 "GET /api/equipment/dagger HTTP/1.1" 301 60
2026-09-12 15:13:47,079 - urllib3.connectionpool - DEBUG - https://www.dnd5eapi.co:443 "GET /api/monsters/cult-fanatic HTTP/1.1" 301 65
2026-09-12 15:13:47,120 - urllib3.connectionpool - DEBUG - https://www.dnd5eapi.co:443 "GET /api/2014/spells/daylight HTTP/1.1" 200 1480
2026-09-12 15:13:47,122 - src.core.cache - DEBUG - Cached value for key: dnd_item_spells_daylight
2026-09-12 15:13:47,128 - src.core.cache - DEBUG - Cache miss for key: dnd_item_spells_death-ward
2026-09-12 15:13:47,128 - src.core.resources - DEBUG - Prefetching item details: spells/death-ward
2026-09-12 15:13:47,128 - urllib3.connectionpool - DEBUG - Starting new HTTPS connection (1): www.dnd5eapi.co:443
2026-09-12 15:13:47,176 - urllib3.connectionpool - DEBUG - https://www.dnd5eapi.co:443 "GET /api/2014/equipment/dagger HTTP/1.1" 200 879
2026-09-12 15:13:47,177 - src.core.cache - DEBUG - Cached value for key: dnd_item_equipment_dagger
2026-09-12 15:13:47,183 - src.core.cache - DEBUG - Cache miss for key: dnd_item_equipment_dart
2026-09-12 15:13:47,184 - src.core.resources - DEBUG - Prefetching item details: equipment/dart
2026-09-12 15:13:47,185 - urllib3.connectionpool - DEBUG - Starting new HTTPS connection (1): www.dnd5eapi.co:443
2026-09-12 15:13:47,200 - urllib3.connectionpool - DEBUG - https://www.dnd5eapi.co:443 "GET /api/2014/monsters/cult-fanatic HTTP/1.1" 200 3281
2026-09-12 15:13:47,201 - src.core.cache - DEBUG - Cached value for key: dnd_item_monsters_cult-fanatic
2026-09-12 15:13:47,208 - src.core.cache - DEBUG - Cache miss for key: dnd_item_monsters_cultist
2026-09-12 15:13:47,209 - src.core.resources - DEBUG - Prefetching item details: monsters/cultist
2026-09-12 15:13:47,209 - urllib3.connectionpool - DEBUG - Starting new HTTPS connection (1): www.dnd5eapi.co:443
2026-09-12 15:13:47,454 - urllib3.connectionpool - DEBUG - https://www.dnd5eapi.co:443 "GET /api/spells/death-ward HTTP/1.1" 301 61
2026-09-12 15:13:47,509 - urllib3.connectionpool - DEBUG - https://www.dnd5eapi.co:443 "GET /api/equipment/dart HTTP/1.1" 301 58
2026-09-12 15:13:47,548 - urllib3.connectionpool - DEBUG - https://www.dnd5eapi.co:443 "GET /api/monsters/cultist HTTP/1.1" 301 60
2026-09-12 15:13:47,562 - urllib3.connectionpool - DEBUG - https://www.dnd5eapi.co:443 "GET /api/2014/spells/death-ward HTTP/1.1" 200 1028
2026-09-12 15:13:47,563 - src.core.cache - DEBUG - Cached value for key: dnd_item_spells_death-ward
2026-09-12 15:13:47,569 - src.core.cache - DEBUG - Cache miss for key: dnd_item_spells_delayed-blast-fireball
2026-09-12 15:13:47,569 - src.core.resources - DEBUG - Prefetching item details: spells/delayed-blast-fireball
2026-09-12 15:13:47,570 - urllib3.connectionpool - DEBUG - Starting new HTTPS connection (1): www.dnd5eapi.co:443
2026-09-12 15:13:47,615 - urllib3.connectionpool - DEBUG - https://www.dnd5eapi.co:443 "GET /api/2014/equipment/dart HTTP/1.1" 200 742
2026-09-12 15:13:47,616 - src.core.cache - DEBUG - Cached value for key: dnd_item_equipment_dart
2026-09-12 15:13:47,623 - src.core.cache - DEBUG - Cache miss for key: dnd_item_equipment_dice-set
2026-09-12 15:13:47,623 - src.core.resources - DEBUG - Prefetching item details: equipment/dice-set
2026-09-12 15:13:47,624 - urllib3.connectionpool - DEBUG - Starting new HTTPS connection (1): www.dnd5eapi.co:443
2026-09-12 15:13:47,654 - urllib3.connectionpool - DEBUG - https://www.dnd5eapi.co:443 "GET /api/2014/monsters/cultist HTTP/1.1" 200 1859
2026-09-12 15:13:47,655 - src.core.cache - DEBUG - Cached value for key: dnd_item_monsters_cultist
2026-09-12 15:13:47,661 - src.core.cache - DEBUG - Cache miss for key: dnd_item_monsters_darkmantle
2026-09-12 15:13:47,661 - src.core.resources - DEBUG - Prefetching item details: monsters/darkmantle
2026-09-12 15:13:47,662 - urllib3.connectionpool - DEBUG - Starting new HTTPS connection (1): www.dnd5eapi.co:443
2026-09-12 15:13:47,900 - urllib3.connectionpool - DEBUG - https://www.dnd5eapi.co:443 "GET /api/spells/delayed-blast-fireball HTTP/1.1" 301 73
2026-09-12 15:13:47,949 - urllib3.connectionpool - DEBUG - https://www.dnd5eapi.co:443 "GET /api/equipment/dice-set HTTP/1.1" 301 62
2026-09-12 15:13:48,008 - urllib3.connectionpool - DEBUG - https://www.dnd5eapi.co:443 "GET /api/2014/spells/delayed-blast-fireball HTTP/1.1" 200 2229
2026-09-12 15:13:48,009 - src.core.cache - DEBUG - Cached value for key: dnd_item_spells_delayed-blast-fireball
2026-09-12 15:13:48,012 - urllib3.connectionpool - DEBUG - https://www.dnd5eapi.co:443 "GET /api/monsters/darkmantle HTTP/1.1" 301 63
2026-09-12 15:13:48,016 - src.core.cache - DEBUG - Cache miss for key: dnd_item_spells_demiplane
2026-09-12 15:13:48,016 - src.core.resources - DEBUG - Prefetching item details: spells/demiplane
2026-09-12 15:13:48,016 - urllib3.connectionpool - DEBUG - Starting new HTTPS connection (1): www.dnd5eapi.co:443
2026-09-12 15:13:48,058 - urllib3.connectionpool - DEBUG - https://www.dnd5eapi.co:443 "GET /api/2014/equipment/dice-set HTTP/1.1" 200 744
2026-09-12 15:13:48,059 - src.core.cache - DEBUG - Cached value for key: dnd_item_equipment_dice-set
2026-09-12 15:13:48,066 - src.core.cache - DEBUG - Cache miss for key: dnd_item_equipment_diplomats-pack
2026-09-12 15:13:48,066 - src.core.resources - DEBUG - Prefetching item details: equipment/diplomats-pack
2026-09-12 15:13:48,066 - urllib3.connectionpool - DEBUG - Starting new HTTPS connection (1): www.dnd5eapi.co:443
2026-09-12 15:13:48,120 - urllib3.connectionpool - DEBUG - https://www.dnd5eapi.co:443 "GET /api/2014/monsters/darkmantle HTTP/1.1" 200 2728
2026-09-12 15:13:48,121 - src.core.cache - DEBUG - Cached value for key: dnd_item_monsters_darkmantle
2026-09-12 15:13:48,128 - src.core.cache - DEBUG - Cache miss for key: dnd_item_monsters_death-dog
2026-09-12 15:13:48,128 - src.core.resources - DEBUG - Prefetching item details: monsters/death-dog
2026-09-12 15:13:48,129 - urllib3.connectionpool - DEBUG - Starting new HTTPS connection (1): www.dnd5eapi.co:443
2026-09-12 15:13:48,343 - urllib3.connectionpool - DEBUG - https://www.dnd5eapi.co:443 "GET /api/spells/demiplane HTTP/1.1" 301 60
2026-09-12 15:13:48,392 - urllib3.connectionpool - DEBUG - https://www.dnd5eapi.co:443 "GET /api/equipment/diplomats-pack HTTP/1.1" 301 68
2026-09-12 15:13:48,451 - urllib3.connectionpool - DEBUG - https://www.dnd5eapi.co:443 "GET /api/2014/spells/demiplane HTTP/1.1" 200 1337
2026-09-12 15:13:48,453 - src.core.cache - DEBUG - Cached value for key: dnd_item_spells_demiplane
2026-09-12 15:13:48,454 - urllib3.connectionpool - DEBUG - https://www.dnd5eapi.co:443 "GET /api/monsters/death-dog HTTP/1.1" 301 62
2026-09-12 15:13:48,459 - src.core.cache - DEBUG - Cache miss for key: dnd_item_spells_detect-evil-and-good
2026-09-12 15:13:48,459 - src.core.resources - DEBUG - Prefetching item details: spells/detect-evil-and-good
2026-09-12 15:13:48,460 - urllib3.connectionpool - DEBUG - Starting new HTTPS connection (1): www.dnd5eapi.co:443
2026-09-12 15:13:48,500 - urllib3.connectionpool - DEBUG - https://www.dnd5eapi.co:443 "GET /api/2014/equipment/diplomats-pack HTTP/1.1" 200 1646
2026-09-12 15:13:48,501 - src.core.cache - DEBUG - Cached value for key: dnd_item_equipment_diplomats-pack
2026-09-12 15:13:48,507 - src.core.cache - DEBUG - Cache miss for key: dnd_item_equipment_disguise-kit
2026-09-12 15:13:48,508 - src.core.resources - DEBUG - Prefetching item details: equipment/disguise-kit
2026-09-12 15:13:48,508 - urllib3.connectionpool - DEBUG - Starting new HTTPS connection (1): www.dnd5eapi.co:443
2026-09-12 15:13:48,561 - urllib3.connectionpool - DEBUG - https://www.dnd5eapi.co:443 "GET /api/2014/monsters/death-dog HTTP/1.1" 200 2351
2026-09-12 15:13:48,562 - src.core.cache - DEBUG - Cached value for key: dnd_item_monsters_death-dog
2026-09-12 15:13:48,569 - src.core.cache - DEBUG - Cache miss for key: dnd_item_monsters_deep-gnome-svirfneblin
2026-09-12 15:13:48,569 - src.core.resources - DEBUG - Prefetching item details: monsters/deep-gnome-svirfneblin
2026-09-12 15:13:48,570 - urllib3.connectionpool - DEBUG - Starting new HTTPS connection (1): www.dnd5eapi.co:443
2026-09-12 15:13:48,804 - urllib3.connectionpool - DEBUG - https://www.dnd5eapi.co:443 "GET /api/spells/detect-evil-and-good HTTP/1.1" 301 71
2026-09-12 15:13:48,834 - urllib3.connectionpool - DEBUG - https://www.dnd5eapi.co:443 "GET /api/equipment/disguise-kit HTTP/1.1" 301 66
2026-09-12 15:13:48,912 - urllib3.connectionpool - DEBUG - https://www.dnd5eapi.co:443 "GET /api/2014/spells/detect-evil-and-good HTTP/1.1" 200 1126
2026-09-12 15:13:48,913 - src.core.cache - DEBUG - Cached value for key: dnd_item_spells_detect-evil-and-good
2026-09-12 15:13:48,914 - urllib3.connectionpool - DEBUG - https://www.dnd5eapi.co:443 "GET /api/monsters/deep-gnome-svirfneblin HTTP/1.1" 301 75
2026-09-12 15:13:48,919 - src.core.cache - DEBUG - Cache miss for key: dnd_item_spells_detect-magic
2026-09-12 15:13:48,919 - src.core.resources - DEBUG - Prefetching item details: spells/detect-magic
2026-09-12 15:13:48,920 - urllib3.connectionpool - DEBUG - Starting new HTTPS connection (1): www.dnd5eapi.co:443
2026-09-12 15:13:48,941 - urllib3.connectionpool - DEBUG - https://www.dnd5eapi.co:443 "GET /api/2014/equipment/disguise-kit HTTP/1.1" 200 687
2026-09-12 15:13:48,943 - src.core.cache - DEBUG - Cached value for key: dnd_item_equipment_disguise-kit
2026-09-12 15:13:48,949 - src.core.cache - DEBUG - Cache miss for key: dnd_item_equipment_donkey
2026-09-12 15:13:48,949 - src.core.resources - DEBUG - Prefetching item details: equipment/donkey
2026-09-12 15:13:48,949 - urllib3.connectionpool - DEBUG - Starting new HTTPS connection (1): www.dnd5eapi.co:443
2026-09-12 15:13:49,023 - urllib3.connectionpool - DEBUG - https://www.dnd5eapi.co:443 "GET /api/2014/monsters/deep-gnome-svirfneblin HTTP/1.1" 200 3349
2026-09-12 15:13:49,024 - src.core.cache - DEBUG - Cached value for key: dnd_item_monsters_deep-gnome-svirfneblin
2026-09-12 15:13:49,031 - src.core.cache - DEBUG - Cache miss for key: dnd_item_monsters_deer
2026-09-12 15:13:49,031 - src.core.resources - DEBUG - Prefetching item details: monsters/deer
2026-09-12 15:13:49,031 - urllib3.connectionpool - DEBUG - Starting new HTTPS connection (1): www.dnd5eapi.co:443
2026-09-12 15:13:49,268 - urllib3.connectionpool - DEBUG - https://www.dnd5eapi.co:443 "GET /api/spells/detect-magic HTTP/1.1" 301 63
2026-09-12 15:13:49,290 - urllib3.connectionpool - DEBUG - https://www.dnd5eapi.co:443 "GET /api/equipment/donkey HTTP/1.1" 301 60
2026-09-12 15:13:49,355 - urllib3.connectionpool - DEBUG - https://www.dnd5eapi.co:443 "GET /api/monsters/deer HTTP/1.1" 301 57
2026-09-12 15:13:49,375 - urllib3.connectionpool - DEBUG - https://www.dnd5eapi.co:443 "GET /api/2014/spells/detect-magic HTTP/1.1" 200 1412
2026-09-12 15:13:49,376 - src.core.cache - DEBUG - Cached value for key: dnd_item_spells_detect-magic
2026-09-12 15:13:49,385 - src.core.cache - DEBUG - Cache miss for key: dnd_item_spells_detect-poison-and-disease
2026-09-12 15:13:49,385 - src.core.resources - DEBUG - Prefetching item details: spells/detect-poison-and-disease
2026-09-12 15:13:49,386 - urllib3.connectionpool - DEBUG - Starting new HTTPS connection (1): www.dnd5eapi.co:443
2026-09-12 15:13:49,397 - urllib3.connectionpool - DEBUG - https://www.dnd5eapi.co:443 "GET /api/2014/equipment/donkey HTTP/1.1" 200 446
2026-09-12 15:13:49,398 - src.core.cache - DEBUG - Cached value for key: dnd_item_equipment_donkey
2026-09-12 15:13:49,407 - src.core.cache - DEBUG - Cache miss for key: dnd_item_equipment_drum
2026-09-12 15:13:49,407 - src.core.resources - DEBUG - Prefetching item details: equipment/drum
2026-09-12 15:13:49,407 - urllib3.connectionpool - DEBUG - Starting new HTTPS connection (1): www.dnd5eapi.co:443
2026-09-12 15:13:49,464 - urllib3.connectionpool - DEBUG - https://www.dnd5eapi.co:443 "GET /api/2014/monsters/deer HTTP/1.1" 200 983
2026-09-12 15:13:49,465 - src.core.cache - DEBUG - Cached value for key: dnd_item_monsters_deer
2026-09-12 15:13:49,473 - src.core.cache - DEBUG - Cache miss for key: dnd_item_monsters_deva
2026-09-12 15:13:49,473 - src.core.resources - DEBUG - Prefetching item details: monsters/deva
2026-09-12 15:13:49,474 - urllib3.connectionpool - DEBUG - Starting new HTTPS connection (1): www.dnd5eapi.co:443
2026-09-12 15:13:49,710 - urllib3.connectionpool - DEBUG - https://www.dnd5eapi.co:443 "GET /api/spells/detect-poison-and-disease HTTP/1.1" 301 76
2026-09-12 15:13:49,733 - urllib3.connectionpool - DEBUG - https://www.dnd5eapi.co:443 "GET /api/equipment/drum HTTP/1.1" 301 58
2026-09-12 15:13:49,808 - urllib3.connectionpool - DEBUG - https://www.dnd5eapi.co:443 "GET /api/monsters/deva HTTP/1.1" 301 57
2026-09-12 15:13:49,816 - urllib3.connectionpool - DEBUG - https://www.dnd5eapi.co:443 "GET /api/2014/spells/detect-poison-and-disease HTTP/1.1" 200 1226
2026-09-12 15:13:49,817 - src.core.cache - DEBUG - Cached value for key: dnd_item_spells_detect-poison-and-disease
2026-09-12 15:13:49,823 - src.core.cache - DEBUG - Cache miss for key: dnd_item_spells_detect-thoughts
2026-09-12 15:13:49,823 - src.core.resources - DEBUG - Prefetching item details: spells/detect-thoughts
2026-09-12 15:13:49,824 - urllib3.connectionpool - DEBUG - Starting new HTTPS connection (1): www.dnd5eapi.co:443
2026-09-12 15:13:49,839 - urllib3.connectionpool - DEBUG - https://www.dnd5eapi.co:443 "GET /api/2014/equipment/drum HTTP/1.1" 200 714
2026-09-12 15:13:49,840 - src.core.cache - DEBUG - Cached value for key: dnd_item_equipment_drum
2026-09-12 15:13:49,847 - src.core.cache - DEBUG - Cache miss for key: dnd_item_equipment_dulcimer
2026-09-12 15:13:49,847 - src.core.resources - DEBUG - Prefetching item details: equipment/dulcimer
2026-09-12 15:13:49,847 - urllib3.connectionpool - DEBUG - Starting new HTTPS connection (1): www.dnd5eapi.co:443
2026-09-12 15:13:49,916 - urllib3.connectionpool - DEBUG - https://www.dnd5eapi.co:443 "GET /api/2014/monsters/deva HTTP/1.1" 200 4232
2026-09-12 15:13:49,918 - src.core.cache - DEBUG - Cached value for key: dnd_item_monsters_deva
2026-09-12 15:13:49,924 - src.core.cache - DEBUG - Cache miss for key: dnd_item_monsters_dire-wolf
2026-09-12 15:13:49,924 - src.core.resources - DEBUG - Prefetching item details: monsters/dire-wolf
2026-09-12 15:13:49,925 - urllib3.connectionpool - DEBUG - Starting new HTTPS connection (1): www.dnd5eapi.co:443
2026-09-12 15:13:50,153 - urllib3.connectionpool - DEBUG - https://www.dnd5eapi.co:443 "GET /api/spells/detect-thoughts HTTP/1.1" 301 66
2026-09-12 15:13:50,189 - urllib3.connectionpool - DEBUG - https://www.dnd5eapi.co:443 "GET /api/equipment/dulcimer HTTP/1.1" 301 62
2026-09-12 15:13:50,249 - urllib3.connectionpool - DEBUG - https://www.dnd5eapi.co:443 "GET /api/monsters/dire-wolf HTTP/1.1" 301 62
2026-09-12 15:13:50,260 - urllib3.connectionpool - DEBUG - https://www.dnd5eapi.co:443 "GET /api/2014/spells/detect-thoughts HTTP/1.1" 200 2659
2026-09-12 15:13:50,261 - src.core.cache - DEBUG - Cached value for key: dnd_item_spells_detect-thoughts
2026-09-12 15:13:50,268 - src.core.cache - DEBUG - Cache miss for key: dnd_item_spells_dimension-door
2026-09-12 15:13:50,268 - src.core.resources - DEBUG - Prefetching item details: spells/dimension-door
2026-09-12 15:13:50,269 - urllib3.connectionpool - DEBUG - Starting new HTTPS connection (1): www.dnd5eapi.co:443
2026-09-12 15:13:50,296 - urllib3.connectionpool - DEBUG - https://www.dnd5eapi.co:443 "GET /api/2014/equipment/dulcimer HTTP/1.1" 200 773
2026-09-12 15:13:50,297 - src.core.cache - DEBUG - Cached value for key: dnd_item_equipment_dulcimer
2026-09-12 15:13:50,303 - src.core.cache - DEBUG - Cache miss for key: dnd_item_equipment_dungeoneers-pack
2026-09-12 15:13:50,303 - src.core.resources - DEBUG - Prefetching item details: equipment/dungeoneers-pack
2026-09-12 15:13:50,304 - urllib3.connectionpool - DEBUG - Starting new HTTPS connection (1): www.dnd5eapi.co:443
2026-09-12 15:13:50,356 - urllib3.connectionpool - DEBUG - https://www.dnd5eapi.co:443 "GET /api/2014/monsters/dire-wolf HTTP/1.1" 200 1717
2026-09-12 15:13:50,357 - src.core.cache - DEBUG - Cached value for key: dnd_item_monsters_dire-wolf
2026-09-12 15:13:50,364 - src.core.cache - DEBUG - Cache miss for key: dnd_item_monsters_djinni
2026-09-12 15:13:50,364 - src.core.resources - DEBUG - Prefetching item details: monsters/djinni
2026-09-12 15:13:50,365 - urllib3.connectionpool - DEBUG - Starting new HTTPS connection (1): www.dnd5eapi.co:443
2026-09-12 15:13:50,596 - urllib3.connectionpool - DEBUG - https://www.dnd5eapi.co:443 "GET /api/spells/dimension-door HTTP/1.1" 301 65
2026-09-12 15:13:50,631 - urllib3.connectionpool - DEBUG - https://www.dnd5eapi.co:443 "GET /api/equipment/dungeoneers-pack HTTP/1.1" 301 70
2026-09-12 15:13:50,690 - urllib3.connectionpool - DEBUG - https://www.dnd5eapi.co:443 "GET /api/monsters/djinni HTTP/1.1" 301 59
2026-09-12 15:13:50,703 - urllib3.connectionpool - DEBUG - https://www.dnd5eapi.co:443 "GET /api/2014/spells/dimension-door HTTP/1.1" 200 1618
2026-09-12 15:13:50,704 - src.core.cache - DEBUG - Cached value for key: dnd_item_spells_dimension-door
2026-09-12 15:13:50,715 - src.core.cache - DEBUG - Cache miss for key: dnd_item_spells_disguise-self
2026-09-12 15:13:50,715 - src.core.resources - DEBUG - Prefetching item details: spells/disguise-self
2026-09-12 15:13:50,716 - urllib3.connectionpool - DEBUG - Starting new HTTPS connection (1): www.dnd5eapi.co:443
2026-09-12 15:13:50,738 - urllib3.connectionpool - DEBUG - https://www.dnd5eapi.co:443 "GET /api/2014/equipment/dungeoneers-pack HTTP/1.1" 200 1400
2026-09-12 15:13:50,739 - src.core.cache - DEBUG - Cached value for key: dnd_item_equipment_dungeoneers-pack
2026-09-12 15:13:50,747 - src.core.cache - DEBUG - Cache miss for key: dnd_item_equipment_elephant
2026-09-12 15:13:50,747 - src.core.resources - DEBUG - Prefetching item details: equipment/elephant
2026-09-12 15:13:50,748 - urllib3.connectionpool - DEBUG - Starting new HTTPS connection (1): www.dnd5eapi.co:443
2026-09-12 15:13:50,799 - urllib3.connectionpool - DEBUG - https://www.dnd5eapi.co:443 "GET /api/2014/monsters/djinni HTTP/1.1" 200 5420
2026-09-12 15:13:50,801 - src.core.cache - DEBUG - Cached value for key: dnd_item_monsters_djinni
2026-09-12 15:13:50,807 - src.core.cache - DEBUG - Cache miss for key: dnd_item_monsters_doppelganger
2026-09-12 15:13:50,807 - src.core.resources - DEBUG - Prefetching item details: monsters/doppelganger
2026-09-12 15:13:50,808 - urllib3.connectionpool - DEBUG - Starting new HTTPS connection (1): www.dnd5eapi.co:443
2026-09-12 15:13:51,042 - urllib3.connectionpool - DEBUG - https://www.dnd5eapi.co:443 "GET /api/spells/disguise-self HTTP/1.1" 301 64
2026-09-12 15:13:51,074 - urllib3.connectionpool - DEBUG - https://www.dnd5eapi.co:443 "GET /api/equipment/elephant HTTP/1.1" 301 62
2026-09-12 15:13:51,134 - urllib3.connectionpool - DEBUG - https://www.dnd5eapi.co:443 "GET /api/monsters/doppelganger HTTP/1.1" 301 65
2026-09-12 15:13:51,150 - urllib3.connectionpool - DEBUG - https://www.dnd5eapi.co:443 "GET /api/2014/spells/disguise-self HTTP/1.1" 200 1676
2026-09-12 15:13:51,151 - src.core.cache - DEBUG - Cached value for key: dnd_item_spells_disguise-self
2026-09-12 15:13:51,158 - src.core.cache - DEBUG - Cache miss for key: dnd_item_spells_disintegrate
2026-09-12 15:13:51,158 - src.core.resources - DEBUG - Prefetching item details: spells/disintegrate
2026-09-12 15:13:51,158 - urllib3.connectionpool - DEBUG - Starting new HTTPS connection (1): www.dnd5eapi.co:443
2026-09-12 15:13:51,180 - urllib3.connectionpool - DEBUG - https://www.dnd5eapi.co:443 "GET /api/2014/equipment/elephant HTTP/1.1" 200 456
2026-09-12 15:13:51,181 - src.core.cache - DEBUG - Cached value for key: dnd_item_equipment_elephant
2026-09-12 15:13:51,189 - src.core.cache - DEBUG - Cache miss for key: dnd_item_equipment_emblem
2026-09-12 15:13:51,189 - src.core.resources - DEBUG - Prefetching item details: equipment/emblem
2026-09-12 15:13:51,190 - urllib3.connectionpool - DEBUG - Starting new HTTPS connection (1): www.dnd5eapi.co:443
2026-09-12 15:13:51,242 - urllib3.connectionpool - DEBUG - https://www.dnd5eapi.co:443 "GET /api/2014/monsters/doppelganger HTTP/1.1" 200 2914
2026-09-12 15:13:51,243 - src.core.cache - DEBUG - Cached value for key: dnd_item_monsters_doppelganger
2026-09-12 15:13:51,250 - src.core.cache - DEBUG - Cache miss for key: dnd_item_monsters_draft-horse
2026-09-12 15:13:51,250 - src.core.resources - DEBUG - Prefetching item details: monsters/draft-horse
2026-09-12 15:13:51,251 - urllib3.connectionpool - DEBUG - Starting new HTTPS connection (1): www.dnd5eapi.co:443
2026-09-12 15:13:51,484 - urllib3.connectionpool - DEBUG - https://www.dnd5eapi.co:443 "GET /api/spells/disintegrate HTTP/1.1" 301 63
2026-09-12 15:13:51,515 - urllib3.connectionpool - DEBUG - https://www.dnd5eapi.co:443 "GET /api/equipment/emblem HTTP/1.1" 301 60
2026-09-12 15:13:51,578 - urllib3.connectionpool - DEBUG - https://www.dnd5eapi.co:443 "GET /api/monsters/draft-horse HTTP/1.1" 301 64
2026-09-12 15:13:51,592 - urllib3.connectionpool - DEBUG - https://www.dnd5eapi.co:443 "GET /api/2014/spells/disintegrate HTTP/1.1" 200 1933
2026-09-12 15:13:51,594 - src.core.cache - DEBUG - Cached value for key: dnd_item_spells_disintegrate
2026-09-12 15:13:51,601 - src.core.cache - DEBUG - Cache miss for key: dnd_item_spells_dispel-evil-and-good
2026-09-12 15:13:51,601 - src.core.resources - DEBUG - Prefetching item details: spells/dispel-evil-and-good
2026-09-12 15:13:51,602 - urllib3.connectionpool - DEBUG - Starting new HTTPS connection (1): www.dnd5eapi.co:443
2026-09-12 15:13:51,622 - urllib3.connectionpool - DEBUG - https://www.dnd5eapi.co:443 "GET /api/2014/equipment/emblem HTTP/1.1" 200 954
2026-09-12 15:13:51,623 - src.core.cache - DEBUG - Cached value for key: dnd_item_equipment_emblem
2026-09-12 15:13:51,631 - src.core.cache - DEBUG - Cache miss for key: dnd_item_equipment_entertainers-pack
2026-09-12 15:13:51,631 - src.core.resources - DEBUG - Prefetching item details: equipment/entertainers-pack
2026-09-12 15:13:51,632 - urllib3.connectionpool - DEBUG - Starting new HTTPS connection (1): www.dnd5eapi.co:443
2026-09-12 15:13:51,686 - urllib3.connectionpool - DEBUG - https://www.dnd5eapi.co:443 "GET /api/2014/monsters/draft-horse HTTP/1.1" 200 1038
2026-09-12 15:13:51,688 - src.core.cache - DEBUG - Cached value for key: dnd_item_monsters_draft-horse
2026-09-12 15:13:51,695 - src.core.cache - DEBUG - Cache miss for key: dnd_item_monsters_dragon-turtle
2026-09-12 15:13:51,696 - src.core.resources - DEBUG - Prefetching item details: monsters/dragon-turtle
2026-09-12 15:13:51,696 - urllib3.connectionpool - DEBUG - Starting new HTTPS connection (1): www.dnd5eapi.co:443
2026-09-12 15:13:51,945 - urllib3.connectionpool - DEBUG - https://www.dnd5eapi.co:443 "GET /api/spells/dispel-evil-and-good HTTP/1.1" 301 71
2026-09-12 15:13:51,976 - urllib3.connectionpool - DEBUG - https://www.dnd5eapi.co:443 "GET /api/equipment/entertainers-pack HTTP/1.1" 301 71
2026-09-12 15:13:52,019 - urllib3.connectionpool - DEBUG - https://www.dnd5eapi.co:443 "GET /api/monsters/dragon-turtle HTTP/1.1" 301 66
2026-09-12 15:13:52,052 - urllib3.connectionpool - DEBUG - https://www.dnd5eapi.co:443 "GET /api/2014/spells/dispel-evil-and-good HTTP/1.1" 200 1875
2026-09-12 15:13:52,053 - src.core.cache - DEBUG - Cached value for key: dnd_item_spells_dispel-evil-and-good
2026-09-12 15:13:52,060 - src.core.cache - DEBUG - Cache miss for key: dnd_item_spells_dispel-magic
2026-09-12 15:13:52,060 - src.core.resources - DEBUG - Prefetching item details: spells/dispel-magic
2026-09-12 15:13:52,061 - urllib3.connectionpool - DEBUG - Starting new HTTPS connection (1): www.dnd5eapi.co:443
2026-09-12 15:13:52,085 - urllib3.connectionpool - DEBUG - https://www.dnd5eapi.co:443 "GET /api/2014/equipment/entertainers-pack HTTP/1.1" 200 1217
2026-09-12 15:13:52,086 - src.core.cache - DEBUG - Cached value for key: dnd_item_equipment_entertainers-pack
2026-09-12 15:13:52,092 - src.core.cache - DEBUG - Cache miss for key: dnd_item_equipment_explorers-pack
2026-09-12 15:13:52,092 - src.core.resources - DEBUG - Prefetching item details: equipment/explorers-pack
2026-09-12 15:13:52,092 - urllib3.connectionpool - DEBUG - Starting new HTTPS connection (1): www.dnd5eapi.co:443
2026-09-12 15:13:52,127 - urllib3.connectionpool - DEBUG - https://www.dnd5eapi.co:443 "GET /api/2014/monsters/dragon-turtle HTTP/1.1" 200 3641
2026-09-12 15:13:52,128 - src.core.cache - DEBUG - Cached value for key: dnd_item_monsters_dragon-turtle
2026-09-12 15:13:52,135 - src.core.cache - DEBUG - Cache miss for key: dnd_item_monsters_dretch
2026-09-12 15:13:52,135 - src.core.resources - DEBUG - Prefetching item details: monsters/dretch
2026-09-12 15:13:52,136 - urllib3.connectionpool - DEBUG - Starting new HTTPS connection (1): www.dnd5eapi.co:443
2026-09-12 15:13:52,385 - urllib3.connectionpool - DEBUG - https://www.dnd5eapi.co:443 "GET /api/spells/dispel-magic HTTP/1.1" 301 63
2026-09-12 15:13:52,439 - urllib3.connectionpool - DEBUG - https://www.dnd5eapi.co:443 "GET /api/equipment/explorers-pack HTTP/1.1" 301 68
2026-09-12 15:13:52,461 - urllib3.connectionpool - DEBUG - https://www.dnd5eapi.co:443 "GET /api/monsters/dretch HTTP/1.1" 301 59
2026-09-12 15:13:52,493 - urllib3.connectionpool - DEBUG - https://www.dnd5eapi.co:443 "GET /api/2014/spells/dispel-magic HTTP/1.1" 200 1548
2026-09-12 15:13:52,494 - src.core.cache - DEBUG - Cached value for key: dnd_item_spells_dispel-magic
2026-09-12 15:13:52,501 - src.core.cache - DEBUG - Cache miss for key: dnd_item_spells_divination
2026-09-12 15:13:52,501 - src.core.resources - DEBUG - Prefetching item details: spells/divination
2026-09-12 15:13:52,502 - urllib3.connectionpool - DEBUG - Starting new HTTPS connection (1): www.dnd5eapi.co:443
2026-09-12 15:13:52,555 - urllib3.connectionpool - DEBUG - https://www.dnd5eapi.co:443 "GET /api/2014/equipment/explorers-pack HTTP/1.1" 200 1310
2026-09-12 15:13:52,556 - src.core.cache - DEBUG - Cached value for key: dnd_item_equipment_explorers-pack
2026-09-12 15:13:52,563 - src.core.cache - DEBUG - Cache miss for key: dnd_item_equipment_fishing-tackle
2026-09-12 15:13:52,563 - src.core.resources - DEBUG - Prefetching item details: equipment/fishing-tackle
2026-09-12 15:13:52,564 - urllib3.connectionpool - DEBUG - Starting new HTTPS connection (1): www.dnd5eapi.co:443
2026-09-12 15:13:52,569 - urllib3.connectionpool - DEBUG - https://www.dnd5eapi.co:443 "GET /api/2014/monsters/dretch HTTP/1.1" 200 2440
2026-09-12 15:13:52,570 - src.core.cache - DEBUG - Cached value for key: dnd_item_monsters_dretch
2026-09-12 15:13:52,577 - src.core.cache - DEBUG - Cache miss for key: dnd_item_monsters_drider
2026-09-12 15:13:52,577 - src.core.resources - DEBUG - Prefetching item details: monsters/drider
2026-09-12 15:13:52,578 - urllib3.connectionpool - DEBUG - Starting new HTTPS connection (1): www.dnd5eapi.co:443
2026-09-12 15:13:52,828 - urllib3.connectionpool - DEBUG - https://www.dnd5eapi.co:443 "GET /api/spells/divination HTTP/1.1" 301 61
2026-09-12 15:13:52,887 - urllib3.connectionpool - DEBUG - https://www.dnd5eapi.co:443 "GET /api/equipment/fishing-tackle HTTP/1.1" 301 68
2026-09-12 15:13:52,904 - urllib3.connectionpool - DEBUG - https://www.dnd5eapi.co:443 "GET /api/monsters/drider HTTP/1.1" 301 59
2026-09-12 15:13:52,935 - urllib3.connectionpool - DEBUG - https://www.dnd5eapi.co:443 "GET /api/2014/spells/divination HTTP/1.1" 200 1336
2026-09-12 15:13:52,936 - src.core.cache - DEBUG - Cached value for key: dnd_item_spells_divination
2026-09-12 15:13:52,942 - src.core.cache - DEBUG - Cache miss for key: dnd_item_spells_divine-favor
2026-09-12 15:13:52,942 - src.core.resources - DEBUG - Prefetching item details: spells/divine-favor
2026-09-12 15:13:52,943 - urllib3.connectionpool - DEBUG - Starting new HTTPS connection (1): www.dnd5eapi.co:443
2026-09-12 15:13:52,994 - urllib3.connectionpool - DEBUG - https://www.dnd5eapi.co:443 "GET /api/2014/equipment/fishing-tackle HTTP/1.1" 200 606
2026-09-12 15:13:52,995 - src.core.cache - DEBUG - Cached value for key: dnd_item_equipment_fishing-tackle
2026-09-12 15:13:53,003 - src.core.cache - DEBUG - Cache miss for key: dnd_item_equipment_flail
2026-09-12 15:13:53,003 - src.core.resources - DEBUG - Prefetching item details: equipment/flail
2026-09-12 15:13:53,003 - urllib3.connectionpool - DEBUG - Starting new HTTPS connection (1): www.dnd5eapi.co:443
2026-09-12 15:13:53,013 - urllib3.connectionpool - DEBUG - https://www.dnd5eapi.co:443 "GET /api/2014/monsters/drider HTTP/1.1" 200 4717
2026-09-12 15:13:53,014 - src.core.cache - DEBUG - Cached value for key: dnd_item_monsters_drider
2026-09-12 15:13:53,021 - src.core.cache - DEBUG - Cache miss for key: dnd_item_monsters_drow
2026-09-12 15:13:53,021 - src.core.resources - DEBUG - Prefetching item details: monsters/drow
2026-09-12 15:13:53,022 - urllib3.connectionpool - DEBUG - Starting new HTTPS connection (1): www.dnd5eapi.co:443
2026-09-12 15:13:53,268 - urllib3.connectionpool - DEBUG - https://www.dnd5eapi.co:443 "GET /api/spells/divine-favor HTTP/1.1" 301 63
2026-09-12 15:13:53,327 - urllib3.connectionpool - DEBUG - https://www.dnd5eapi.co:443 "GET /api/equipment/flail HTTP/1.1" 301 59
2026-09-12 15:13:53,345 - urllib3.connectionpool - DEBUG - https://www.dnd5eapi.co:443 "GET /api/monsters/drow HTTP/1.1" 301 57
2026-09-12 15:13:53,375 - urllib3.connectionpool - DEBUG - https://www.dnd5eapi.co:443 "GET /api/2014/spells/divine-favor HTTP/1.1" 200 820
2026-09-12 15:13:53,376 - src.core.cache - DEBUG - Cached value for key: dnd_item_spells_divine-favor
2026-09-12 15:13:53,384 - src.core.cache - DEBUG - Cache miss for key: dnd_item_spells_divine-word
2026-09-12 15:13:53,384 - src.core.resources - DEBUG - Prefetching item details: spells/divine-word
2026-09-12 15:13:53,385 - urllib3.connectionpool - DEBUG - Starting new HTTPS connection (1): www.dnd5eapi.co:443
2026-09-12 15:13:53,434 - urllib3.connectionpool - DEBUG - https://www.dnd5eapi.co:443 "GET /api/2014/equipment/flail HTTP/1.1" 200 545
2026-09-12 15:13:53,436 - src.core.cache - DEBUG - Cached value for key: dnd_item_equipment_flail
2026-09-12 15:13:53,442 - src.core.cache - DEBUG - Cache miss for key: dnd_item_equipment_flask-or-tankard
2026-09-12 15:13:53,442 - src.core.resources - DEBUG - Prefetching item details: equipment/flask-or-tankard
2026-09-12 15:13:53,442 - urllib3.connectionpool - DEBUG - Starting new HTTPS connection (1): www.dnd5eapi.co:443
2026-09-12 15:13:53,452 - urllib3.connectionpool - DEBUG - https://www.dnd5eapi.co:443 "GET /api/2014/monsters/drow HTTP/1.1" 200 3082
2026-09-12 15:13:53,453 - src.core.cache - DEBUG - Cached value for key: dnd_item_monsters_drow
2026-09-12 15:13:53,460 - src.core.cache - DEBUG - Cache miss for key: dnd_item_monsters_druid
2026-09-12 15:13:53,460 - src.core.resources - DEBUG - Prefetching item details: monsters/druid
2026-09-12 15:13:53,461 - urllib3.connectionpool - DEBUG - Starting new HTTPS connection (1): www.dnd5eapi.co:443
2026-09-12 15:13:53,716 - urllib3.connectionpool - DEBUG - https://www.dnd5eapi.co:443 "GET /api/spells/divine-word HTTP/1.1" 301 62
2026-09-12 15:13:53,793 - urllib3.connectionpool - DEBUG - https://www.dnd5eapi.co:443 "GET /api/equipment/flask-or-tankard HTTP/1.1" 301 70
2026-09-12 15:13:53,806 - urllib3.connectionpool - DEBUG - https://www.dnd5eapi.co:443 "GET /api/monsters/druid HTTP/1.1" 301 58
2026-09-12 15:13:53,823 - urllib3.connectionpool - DEBUG - https://www.dnd5eapi.co:443 "GET /api/2014/spells/divine-word HTTP/1.1" 200 1459
2026-09-12 15:13:53,824 - src.core.cache - DEBUG - Cached value for key: dnd_item_spells_divine-word
2026-09-12 15:13:53,832 - src.core.cache - DEBUG - Cache miss for key: dnd_item_spells_dominate-beast
2026-09-12 15:13:53,832 - src.core.resources - DEBUG - Prefetching item details: spells/dominate-beast
2026-09-12 15:13:53,833 - urllib3.connectionpool - DEBUG - Starting new HTTPS connection (1): www.dnd5eapi.co:443
2026-09-12 15:13:53,900 - urllib3.connectionpool - DEBUG - https://www.dnd5eapi.co:443 "GET /api/2014/equipment/flask-or-tankard HTTP/1.1" 200 487
2026-09-12 15:13:53,901 - src.core.cache - DEBUG - Cached value for key: dnd_item_equipment_flask-or-tankard
2026-09-12 15:13:53,909 - src.core.cache - DEBUG - Cache miss for key: dnd_item_equipment_flute
2026-09-12 15:13:53,909 - src.core.resources - DEBUG - Prefetching item details: equipment/flute
2026-09-12 15:13:53,910 - urllib3.connectionpool - DEBUG - Starting new HTTPS connection (1): www.dnd5eapi.co:443
2026-09-12 15:13:53,917 - urllib3.connectionpool - DEBUG - https://www.dnd5eapi.co:443 "GET /api/2014/monsters/druid HTTP/1.1" 200 3685
2026-09-12 15:13:53,919 - src.core.cache - DEBUG - Cached value for key: dnd_item_monsters_druid
2026-09-12 15:13:53,925 - src.core.cache - DEBUG - Cache miss for key: dnd_item_monsters_dryad
2026-09-12 15:13:53,926 - src.core.resources - DEBUG - Prefetching item details: monsters/dryad
2026-09-12 15:13:53,926 - urllib3.connectionpool - DEBUG - Starting new HTTPS connection (1): www.dnd5eapi.co:443
2026-09-12 15:13:54,163 - urllib3.connectionpool - DEBUG - https://www.dnd5eapi.co:443 "GET /api/spells/dominate-beast HTTP/1.1" 301 65
2026-09-12 15:13:54,237 - urllib3.connectionpool - DEBUG - https://www.dnd5eapi.co:443 "GET /api/equipment/flute HTTP/1.1" 301 59
2026-09-12 15:13:54,249 - urllib3.connectionpool - DEBUG - https://www.dnd5eapi.co:443 "GET /api/monsters/dryad HTTP/1.1" 301 58
2026-09-12 15:13:54,270 - urllib3.connectionpool - DEBUG - https://www.dnd5eapi.co:443 "GET /api/2014/spells/dominate-beast HTTP/1.1" 200 2039
2026-09-12 15:13:54,271 - src.core.cache - DEBUG - Cached value for key: dnd_item_spells_dominate-beast
2026-09-12 15:13:54,278 - src.core.cache - DEBUG - Cache miss for key: dnd_item_spells_dominate-monster
2026-09-12 15:13:54,278 - src.core.resources - DEBUG - Prefetching item details: spells/dominate-monster
2026-09-12 15:13:54,279 - urllib3.connectionpool - DEBUG - Starting new HTTPS connection (1): www.dnd5eapi.co:443
2026-09-12 15:13:54,343 - urllib3.connectionpool - DEBUG - https://www.dnd5eapi.co:443 "GET /api/2014/equipment/flute HTTP/1.1" 200 717
2026-09-12 15:13:54,344 - src.core.cache - DEBUG - Cached value for key: dnd_item_equipment_flute
2026-09-12 15:13:54,351 - src.core.cache - DEBUG - Cache miss for key: dnd_item_equipment_forgery-kit
2026-09-12 15:13:54,351 - src.core.resources - DEBUG - Prefetching item details: equipment/forgery-kit
2026-09-12 15:13:54,351 - urllib3.connectionpool - DEBUG - Starting new HTTPS connection (1): www.dnd5eapi.co:443
2026-09-12 15:13:54,356 - urllib3.connectionpool - DEBUG - https://www.dnd5eapi.co:443 "GET /api/2014/monsters/dryad HTTP/1.1" 200 4332
2026-09-12 15:13:54,358 - src.core.cache - DEBUG - Cached value for key: dnd_item_monsters_dryad
2026-09-12 15:13:54,366 - src.core.cache - DEBUG - Cache miss for key: dnd_item_monsters_duergar
2026-09-12 15:13:54,366 - src.core.resources - DEBUG - Prefetching item details: monsters/duergar
2026-09-12 15:13:54,367 - urllib3.connectionpool - DEBUG - Starting new HTTPS connection (1): www.dnd5eapi.co:443
2026-09-12 15:13:54,604 - urllib3.connectionpool - DEBUG - https://www.dnd5eapi.co:443 "GET /api/spells/dominate-monster HTTP/1.1" 301 67
2026-09-12 15:13:54,702 - urllib3.connectionpool - DEBUG - https://www.dnd5eapi.co:443 "GET /api/monsters/duergar HTTP/1.1" 301 60
2026-09-12 15:13:54,703 - urllib3.connectionpool - DEBUG - https://www.dnd5eapi.co:443 "GET /api/equipment/forgery-kit HTTP/1.1" 301 65
2026-09-12 15:13:54,722 - urllib3.connectionpool - DEBUG - https://www.dnd5eapi.co:443 "GET /api/2014/spells/dominate-monster HTTP/1.1" 200 2251
2026-09-12 15:13:54,723 - src.core.cache - DEBUG - Cached value for key: dnd_item_spells_dominate-monster
2026-09-12 15:13:54,730 - src.core.cache - DEBUG - Cache miss for key: dnd_item_spells_dominate-person
2026-09-12 15:13:54,730 - src.core.resources - DEBUG - Prefetching item details: spells/dominate-person
2026-09-12 15:13:54,731 - urllib3.connectionpool - DEBUG - Starting new HTTPS connection (1): www.dnd5eapi.co:443
2026-09-12 15:13:54,812 - urllib3.connectionpool - DEBUG - https://www.dnd5eapi.co:443 "GET /api/2014/monsters/duergar HTTP/1.1" 200 2903
2026-09-12 15:13:54,812 - urllib3.connectionpool - DEBUG - https://www.dnd5eapi.co:443 "GET /api/2014/equipment/forgery-kit HTTP/1.1" 200 787
2026-09-12 15:13:54,813 - src.core.cache - DEBUG - Cached value for key: dnd_item_monsters_duergar
2026-09-12 15:13:54,814 - src.core.cache - DEBUG - Cached value for key: dnd_item_equipment_forgery-kit
2026-09-12 15:13:54,820 - src.core.cache - DEBUG - Cache miss for key: dnd_item_monsters_dust-mephit
2026-09-12 15:13:54,821 - src.core.cache - DEBUG - Cache miss for key: dnd_item_equipment_galley
2026-09-12 15:13:54,821 - src.core.resources - DEBUG - Prefetching item details: monsters/dust-mephit
2026-09-12 15:13:54,821 - src.core.resources - DEBUG - Prefetching item details: equipment/galley
2026-09-12 15:13:54,822 - urllib3.connectionpool - DEBUG - Starting new HTTPS connection (1): www.dnd5eapi.co:443
2026-09-12 15:13:54,822 - urllib3.connectionpool - DEBUG - Starting new HTTPS connection (1): www.dnd5eapi.co:443
2026-09-12 15:13:55,084 - urllib3.connectionpool - DEBUG - https://www.dnd5eapi.co:443 "GET /api/spells/dominate-person HTTP/1.1" 301 66
2026-09-12 15:13:55,145 - urllib3.connectionpool - DEBUG - https://www.dnd5eapi.co:443 "GET /api/equipment/galley HTTP/1.1" 301 60
2026-09-12 15:13:55,151 - urllib3.connectionpool - DEBUG - https://www.dnd5eapi.co:443 "GET /api/monsters/dust-mephit HTTP/1.1" 301 64
2026-09-12 15:13:55,195 - urllib3.connectionpool - DEBUG - https://www.dnd5eapi.co:443 "GET /api/2014/spells/dominate-person HTTP/1.1" 200 2433
2026-09-12 15:13:55,196 - src.core.cache - DEBUG - Cached value for key: dnd_item_spells_dominate-person
2026-09-12 15:13:55,205 - src.core.cache - DEBUG - Cache miss for key: dnd_item_spells_dream
2026-09-12 15:13:55,205 - src.core.resources - DEBUG - Prefetching item details: spells/dream
2026-09-12 15:13:55,205 - urllib3.connectionpool - DEBUG - Starting new HTTPS connection (1): www.dnd5eapi.co:443
2026-09-12 15:13:55,254 - urllib3.connectionpool - DEBUG - https://www.dnd5eapi.co:443 "GET /api/2014/equipment/galley HTTP/1.1" 200 418
2026-09-12 15:13:55,255 - src.core.cache - DEBUG - Cached value for key: dnd_item_equipment_galley
2026-09-12 15:13:55,261 - urllib3.connectionpool - DEBUG - https://www.dnd5eapi.co:443 "GET /api/2014/monsters/dust-mephit HTTP/1.1" 200 2798
2026-09-12 15:13:55,263 - src.core.cache - DEBUG - Cached value for key: dnd_item_monsters_dust-mephit
2026-09-12 15:13:55,263 - src.core.cache - DEBUG - Cache miss for key: dnd_item_equipment_glaive
2026-09-12 15:13:55,263 - src.core.resources - DEBUG - Prefetching item details: equipment/glaive
2026-09-12 15:13:55,264 - urllib3.connectionpool - DEBUG - Starting new HTTPS connection (1): www.dnd5eapi.co:443
2026-09-12 15:13:55,271 - src.core.cache - DEBUG - Cache miss for key: dnd_item_monsters_eagle
2026-09-12 15:13:55,271 - src.core.resources - DEBUG - Prefetching item details: monsters/eagle
2026-09-12 15:13:55,272 - urllib3.connectionpool - DEBUG - Starting new HTTPS connection (1): www.dnd5eapi.co:443
2026-09-12 15:13:55,530 - urllib3.connectionpool - DEBUG - https://www.dnd5eapi.co:443 "GET /api/spells/dream HTTP/1.1" 301 56
2026-09-12 15:13:55,591 - urllib3.connectionpool - DEBUG - https://www.dnd5eapi.co:443 "GET /api/equipment/glaive HTTP/1.1" 301 60
2026-09-12 15:13:55,606 - urllib3.connectionpool - DEBUG - https://www.dnd5eapi.co:443 "GET /api/monsters/eagle HTTP/1.1" 301 58
2026-09-12 15:13:55,639 - urllib3.connectionpool - DEBUG - https://www.dnd5eapi.co:443 "GET /api/2014/spells/dream HTTP/1.1" 200 2855
2026-09-12 15:13:55,640 - src.core.cache - DEBUG - Cached value for key: dnd_item_spells_dream
2026-09-12 15:13:55,647 - src.core.cache - DEBUG - Cache miss for key: dnd_item_spells_druidcraft
2026-09-12 15:13:55,647 - src.core.resources - DEBUG - Prefetching item details: spells/druidcraft
2026-09-12 15:13:55,648 - urllib3.connectionpool - DEBUG - Starting new HTTPS connection (1): www.dnd5eapi.co:443
2026-09-12 15:13:55,700 - urllib3.connectionpool - DEBUG - https://www.dnd5eapi.co:443 "GET /api/2014/equipment/glaive HTTP/1.1" 200 779
2026-09-12 15:13:55,701 - src.core.cache - DEBUG - Cached value for key: dnd_item_equipment_glaive
2026-09-12 15:13:55,708 - src.core.cache - DEBUG - Cache miss for key: dnd_item_equipment_glassblowers-tools
2026-09-12 15:13:55,708 - src.core.resources - DEBUG - Prefetching item details: equipment/glassblowers-tools
2026-09-12 15:13:55,709 - urllib3.connectionpool - DEBUG - Starting new HTTPS connection (1): www.dnd5eapi.co:443
2026-09-12 15:13:55,713 - urllib3.connectionpool - DEBUG - https://www.dnd5eapi.co:443 "GET /api/2014/monsters/eagle HTTP/1.1" 200 1254
2026-09-12 15:13:55,715 - src.core.cache - DEBUG - Cached value for key: dnd_item_monsters_eagle
2026-09-12 15:13:55,722 - src.core.cache - DEBUG - Cache miss for key: dnd_item_monsters_earth-elemental
2026-09-12 15:13:55,722 - src.core.resources - DEBUG - Prefetching item details: monsters/earth-elemental
2026-09-12 15:13:55,723 - urllib3.connectionpool - DEBUG - Starting new HTTPS connection (1): www.dnd5eapi.co:443
2026-09-12 15:13:55,996 - urllib3.connectionpool - DEBUG - https://www.dnd5eapi.co:443 "GET /api/spells/druidcraft HTTP/1.1" 301 61
2026-09-12 15:13:56,034 - urllib3.connectionpool - DEBUG - https://www.dnd5eapi.co:443 "GET /api/equipment/glassblowers-tools HTTP/1.1" 301 72
2026-09-12 15:13:56,047 - urllib3.connectionpool - DEBUG - https://www.dnd5eapi.co:443 "GET /api/monsters/earth-elemental HTTP/1.1" 301 68
2026-09-12 15:13:56,105 - urllib3.connectionpool - DEBUG - https://www.dnd5eapi.co:443 "GET /api/2014/spells/druidcraft HTTP/1.1" 200 1203
2026-09-12 15:13:56,106 - src.core.cache - DEBUG - Cached value for key: dnd_item_spells_druidcraft
2026-09-12 15:13:56,113 - src.core.cache - DEBUG - Cache miss for key: dnd_item_spells_earthquake
2026-09-12 15:13:56,113 - src.core.resources - DEBUG - Prefetching item details: spells/earthquake
2026-09-12 15:13:56,114 - urllib3.connectionpool - DEBUG - Starting new HTTPS connection (1): www.dnd5eapi.co:443
2026-09-12 15:13:56,143 - urllib3.connectionpool - DEBUG - https://www.dnd5eapi.co:443 "GET /api/2014/equipment/glassblowers-tools HTTP/1.1" 200 762
2026-09-12 15:13:56,145 - src.core.cache - DEBUG - Cached value for key: dnd_item_equipment_glassblowers-tools
2026-09-12 15:13:56,152 - src.core.cache - DEBUG - Cache miss for key: dnd_item_equipment_grappling-hook
2026-09-12 15:13:56,152 - src.core.resources - DEBUG - Prefetching item details: equipment/grappling-hook
2026-09-12 15:13:56,153 - urllib3.connectionpool - DEBUG - Starting new HTTPS connection (1): www.dnd5eapi.co:443
2026-09-12 15:13:56,155 - urllib3.connectionpool - DEBUG - https://www.dnd5eapi.co:443 "GET /api/2014/monsters/earth-elemental HTTP/1.1" 200 2085
2026-09-12 15:13:56,156 - src.core.cache - DEBUG - Cached value for key: dnd_item_monsters_earth-elemental
2026-09-12 15:13:56,163 - src.core.cache - DEBUG - Cache miss for key: dnd_item_monsters_efreeti
2026-09-12 15:13:56,163 - src.core.resources - DEBUG - Prefetching item details: monsters/efreeti
2026-09-12 15:13:56,164 - urllib3.connectionpool - DEBUG - Starting new HTTPS connection (1): www.dnd5eapi.co:443
2026-09-12 15:13:56,439 - urllib3.connectionpool - DEBUG - https://www.dnd5eapi.co:443 "GET /api/spells/earthquake HTTP/1.1" 301 61
2026-09-12 15:13:56,478 - urllib3.connectionpool - DEBUG - https://www.dnd5eapi.co:443 "GET /api/equipment/grappling-hook HTTP/1.1" 301 68
2026-09-12 15:13:56,489 - urllib3.connectionpool - DEBUG - https://www.dnd5eapi.co:443 "GET /api/monsters/efreeti HTTP/1.1" 301 60
2026-09-12 15:13:56,546 - urllib3.connectionpool - DEBUG - https://www.dnd5eapi.co:443 "GET /api/2014/spells/earthquake HTTP/1.1" 200 2829
2026-09-12 15:13:56,547 - src.core.cache - DEBUG - Cached value for key: dnd_item_spells_earthquake
2026-09-12 15:13:56,554 - src.core.cache - DEBUG - Cache miss for key: dnd_item_spells_eldritch-blast
2026-09-12 15:13:56,554 - src.core.resources - DEBUG - Prefetching item details: spells/eldritch-blast
2026-09-12 15:13:56,555 - urllib3.connectionpool - DEBUG - Starting new HTTPS connection (1): www.dnd5eapi.co:443
2026-09-12 15:13:56,588 - urllib3.connectionpool - DEBUG - https://www.dnd5eapi.co:443 "GET /api/2014/equipment/grappling-hook HTTP/1.1" 200 481
2026-09-12 15:13:56,589 - src.core.cache - DEBUG - Cached value for key: dnd_item_equipment_grappling-hook
2026-09-12 15:13:56,597 - src.core.cache - DEBUG - Cache miss for key: dnd_item_equipment_greataxe
2026-09-12 15:13:56,597 - src.core.resources - DEBUG - Prefetching item details: equipment/greataxe
2026-09-12 15:13:56,597 - urllib3.connectionpool - DEBUG - Starting new HTTPS connection (1): www.dnd5eapi.co:443
2026-09-12 15:13:56,598 - urllib3.connectionpool - DEBUG - https://www.dnd5eapi.co:443 "GET /api/2014/monsters/efreeti HTTP/1.1" 200 4188
2026-09-12 15:13:56,599 - src.core.cache - DEBUG - Cached value for key: dnd_item_monsters_efreeti
2026-09-12 15:13:56,606 - src.core.cache - DEBUG - Cache miss for key: dnd_item_monsters_elephant
2026-09-12 15:13:56,606 - src.core.resources - DEBUG - Prefetching item details: monsters/elephant
2026-09-12 15:13:56,607 - urllib3.connectionpool - DEBUG - Starting new HTTPS connection (1): www.dnd5eapi.co:443
2026-09-12 15:13:56,882 - urllib3.connectionpool - DEBUG - https://www.dnd5eapi.co:443 "GET /api/spells/eldritch-blast HTTP/1.1" 301 65
2026-09-12 15:13:56,927 - urllib3.connectionpool - DEBUG - https://www.dnd5eapi.co:443 "GET /api/equipment/greataxe HTTP/1.1" 301 62
2026-09-12 15:13:56,933 - urllib3.connectionpool - DEBUG - https://www.dnd5eapi.co:443 "GET /api/monsters/elephant HTTP/1.1" 301 61
2026-09-12 15:13:56,989 - urllib3.connectionpool - DEBUG - https://www.dnd5eapi.co:443 "GET /api/2014/spells/eldritch-blast HTTP/1.1" 200 1167
2026-09-12 15:13:56,990 - src.core.cache - DEBUG - Cached value for key: dnd_item_spells_eldritch-blast
2026-09-12 15:13:56,998 - src.core.cache - DEBUG - Cache miss for key: dnd_item_spells_enhance-ability
2026-09-12 15:13:56,998 - src.core.resources - DEBUG - Prefetching item details: spells/enhance-ability
2026-09-12 15:13:56,999 - urllib3.connectionpool - DEBUG - Starting new HTTPS connection (1): www.dnd5eapi.co:443
2026-09-12 15:13:57,034 - urllib3.connectionpool - DEBUG - https://www.dnd5eapi.co:443 "GET /api/2014/equipment/greataxe HTTP/1.1" 200 710
2026-09-12 15:13:57,036 - src.core.cache - DEBUG - Cached value for key: dnd_item_equipment_greataxe
2026-09-12 15:13:57,041 - urllib3.connectionpool - DEBUG - https://www.dnd5eapi.co:443 "GET /api/2014/monsters/elephant HTTP/1.1" 200 1652
2026-09-12 15:13:57,043 - src.core.cache - DEBUG - Cached value for key: dnd_item_monsters_elephant
2026-09-12 15:13:57,043 - src.core.cache - DEBUG - Cache miss for key: dnd_item_equipment_greatclub
2026-09-12 15:13:57,044 - src.core.resources - DEBUG - Prefetching item details: equipment/greatclub
2026-09-12 15:13:57,044 - urllib3.connectionpool - DEBUG - Starting new HTTPS connection (1): www.dnd5eapi.co:443
2026-09-12 15:13:57,051 - src.core.cache - DEBUG - Cache miss for key: dnd_item_monsters_elk
2026-09-12 15:13:57,051 - src.core.resources - DEBUG - Prefetching item details: monsters/elk
2026-09-12 15:13:57,052 - urllib3.connectionpool - DEBUG - Starting new HTTPS connection (1): www.dnd5eapi.co:443
2026-09-12 15:13:57,333 - urllib3.connectionpool - DEBUG - https://www.dnd5eapi.co:443 "GET /api/spells/enhance-ability HTTP/1.1" 301 66
2026-09-12 15:13:57,372 - urllib3.connectionpool - DEBUG - https://www.dnd5eapi.co:443 "GET /api/equipment/greatclub HTTP/1.1" 301 63
2026-09-12 15:13:57,389 - urllib3.connectionpool - DEBUG - https://www.dnd5eapi.co:443 "GET /api/monsters/elk HTTP/1.1" 301 56
2026-09-12 15:13:57,440 - urllib3.connectionpool - DEBUG - https://www.dnd5eapi.co:443 "GET /api/2014/spells/enhance-ability HTTP/1.1" 200 1724
2026-09-12 15:13:57,441 - src.core.cache - DEBUG - Cached value for key: dnd_item_spells_enhance-ability
2026-09-12 15:13:57,449 - src.core.cache - DEBUG - Cache miss for key: dnd_item_spells_enlarge-reduce
2026-09-12 15:13:57,449 - src.core.resources - DEBUG - Prefetching item details: spells/enlarge-reduce
2026-09-12 15:13:57,450 - urllib3.connectionpool - DEBUG - Starting new HTTPS connection (1): www.dnd5eapi.co:443
2026-09-12 15:13:57,480 - urllib3.connectionpool - DEBUG - https://www.dnd5eapi.co:443 "GET /api/2014/equipment/greatclub HTTP/1.1" 200 644
2026-09-12 15:13:57,481 - src.core.cache - DEBUG - Cached value for key: dnd_item_equipment_greatclub
2026-09-12 15:13:57,489 - src.core.cache - DEBUG - Cache miss for key: dnd_item_equipment_greatsword
2026-09-12 15:13:57,489 - src.core.resources - DEBUG - Prefetching item details: equipment/greatsword
2026-09-12 15:13:57,490 - urllib3.connectionpool - DEBUG - Starting new HTTPS connection (1): www.dnd5eapi.co:443
2026-09-12 15:13:57,498 - urllib3.connectionpool - DEBUG - https://www.dnd5eapi.co:443 "GET /api/2014/monsters/elk HTTP/1.1" 200 1589
2026-09-12 15:13:57,499 - src.core.cache - DEBUG - Cached value for key: dnd_item_monsters_elk
2026-09-12 15:13:57,508 - src.core.cache - DEBUG - Cache miss for key: dnd_item_monsters_erinyes
2026-09-12 15:13:57,508 - src.core.resources - DEBUG - Prefetching item details: monsters/erinyes
2026-09-12 15:13:57,509 - urllib3.connectionpool - DEBUG - Starting new HTTPS connection (1): www.dnd5eapi.co:443
2026-09-12 15:13:57,778 - urllib3.connectionpool - DEBUG - https://www.dnd5eapi.co:443 "GET /api/spells/enlarge-reduce HTTP/1.1" 301 65
2026-09-12 15:13:57,835 - urllib3.connectionpool - DEBUG - https://www.dnd5eapi.co:443 "GET /api/monsters/erinyes HTTP/1.1" 301 60
2026-09-12 15:13:57,843 - urllib3.connectionpool - DEBUG - https://www.dnd5eapi.co:443 "GET /api/equipment/greatsword HTTP/1.1" 301 64
2026-09-12 15:13:57,885 - urllib3.connectionpool - DEBUG - https://www.dnd5eapi.co:443 "GET /api/2014/spells/enlarge-reduce HTTP/1.1" 200 2275
2026-09-12 15:13:57,886 - src.core.cache - DEBUG - Cached value for key: dnd_item_spells_enlarge-reduce
2026-09-12 15:13:57,893 - src.core.cache - DEBUG - Cache miss for key: dnd_item_spells_entangle
2026-09-12 15:13:57,893 - src.core.resources - DEBUG - Prefetching item details: spells/entangle
2026-09-12 15:13:57,894 - urllib3.connectionpool - DEBUG - Starting new HTTPS connection (1): www.dnd5eapi.co:443
2026-09-12 15:13:57,943 - urllib3.connectionpool - DEBUG - https://www.dnd5eapi.co:443 "GET /api/2014/monsters/erinyes HTTP/1.1" 200 4201
2026-09-12 15:13:57,944 - src.core.cache - DEBUG - Cached value for key: dnd_item_monsters_erinyes
2026-09-12 15:13:57,950 - urllib3.connectionpool - DEBUG - https://www.dnd5eapi.co:443 "GET /api/2014/equipment/greatsword HTTP/1.1" 200 715
2026-09-12 15:13:57,951 - src.core.cache - DEBUG - Cached value for key: dnd_item_equipment_greatsword
2026-09-12 15:13:57,952 - src.core.cache - DEBUG - Cache miss for key: dnd_item_monsters_ettercap
2026-09-12 15:13:57,953 - src.core.resources - DEBUG - Prefetching item details: monsters/ettercap
2026-09-12 15:13:57,953 - src.core.cache - DEBUG - Cache miss for key: dnd_item_equipment_halberd
2026-09-12 15:13:57,953 - src.core.resources - DEBUG - Prefetching item details: equipment/halberd
2026-09-12 15:13:57,954 - urllib3.connectionpool - DEBUG - Starting new HTTPS connection (1): www.dnd5eapi.co:443
2026-09-12 15:13:57,954 - urllib3.connectionpool - DEBUG - Starting new HTTPS connection (1): www.dnd5eapi.co:443
2026-09-12 15:13:58,227 - urllib3.connectionpool - DEBUG - https://www.dnd5eapi.co:443 "GET /api/spells/entangle HTTP/1.1" 301 59
2026-09-12 15:13:58,280 - urllib3.connectionpool - DEBUG - https://www.dnd5eapi.co:443 "GET /api/monsters/ettercap HTTP/1.1" 301 61
2026-09-12 15:13:58,281 - urllib3.connectionpool - DEBUG - https://www.dnd5eapi.co:443 "GET /api/equipment/halberd HTTP/1.1" 301 61
2026-09-12 15:13:58,335 - urllib3.connectionpool - DEBUG - https://www.dnd5eapi.co:443 "GET /api/2014/spells/entangle HTTP/1.1" 200 1216
2026-09-12 15:13:58,336 - src.core.cache - DEBUG - Cached value for key: dnd_item_spells_entangle
2026-09-12 15:13:58,344 - src.core.cache - DEBUG - Cache miss for key: dnd_item_spells_enthrall
2026-09-12 15:13:58,344 - src.core.resources - DEBUG - Prefetching item details: spells/enthrall
2026-09-12 15:13:58,345 - urllib3.connectionpool - DEBUG - Starting new HTTPS connection (1): www.dnd5eapi.co:443
2026-09-12 15:13:58,388 - urllib3.connectionpool - DEBUG - https://www.dnd5eapi.co:443 "GET /api/2014/monsters/ettercap HTTP/1.1" 200 3257
2026-09-12 15:13:58,389 - urllib3.connectionpool - DEBUG - https://www.dnd5eapi.co:443 "GET /api/2014/equipment/halberd HTTP/1.1" 200 782
2026-09-12 15:13:58,390 - src.core.cache - DEBUG - Cached value for key: dnd_item_equipment_halberd
2026-09-12 15:13:58,391 - src.core.cache - DEBUG - Cached value for key: dnd_item_monsters_ettercap
2026-09-12 15:13:58,397 - src.core.cache - DEBUG - Cache miss for key: dnd_item_equipment_half-plate-armor
2026-09-12 15:13:58,397 - src.core.cache - DEBUG - Cache miss for key: dnd_item_monsters_ettin
2026-09-12 15:13:58,398 - src.core.resources - DEBUG - Prefetching item details: equipment/half-plate-armor
2026-09-12 15:13:58,398 - src.core.resources - DEBUG - Prefetching item details: monsters/ettin
2026-09-12 15:13:58,399 - urllib3.connectionpool - DEBUG - Starting new HTTPS connection (1): www.dnd5eapi.co:443
2026-09-12 15:13:58,399 - urllib3.connectionpool - DEBUG - Starting new HTTPS connection (1): www.dnd5eapi.co:443
2026-09-12 15:13:58,673 - urllib3.connectionpool - DEBUG - https://www.dnd5eapi.co:443 "GET /api/spells/enthrall HTTP/1.1" 301 59
2026-09-12 15:13:58,725 - urllib3.connectionpool - DEBUG - https://www.dnd5eapi.co:443 "GET /api/monsters/ettin HTTP/1.1" 301 58
2026-09-12 15:13:58,728 - urllib3.connectionpool - DEBUG - https://www.dnd5eapi.co:443 "GET /api/equipment/half-plate-armor HTTP/1.1" 301 70
2026-09-12 15:13:58,781 - urllib3.connectionpool - DEBUG - https://www.dnd5eapi.co:443 "GET /api/2014/spells/enthrall HTTP/1.1" 200 1275
2026-09-12 15:13:58,782 - src.core.cache - DEBUG - Cached value for key: dnd_item_spells_enthrall
2026-09-12 15:13:58,790 - src.core.cache - DEBUG - Cache miss for key: dnd_item_spells_etherealness
2026-09-12 15:13:58,790 - src.core.resources - DEBUG - Prefetching item details: spells/etherealness
2026-09-12 15:13:58,790 - urllib3.connectionpool - DEBUG - Starting new HTTPS connection (1): www.dnd5eapi.co:443
2026-09-12 15:13:58,834 - urllib3.connectionpool - DEBUG - https://www.dnd5eapi.co:443 "GET /api/2014/monsters/ettin HTTP/1.1" 200 2047
2026-09-12 15:13:58,835 - src.core.cache - DEBUG - Cached value for key: dnd_item_monsters_ettin
2026-09-12 15:13:58,839 - urllib3.connectionpool - DEBUG - https://www.dnd5eapi.co:443 "GET /api/2014/equipment/half-plate-armor HTTP/1.1" 200 466
2026-09-12 15:13:58,840 - src.core.cache - DEBUG - Cached value for key: dnd_item_equipment_half-plate-armor
2026-09-12 15:13:58,842 - src.core.cache - DEBUG - Cache miss for key: dnd_item_monsters_fire-elemental
2026-09-12 15:13:58,842 - src.core.resources - DEBUG - Prefetching item details: monsters/fire-elemental
2026-09-12 15:13:58,842 - src.core.cache - DEBUG - Cache miss for key: dnd_item_equipment_hammer
2026-09-12 15:13:58,842 - src.core.resources - DEBUG - Prefetching item details: equipment/hammer
2026-09-12 15:13:58,843 - urllib3.connectionpool - DEBUG - Starting new HTTPS connection (1): www.dnd5eapi.co:443
2026-09-12 15:13:58,843 - urllib3.connectionpool - DEBUG - Starting new HTTPS connection (1): www.dnd5eapi.co:443
2026-09-12 15:13:59,117 - urllib3.connectionpool - DEBUG - https://www.dnd5eapi.co:443 "GET /api/spells/etherealness HTTP/1.1" 301 63
2026-09-12 15:13:59,168 - urllib3.connectionpool - DEBUG - https://www.dnd5eapi.co:443 "GET /api/monsters/fire-elemental HTTP/1.1" 301 67
2026-09-12 15:13:59,169 - urllib3.connectionpool - DEBUG - https://www.dnd5eapi.co:443 "GET /api/equipment/hammer HTTP/1.1" 301 60
2026-09-12 15:13:59,225 - urllib3.connectionpool - DEBUG - https://www.dnd5eapi.co:443 "GET /api/2014/spells/etherealness HTTP/1.1" 200 2363
2026-09-12 15:13:59,226 - src.core.cache - DEBUG - Cached value for key: dnd_item_spells_etherealness
2026-09-12 15:13:59,234 - src.core.cache - DEBUG - Cache miss for key: dnd_item_spells_expeditious-retreat
2026-09-12 15:13:59,234 - src.core.resources - DEBUG - Prefetching item details: spells/expeditious-retreat
2026-09-12 15:13:59,235 - urllib3.connectionpool - DEBUG - Starting new HTTPS connection (1): www.dnd5eapi.co:443
2026-09-12 15:13:59,278 - urllib3.connectionpool - DEBUG - https://www.dnd5eapi.co:443 "GET /api/2014/monsters/fire-elemental HTTP/1.1" 200 3098
2026-09-12 15:13:59,278 - urllib3.connectionpool - DEBUG - https://www.dnd5eapi.co:443 "GET /api/2014/equipment/hammer HTTP/1.1" 200 457
2026-09-12 15:13:59,279 - src.core.cache - DEBUG - Cached value for key: dnd_item_monsters_fire-elemental
2026-09-12 15:13:59,280 - src.core.cache - DEBUG - Cached value for key: dnd_item_equipment_hammer
2026-09-12 15:13:59,287 - src.core.cache - DEBUG - Cache miss for key: dnd_item_monsters_fire-giant
2026-09-12 15:13:59,287 - src.core.resources - DEBUG - Prefetching item details: monsters/fire-giant
2026-09-12 15:13:59,287 - src.core.cache - DEBUG - Cache miss for key: dnd_item_equipment_hammer-sledge
2026-09-12 15:13:59,287 - src.core.resources - DEBUG - Prefetching item details: equipment/hammer-sledge
2026-09-12 15:13:59,288 - urllib3.connectionpool - DEBUG - Starting new HTTPS connection (1): www.dnd5eapi.co:443
2026-09-12 15:13:59,288 - urllib3.connectionpool - DEBUG - Starting new HTTPS connection (1): www.dnd5eapi.co:443
2026-09-12 15:13:59,564 - urllib3.connectionpool - DEBUG - https://www.dnd5eapi.co:443 "GET /api/spells/expeditious-retreat HTTP/1.1" 301 70
2026-09-12 15:13:59,612 - urllib3.connectionpool - DEBUG - https://www.dnd5eapi.co:443 "GET /api/monsters/fire-giant HTTP/1.1" 301 63
2026-09-12 15:13:59,615 - urllib3.connectionpool - DEBUG - https://www.dnd5eapi.co:443 "GET /api/equipment/hammer-sledge HTTP/1.1" 301 67
2026-09-12 15:13:59,672 - urllib3.connectionpool - DEBUG - https://www.dnd5eapi.co:443 "GET /api/2014/spells/expeditious-retreat HTTP/1.1" 200 909
2026-09-12 15:13:59,673 - src.core.cache - DEBUG - Cached value for key: dnd_item_spells_expeditious-retreat
2026-09-12 15:13:59,680 - src.core.cache - DEBUG - Cache miss for key: dnd_item_spells_eyebite
2026-09-12 15:13:59,680 - src.core.resources - DEBUG - Prefetching item details: spells/eyebite
2026-09-12 15:13:59,681 - urllib3.connectionpool - DEBUG - Starting new HTTPS connection (1): www.dnd5eapi.co:443
2026-09-12 15:13:59,721 - urllib3.connectionpool - DEBUG - https://www.dnd5eapi.co:443 "GET /api/2014/monsters/fire-giant HTTP/1.1" 200 2274
2026-09-12 15:13:59,722 - src.core.cache - DEBUG - Cached value for key: dnd_item_monsters_fire-giant
2026-09-12 15:13:59,725 - urllib3.connectionpool - DEBUG - https://www.dnd5eapi.co:443 "GET /api/2014/equipment/hammer-sledge HTTP/1.1" 200 480
2026-09-12 15:13:59,727 - src.core.cache - DEBUG - Cached value for key: dnd_item_equipment_hammer-sledge
2026-09-12 15:13:59,731 - src.core.cache - DEBUG - Cache miss for key: dnd_item_monsters_flesh-golem
2026-09-12 15:13:59,731 - src.core.cache - DEBUG - Cache miss for key: dnd_item_equipment_handaxe
2026-09-12 15:13:59,731 - src.core.resources - DEBUG - Prefetching item details: monsters/flesh-golem
2026-09-12 15:13:59,731 - src.core.resources - DEBUG - Prefetching item details: equipment/handaxe
2026-09-12 15:13:59,732 - urllib3.connectionpool - DEBUG - Starting new HTTPS connection (1): www.dnd5eapi.co:443
2026-09-12 15:13:59,733 - urllib3.connectionpool - DEBUG - Starting new HTTPS connection (1): www.dnd5eapi.co:443
2026-09-12 15:14:00,027 - urllib3.connectionpool - DEBUG - https://www.dnd5eapi.co:443 "GET /api/spells/eyebite HTTP/1.1" 301 58
2026-09-12 15:14:00,056 - urllib3.connectionpool - DEBUG - https://www.dnd5eapi.co:443 "GET /api/monsters/flesh-golem HTTP/1.1" 301 64
2026-09-12 15:14:00,059 - urllib3.connectionpool - DEBUG - https://www.dnd5eapi.co:443 "GET /api/equipment/handaxe HTTP/1.1" 301 61
2026-09-12 15:14:00,134 - urllib3.connectionpool - DEBUG - https://www.dnd5eapi.co:443 "GET /api/2014/spells/eyebite HTTP/1.1" 200 2682
2026-09-12 15:14:00,135 - src.core.cache - DEBUG - Cached value for key: dnd_item_spells_eyebite
2026-09-12 15:14:00,141 - src.core.cache - DEBUG - Cache miss for key: dnd_item_spells_fabricate
2026-09-12 15:14:00,141 - src.core.resources - DEBUG - Prefetching item details: spells/fabricate
2026-09-12 15:14:00,142 - urllib3.connectionpool - DEBUG - Starting new HTTPS connection (1): www.dnd5eapi.co:443
2026-09-12 15:14:00,164 - urllib3.connectionpool - DEBUG - https://www.dnd5eapi.co:443 "GET /api/2014/monsters/flesh-golem HTTP/1.1" 200 3422
2026-09-12 15:14:00,165 - src.core.cache - DEBUG - Cached value for key: dnd_item_monsters_flesh-golem
2026-09-12 15:14:00,167 - urllib3.connectionpool - DEBUG - https://www.dnd5eapi.co:443 "GET /api/2014/equipment/handaxe HTTP/1.1" 200 801
2026-09-12 15:14:00,168 - src.core.cache - DEBUG - Cached value for key: dnd_item_equipment_handaxe
2026-09-12 15:14:00,172 - src.core.cache - DEBUG - Cache miss for key: dnd_item_monsters_flying-snake
2026-09-12 15:14:00,172 - src.core.resources - DEBUG - Prefetching item details: monsters/flying-snake
2026-09-12 15:14:00,172 - src.core.cache - DEBUG - Cache miss for key: dnd_item_equipment_healers-kit
2026-09-12 15:14:00,172 - src.core.resources - DEBUG - Prefetching item details: equipment/healers-kit
2026-09-12 15:14:00,173 - urllib3.connectionpool - DEBUG - Starting new HTTPS connection (1): www.dnd5eapi.co:443
2026-09-12 15:14:00,173 - urllib3.connectionpool - DEBUG - Starting new HTTPS connection (1): www.dnd5eapi.co:443
2026-09-12 15:14:00,465 - urllib3.connectionpool - DEBUG - https://www.dnd5eapi.co:443 "GET /api/spells/fabricate HTTP/1.1" 301 60
2026-09-12 15:14:00,497 - urllib3.connectionpool - DEBUG - https://www.dnd5eapi.co:443 "GET /api/monsters/flying-snake HTTP/1.1" 301 65
2026-09-12 15:14:00,513 - urllib3.connectionpool - DEBUG - https://www.dnd5eapi.co:443 "GET /api/equipment/healers-kit HTTP/1.1" 301 65
2026-09-12 15:14:00,573 - urllib3.connectionpool - DEBUG - https://www.dnd5eapi.co:443 "GET /api/2014/spells/fabricate HTTP/1.1" 200 1455
2026-09-12 15:14:00,574 - src.core.cache - DEBUG - Cached value for key: dnd_item_spells_fabricate
2026-09-12 15:14:00,580 - src.core.cache - DEBUG - Cache miss for key: dnd_item_spells_faerie-fire
2026-09-12 15:14:00,580 - src.core.resources - DEBUG - Prefetching item details: spells/faerie-fire
2026-09-12 15:14:00,581 - urllib3.connectionpool - DEBUG - Starting new HTTPS connection (1): www.dnd5eapi.co:443
2026-09-12 15:14:00,604 - urllib3.connectionpool - DEBUG - https://www.dnd5eapi.co:443 "GET /api/2014/monsters/flying-snake HTTP/1.1" 200 1536
2026-09-12 15:14:00,605 - src.core.cache - DEBUG - Cached value for key: dnd_item_monsters_flying-snake
2026-09-12 15:14:00,611 - src.core.cache - DEBUG - Cache miss for key: dnd_item_monsters_flying-sword
2026-09-12 15:14:00,611 - src.core.resources - DEBUG - Prefetching item details: monsters/flying-sword
2026-09-12 15:14:00,612 - urllib3.connectionpool - DEBUG - Starting new HTTPS connection (1): www.dnd5eapi.co:443
2026-09-12 15:14:00,619 - urllib3.connectionpool - DEBUG - https://www.dnd5eapi.co:443 "GET /api/2014/equipment/healers-kit HTTP/1.1" 200 685
2026-09-12 15:14:00,620 - src.core.cache - DEBUG - Cached value for key: dnd_item_equipment_healers-kit
2026-09-12 15:14:00,626 - src.core.cache - DEBUG - Cache miss for key: dnd_item_equipment_herbalism-kit
2026-09-12 15:14:00,626 - src.core.resources - DEBUG - Prefetching item details: equipment/herbalism-kit
2026-09-12 15:14:00,627 - urllib3.connectionpool - DEBUG - Starting new HTTPS connection (1): www.dnd5eapi.co:443
2026-09-12 15:14:00,908 - urllib3.connectionpool - DEBUG - https://www.dnd5eapi.co:443 "GET /api/spells/faerie-fire HTTP/1.1" 301 62
2026-09-12 15:14:00,952 - urllib3.connectionpool - DEBUG - https://www.dnd5eapi.co:443 "GET /api/equipment/herbalism-kit HTTP/1.1" 301 67
2026-09-12 15:14:00,954 - urllib3.connectionpool - DEBUG - https://www.dnd5eapi.co:443 "GET /api/monsters/flying-sword HTTP/1.1" 301 65
2026-09-12 15:14:01,016 - urllib3.connectionpool - DEBUG - https://www.dnd5eapi.co:443 "GET /api/2014/spells/faerie-fire HTTP/1.1" 200 1152
2026-09-12 15:14:01,017 - src.core.cache - DEBUG - Cached value for key: dnd_item_spells_faerie-fire
2026-09-12 15:14:01,023 - src.core.cache - DEBUG - Cache miss for key: dnd_item_spells_faithful-hound
2026-09-12 15:14:01,024 - src.core.resources - DEBUG - Prefetching item details: spells/faithful-hound
2026-09-12 15:14:01,024 - urllib3.connectionpool - DEBUG - Starting new HTTPS connection (1): www.dnd5eapi.co:443
2026-09-12 15:14:01,059 - urllib3.connectionpool - DEBUG - https://www.dnd5eapi.co:443 "GET /api/2014/equipment/herbalism-kit HTTP/1.1" 200 814
2026-09-12 15:14:01,060 - src.core.cache - DEBUG - Cached value for key: dnd_item_equipment_herbalism-kit
2026-09-12 15:14:01,061 - urllib3.connectionpool - DEBUG - https://www.dnd5eapi.co:443 "GET /api/2014/monsters/flying-sword HTTP/1.1" 200 2223
2026-09-12 15:14:01,062 - src.core.cache - DEBUG - Cached value for key: dnd_item_monsters_flying-sword
2026-09-12 15:14:01,067 - src.core.cache - DEBUG - Cache miss for key: dnd_item_monsters_frog
2026-09-12 15:14:01,067 - src.core.resources - DEBUG - Prefetching item details: monsters/frog
2026-09-12 15:14:01,067 - src.core.cache - DEBUG - Cache miss for key: dnd_item_equipment_hide-armor
2026-09-12 15:14:01,067 - src.core.resources - DEBUG - Prefetching item details: equipment/hide-armor
2026-09-12 15:14:01,068 - urllib3.connectionpool - DEBUG - Starting new HTTPS connection (1): www.dnd5eapi.co:443
2026-09-12 15:14:01,068 - urllib3.connectionpool - DEBUG - Starting new HTTPS connection (1): www.dnd5eapi.co:443
2026-09-12 15:14:01,355 - urllib3.connectionpool - DEBUG - https://www.dnd5eapi.co:443 "GET /api/spells/faithful-hound HTTP/1.1" 301 65
2026-09-12 15:14:01,396 - urllib3.connectionpool - DEBUG - https://www.dnd5eapi.co:443 "GET /api/equipment/hide-armor HTTP/1.1" 301 64
2026-09-12 15:14:01,396 - urllib3.connectionpool - DEBUG - https://www.dnd5eapi.co:443 "GET /api/monsters/frog HTTP/1.1" 301 57
2026-09-12 15:14:01,462 - urllib3.connectionpool - DEBUG - https://www.dnd5eapi.co:443 "GET /api/2014/spells/faithful-hound HTTP/1.1" 200 1524
2026-09-12 15:14:01,463 - src.core.cache - DEBUG - Cached value for key: dnd_item_spells_faithful-hound
2026-09-12 15:14:01,470 - src.core.cache - DEBUG - Cache miss for key: dnd_item_spells_false-life
2026-09-12 15:14:01,470 - src.core.resources - DEBUG - Prefetching item details: spells/false-life
2026-09-12 15:14:01,471 - urllib3.connectionpool - DEBUG - Starting new HTTPS connection (1): www.dnd5eapi.co:443
2026-09-12 15:14:01,506 - urllib3.connectionpool - DEBUG - https://www.dnd5eapi.co:443 "GET /api/2014/equipment/hide-armor HTTP/1.1" 200 448
2026-09-12 15:14:01,507 - src.core.cache - DEBUG - Cached value for key: dnd_item_equipment_hide-armor
2026-09-12 15:14:01,507 - urllib3.connectionpool - DEBUG - https://www.dnd5eapi.co:443 "GET /api/2014/monsters/frog HTTP/1.1" 200 1418
2026-09-12 15:14:01,508 - src.core.cache - DEBUG - Cached value for key: dnd_item_monsters_frog
2026-09-12 15:14:01,514 - src.core.cache - DEBUG - Cache miss for key: dnd_item_monsters_frost-giant
2026-09-12 15:14:01,514 - src.core.cache - DEBUG - Cache miss for key: dnd_item_equipment_holy-water-flask
2026-09-12 15:14:01,514 - src.core.resources - DEBUG - Prefetching item details: monsters/frost-giant
2026-09-12 15:14:01,514 - src.core.resources - DEBUG - Prefetching item details: equipment/holy-water-flask
2026-09-12 15:14:01,515 - urllib3.connectionpool - DEBUG - Starting new HTTPS connection (1): www.dnd5eapi.co:443
2026-09-12 15:14:01,515 - urllib3.connectionpool - DEBUG - Starting new HTTPS connection (1): www.dnd5eapi.co:443
2026-09-12 15:14:01,822 - urllib3.connectionpool - DEBUG - https://www.dnd5eapi.co:443 "GET /api/spells/false-life HTTP/1.1" 301 61
2026-09-12 15:14:01,843 - urllib3.connectionpool - DEBUG - https://www.dnd5eapi.co:443 "GET /api/monsters/frost-giant HTTP/1.1" 301 64
2026-09-12 15:14:01,844 - urllib3.connectionpool - DEBUG - https://www.dnd5eapi.co:443 "GET /api/equipment/holy-water-flask HTTP/1.1" 301 70
2026-09-12 15:14:01,930 - urllib3.connectionpool - DEBUG - https://www.dnd5eapi.co:443 "GET /api/2014/spells/false-life HTTP/1.1" 200 1085
2026-09-12 15:14:01,932 - src.core.cache - DEBUG - Cached value for key: dnd_item_spells_false-life
2026-09-12 15:14:01,938 - src.core.cache - DEBUG - Cache miss for key: dnd_item_spells_fear
2026-09-12 15:14:01,938 - src.core.resources - DEBUG - Prefetching item details: spells/fear
2026-09-12 15:14:01,939 - urllib3.connectionpool - DEBUG - Starting new HTTPS connection (1): www.dnd5eapi.co:443
2026-09-12 15:14:01,953 - urllib3.connectionpool - DEBUG - https://www.dnd5eapi.co:443 "GET /api/2014/monsters/frost-giant HTTP/1.1" 200 2198
2026-09-12 15:14:01,954 - src.core.cache - DEBUG - Cached value for key: dnd_item_monsters_frost-giant
2026-09-12 15:14:01,954 - urllib3.connectionpool - DEBUG - https://www.dnd5eapi.co:443 "GET /api/2014/equipment/holy-water-flask HTTP/1.1" 200 1025
2026-09-12 15:14:01,955 - src.core.cache - DEBUG - Cached value for key: dnd_item_equipment_holy-water-flask
2026-09-12 15:14:01,962 - src.core.cache - DEBUG - Cache miss for key: dnd_item_monsters_gargoyle
2026-09-12 15:14:01,962 - src.core.resources - DEBUG - Prefetching item details: monsters/gargoyle
2026-09-12 15:14:01,962 - src.core.cache - DEBUG - Cache miss for key: dnd_item_equipment_horn
2026-09-12 15:14:01,963 - src.core.resources - DEBUG - Prefetching item details: equipment/horn
2026-09-12 15:14:01,963 - urllib3.connectionpool - DEBUG - Starting new HTTPS connection (1): www.dnd5eapi.co:443
2026-09-12 15:14:01,963 - urllib3.connectionpool - DEBUG - Starting new HTTPS connection (1): www.dnd5eapi.co:443
2026-09-12 15:14:02,265 - urllib3.connectionpool - DEBUG - https://www.dnd5eapi.co:443 "GET /api/spells/fear HTTP/1.1" 301 55
2026-09-12 15:14:02,300 - urllib3.connectionpool - DEBUG - https://www.dnd5eapi.co:443 "GET /api/monsters/gargoyle HTTP/1.1" 301 61
2026-09-12 15:14:02,302 - urllib3.connectionpool - DEBUG - https://www.dnd5eapi.co:443 "GET /api/equipment/horn HTTP/1.1" 301 58
2026-09-12 15:14:02,373 - urllib3.connectionpool - DEBUG - https://www.dnd5eapi.co:443 "GET /api/2014/spells/fear HTTP/1.1" 200 1591
2026-09-12 15:14:02,374 - src.core.cache - DEBUG - Cached value for key: dnd_item_spells_fear
2026-09-12 15:14:02,381 - src.core.cache - DEBUG - Cache miss for key: dnd_item_spells_feather-fall
2026-09-12 15:14:02,381 - src.core.resources - DEBUG - Prefetching item details: spells/feather-fall
2026-09-12 15:14:02,382 - urllib3.connectionpool - DEBUG - Starting new HTTPS connection (1): www.dnd5eapi.co:443
2026-09-12 15:14:02,409 - urllib3.connectionpool - DEBUG - https://www.dnd5eapi.co:443 "GET /api/2014/monsters/gargoyle HTTP/1.1" 200 2068
2026-09-12 15:14:02,410 - src.core.cache - DEBUG - Cached value for key: dnd_item_monsters_gargoyle
2026-09-12 15:14:02,411 - urllib3.connectionpool - DEBUG - https://www.dnd5eapi.co:443 "GET /api/2014/equipment/horn HTTP/1.1" 200 714
2026-09-12 15:14:02,412 - src.core.cache - DEBUG - Cached value for key: dnd_item_equipment_horn
2026-09-12 15:14:02,416 - src.core.cache - DEBUG - Cache miss for key: dnd_item_monsters_gelatinous-cube
2026-09-12 15:14:02,416 - src.core.resources - DEBUG - Prefetching item details: monsters/gelatinous-cube
2026-09-12 15:14:02,416 - src.core.cache - DEBUG - Cache miss for key: dnd_item_equipment_horse-draft
2026-09-12 15:14:02,417 - src.core.resources - DEBUG - Prefetching item details: equipment/horse-draft
2026-09-12 15:14:02,417 - urllib3.connectionpool - DEBUG - Starting new HTTPS connection (1): www.dnd5eapi.co:443
2026-09-12 15:14:02,418 - urllib3.connectionpool - DEBUG - Starting new HTTPS connection (1): www.dnd5eapi.co:443
2026-09-12 15:14:02,707 - urllib3.connectionpool - DEBUG - https://www.dnd5eapi.co:443 "GET /api/spells/feather-fall HTTP/1.1" 301 63
2026-09-12 15:14:02,744 - urllib3.connectionpool - DEBUG - https://www.dnd5eapi.co:443 "GET /api/equipment/horse-draft HTTP/1.1" 301 65
2026-09-12 15:14:02,745 - urllib3.connectionpool - DEBUG - https://www.dnd5eapi.co:443 "GET /api/monsters/gelatinous-cube HTTP/1.1" 301 68
2026-09-12 15:14:02,815 - urllib3.connectionpool - DEBUG - https://www.dnd5eapi.co:443 "GET /api/2014/spells/feather-fall HTTP/1.1" 200 1012
2026-09-12 15:14:02,816 - src.core.cache - DEBUG - Cached value for key: dnd_item_spells_feather-fall
2026-09-12 15:14:02,824 - src.core.cache - DEBUG - Cache miss for key: dnd_item_spells_feeblemind
2026-09-12 15:14:02,824 - src.core.resources - DEBUG - Prefetching item details: spells/feeblemind
2026-09-12 15:14:02,825 - urllib3.connectionpool - DEBUG - Starting new HTTPS connection (1): www.dnd5eapi.co:443
2026-09-12 15:14:02,852 - urllib3.connectionpool - DEBUG - https://www.dnd5eapi.co:443 "GET /api/2014/equipment/horse-draft HTTP/1.1" 200 463
2026-09-12 15:14:02,853 - src.core.cache - DEBUG - Cached value for key: dnd_item_equipment_horse-draft
2026-09-12 15:14:02,853 - urllib3.connectionpool - DEBUG - https://www.dnd5eapi.co:443 "GET /api/2014/monsters/gelatinous-cube HTTP/1.1" 200 3570
2026-09-12 15:14:02,855 - src.core.cache - DEBUG - Cached value for key: dnd_item_monsters_gelatinous-cube
2026-09-12 15:14:02,859 - src.core.cache - DEBUG - Cache miss for key: dnd_item_equipment_horse-riding
2026-09-12 15:14:02,859 - src.core.cache - DEBUG - Cache miss for key: dnd_item_monsters_ghast
2026-09-12 15:14:02,860 - src.core.resources - DEBUG - Prefetching item details: equipment/horse-riding
2026-09-12 15:14:02,860 - src.core.resources - DEBUG - Prefetching item details: monsters/ghast
2026-09-12 15:14:02,861 - urllib3.connectionpool - DEBUG - Starting new HTTPS connection (1): www.dnd5eapi.co:443
2026-09-12 15:14:02,861 - urllib3.connectionpool - DEBUG - Starting new HTTPS connection (1): www.dnd5eapi.co:443
2026-09-12 15:14:03,153 - urllib3.connectionpool - DEBUG - https://www.dnd5eapi.co:443 "GET /api/spells/feeblemind HTTP/1.1" 301 61
2026-09-12 15:14:03,185 - urllib3.connectionpool - DEBUG - https://www.dnd5eapi.co:443 "GET /api/monsters/ghast HTTP/1.1" 301 58
2026-09-12 15:14:03,185 - urllib3.connectionpool - DEBUG - https://www.dnd5eapi.co:443 "GET /api/equipment/horse-riding HTTP/1.1" 301 66
2026-09-12 15:14:03,262 - urllib3.connectionpool - DEBUG - https://www.dnd5eapi.co:443 "GET /api/2014/spells/feeblemind HTTP/1.1" 200 1802
2026-09-12 15:14:03,263 - src.core.cache - DEBUG - Cached value for key: dnd_item_spells_feeblemind
2026-09-12 15:14:03,270 - src.core.cache - DEBUG - Cache miss for key: dnd_item_spells_find-familiar
2026-09-12 15:14:03,270 - src.core.resources - DEBUG - Prefetching item details: spells/find-familiar
2026-09-12 15:14:03,271 - urllib3.connectionpool - DEBUG - Starting new HTTPS connection (1): www.dnd5eapi.co:443
2026-09-12 15:14:03,296 - urllib3.connectionpool - DEBUG - https://www.dnd5eapi.co:443 "GET /api/2014/monsters/ghast HTTP/1.1" 200 2367
2026-09-12 15:14:03,296 - urllib3.connectionpool - DEBUG - https://www.dnd5eapi.co:443 "GET /api/2014/equipment/horse-riding HTTP/1.1" 200 466
2026-09-12 15:14:03,298 - src.core.cache - DEBUG - Cached value for key: dnd_item_monsters_ghast
2026-09-12 15:14:03,298 - src.core.cache - DEBUG - Cached value for key: dnd_item_equipment_horse-riding
2026-09-12 15:14:03,305 - src.core.cache - DEBUG - Cache miss for key: dnd_item_equipment_hourglass
2026-09-12 15:14:03,306 - src.core.resources - DEBUG - Prefetching item details: equipment/hourglass
2026-09-12 15:14:03,306 - src.core.cache - DEBUG - Cache miss for key: dnd_item_monsters_ghost
2026-09-12 15:14:03,306 - src.core.resources - DEBUG - Prefetching item details: monsters/ghost
2026-09-12 15:14:03,307 - urllib3.connectionpool - DEBUG - Starting new HTTPS connection (1): www.dnd5eapi.co:443
2026-09-12 15:14:03,307 - urllib3.connectionpool - DEBUG - Starting new HTTPS connection (1): www.dnd5eapi.co:443
2026-09-12 15:14:03,617 - urllib3.connectionpool - DEBUG - https://www.dnd5eapi.co:443 "GET /api/spells/find-familiar HTTP/1.1" 301 64
2026-09-12 15:14:03,645 - urllib3.connectionpool - DEBUG - https://www.dnd5eapi.co:443 "GET /api/monsters/ghost HTTP/1.1" 301 58
2026-09-12 15:14:03,649 - urllib3.connectionpool - DEBUG - https://www.dnd5eapi.co:443 "GET /api/equipment/hourglass HTTP/1.1" 301 63
2026-09-12 15:14:03,727 - urllib3.connectionpool - DEBUG - https://www.dnd5eapi.co:443 "GET /api/2014/spells/find-familiar HTTP/1.1" 200 2548
2026-09-12 15:14:03,729 - src.core.cache - DEBUG - Cached value for key: dnd_item_spells_find-familiar
2026-09-12 15:14:03,736 - src.core.cache - DEBUG - Cache miss for key: dnd_item_spells_find-steed
2026-09-12 15:14:03,736 - src.core.resources - DEBUG - Prefetching item details: spells/find-steed
2026-09-12 15:14:03,737 - urllib3.connectionpool - DEBUG - Starting new HTTPS connection (1): www.dnd5eapi.co:443
2026-09-12 15:14:03,757 - urllib3.connectionpool - DEBUG - https://www.dnd5eapi.co:443 "GET /api/2014/monsters/ghost HTTP/1.1" 200 4640
2026-09-12 15:14:03,759 - src.core.cache - DEBUG - Cached value for key: dnd_item_monsters_ghost
2026-09-12 15:14:03,760 - urllib3.connectionpool - DEBUG - https://www.dnd5eapi.co:443 "GET /api/2014/equipment/hourglass HTTP/1.1" 200 467
2026-09-12 15:14:03,761 - src.core.cache - DEBUG - Cached value for key: dnd_item_equipment_hourglass
2026-09-12 15:14:03,769 - src.core.cache - DEBUG - Cache miss for key: dnd_item_monsters_ghoul
2026-09-12 15:14:03,769 - src.core.resources - DEBUG - Prefetching item details: monsters/ghoul
2026-09-12 15:14:03,770 - src.core.cache - DEBUG - Cache miss for key: dnd_item_equipment_hunting-trap
2026-09-12 15:14:03,770 - src.core.resources - DEBUG - Prefetching item details: equipment/hunting-trap
2026-09-12 15:14:03,771 - urllib3.connectionpool - DEBUG - Starting new HTTPS connection (1): www.dnd5eapi.co:443
2026-09-12 15:14:03,772 - urllib3.connectionpool - DEBUG - Starting new HTTPS connection (1): www.dnd5eapi.co:443
2026-09-12 15:14:04,071 - urllib3.connectionpool - DEBUG - https://www.dnd5eapi.co:443 "GET /api/spells/find-steed HTTP/1.1" 301 61
2026-09-12 15:14:04,109 - urllib3.connectionpool - DEBUG - https://www.dnd5eapi.co:443 "GET /api/monsters/ghoul HTTP/1.1" 301 58
2026-09-12 15:14:04,110 - urllib3.connectionpool - DEBUG - https://www.dnd5eapi.co:443 "GET /api/equipment/hunting-trap HTTP/1.1" 301 66
2026-09-12 15:14:04,182 - urllib3.connectionpool - DEBUG - https://www.dnd5eapi.co:443 "GET /api/2014/spells/find-steed HTTP/1.1" 200 1973
2026-09-12 15:14:04,183 - src.core.cache - DEBUG - Cached value for key: dnd_item_spells_find-steed
2026-09-12 15:14:04,189 - src.core.cache - DEBUG - Cache miss for key: dnd_item_spells_find-the-path
2026-09-12 15:14:04,189 - src.core.resources - DEBUG - Prefetching item details: spells/find-the-path
2026-09-12 15:14:04,190 - urllib3.connectionpool - DEBUG - Starting new HTTPS connection (1): www.dnd5eapi.co:443
2026-09-12 15:14:04,223 - urllib3.connectionpool - DEBUG - https://www.dnd5eapi.co:443 "GET /api/2014/monsters/ghoul HTTP/1.1" 200 1799
2026-09-12 15:14:04,223 - urllib3.connectionpool - DEBUG - https://www.dnd5eapi.co:443 "GET /api/2014/equipment/hunting-trap HTTP/1.1" 200 1195
2026-09-12 15:14:04,225 - src.core.cache - DEBUG - Cached value for key: dnd_item_monsters_ghoul
2026-09-12 15:14:04,225 - src.core.cache - DEBUG - Cached value for key: dnd_item_equipment_hunting-trap
2026-09-12 15:14:04,232 - src.core.cache - DEBUG - Cache miss for key: dnd_item_equipment_ink-1-ounce-bottle
2026-09-12 15:14:04,232 - src.core.cache - DEBUG - Cache miss for key: dnd_item_monsters_giant-ape
2026-09-12 15:14:04,232 - src.core.resources - DEBUG - Prefetching item details: monsters/giant-ape
2026-09-12 15:14:04,232 - src.core.resources - DEBUG - Prefetching item details: equipment/ink-1-ounce-bottle
2026-09-12 15:14:04,233 - urllib3.connectionpool - DEBUG - Starting new HTTPS connection (1): www.dnd5eapi.co:443
2026-09-12 15:14:04,233 - urllib3.connectionpool - DEBUG - Starting new HTTPS connection (1): www.dnd5eapi.co:443
2026-09-12 15:14:04,521 - urllib3.connectionpool - DEBUG - https://www.dnd5eapi.co:443 "GET /api/spells/find-the-path HTTP/1.1" 301 64
2026-09-12 15:14:04,571 - urllib3.connectionpool - DEBUG - https://www.dnd5eapi.co:443 "GET /api/equipment/ink-1-ounce-bottle HTTP/1.1" 301 72
2026-09-12 15:14:04,572 - urllib3.connectionpool - DEBUG - https://www.dnd5eapi.co:443 "GET /api/monsters/giant-ape HTTP/1.1" 301 62
2026-09-12 15:14:04,629 - urllib3.connectionpool - DEBUG - https://www.dnd5eapi.co:443 "GET /api/2014/spells/find-the-path HTTP/1.1" 200 1515
2026-09-12 15:14:04,631 - src.core.cache - DEBUG - Cached value for key: dnd_item_spells_find-the-path
2026-09-12 15:14:04,638 - src.core.cache - DEBUG - Cache miss for key: dnd_item_spells_find-traps
2026-09-12 15:14:04,638 - src.core.resources - DEBUG - Prefetching item details: spells/find-traps
2026-09-12 15:14:04,639 - urllib3.connectionpool - DEBUG - Starting new HTTPS connection (1): www.dnd5eapi.co:443
2026-09-12 15:14:04,682 - urllib3.connectionpool - DEBUG - https://www.dnd5eapi.co:443 "GET /api/2014/equipment/ink-1-ounce-bottle HTTP/1.1" 200 496
2026-09-12 15:14:04,682 - urllib3.connectionpool - DEBUG - https://www.dnd5eapi.co:443 "GET /api/2014/monsters/giant-ape HTTP/1.1" 200 1769
2026-09-12 15:14:04,683 - src.core.cache - DEBUG - Cached value for key: dnd_item_equipment_ink-1-ounce-bottle
2026-09-12 15:14:04,684 - src.core.cache - DEBUG - Cached value for key: dnd_item_monsters_giant-ape
2026-09-12 15:14:04,690 - src.core.cache - DEBUG - Cache miss for key: dnd_item_equipment_ink-pen
2026-09-12 15:14:04,690 - src.core.cache - DEBUG - Cache miss for key: dnd_item_monsters_giant-badger
2026-09-12 15:14:04,690 - src.core.resources - DEBUG - Prefetching item details: equipment/ink-pen
2026-09-12 15:14:04,690 - src.core.resources - DEBUG - Prefetching item details: monsters/giant-badger
2026-09-12 15:14:04,692 - urllib3.connectionpool - DEBUG - Starting new HTTPS connection (1): www.dnd5eapi.co:443
2026-09-12 15:14:04,692 - urllib3.connectionpool - DEBUG - Starting new HTTPS connection (1): www.dnd5eapi.co:443
2026-09-12 15:14:04,975 - urllib3.connectionpool - DEBUG - https://www.dnd5eapi.co:443 "GET /api/spells/find-traps HTTP/1.1" 301 61
2026-09-12 15:14:05,025 - urllib3.connectionpool - DEBUG - https://www.dnd5eapi.co:443 "GET /api/monsters/giant-badger HTTP/1.1" 301 65
2026-09-12 15:14:05,029 - urllib3.connectionpool - DEBUG - https://www.dnd5eapi.co:443 "GET /api/equipment/ink-pen HTTP/1.1" 301 61
2026-09-12 15:14:05,085 - urllib3.connectionpool - DEBUG - https://www.dnd5eapi.co:443 "GET /api/2014/spells/find-traps HTTP/1.1" 200 1337
2026-09-12 15:14:05,086 - src.core.cache - DEBUG - Cached value for key: dnd_item_spells_find-traps
2026-09-12 15:14:05,092 - src.core.cache - DEBUG - Cache miss for key: dnd_item_spells_finger-of-death
2026-09-12 15:14:05,093 - src.core.resources - DEBUG - Prefetching item details: spells/finger-of-death
2026-09-12 15:14:05,093 - urllib3.connectionpool - DEBUG - Starting new HTTPS connection (1): www.dnd5eapi.co:443
2026-09-12 15:14:05,134 - urllib3.connectionpool - DEBUG - https://www.dnd5eapi.co:443 "GET /api/2014/monsters/giant-badger HTTP/1.1" 200 1717
2026-09-12 15:14:05,135 - src.core.cache - DEBUG - Cached value for key: dnd_item_monsters_giant-badger
2026-09-12 15:14:05,138 - urllib3.connectionpool - DEBUG - https://www.dnd5eapi.co:443 "GET /api/2014/equipment/ink-pen HTTP/1.1" 200 460
2026-09-12 15:14:05,139 - src.core.cache - DEBUG - Cached value for key: dnd_item_equipment_ink-pen
2026-09-12 15:14:05,142 - src.core.cache - DEBUG - Cache miss for key: dnd_item_monsters_giant-bat
2026-09-12 15:14:05,142 - src.core.cache - DEBUG - Cache miss for key: dnd_item_equipment_javelin
2026-09-12 15:14:05,142 - src.core.resources - DEBUG - Prefetching item details: monsters/giant-bat
2026-09-12 15:14:05,142 - src.core.resources - DEBUG - Prefetching item details: equipment/javelin
2026-09-12 15:14:05,144 - urllib3.connectionpool - DEBUG - Starting new HTTPS connection (1): www.dnd5eapi.co:443
2026-09-12 15:14:05,145 - urllib3.connectionpool - DEBUG - Starting new HTTPS connection (1): www.dnd5eapi.co:443
2026-09-12 15:14:05,444 - urllib3.connectionpool - DEBUG - https://www.dnd5eapi.co:443 "GET /api/spells/finger-of-death HTTP/1.1" 301 66
2026-09-12 15:14:05,482 - urllib3.connectionpool - DEBUG - https://www.dnd5eapi.co:443 "GET /api/equipment/javelin HTTP/1.1" 301 61
2026-09-12 15:14:05,493 - urllib3.connectionpool - DEBUG - https://www.dnd5eapi.co:443 "GET /api/monsters/giant-bat HTTP/1.1" 301 62
2026-09-12 15:14:05,553 - urllib3.connectionpool - DEBUG - https://www.dnd5eapi.co:443 "GET /api/2014/spells/finger-of-death HTTP/1.1" 200 1321
2026-09-12 15:14:05,554 - src.core.cache - DEBUG - Cached value for key: dnd_item_spells_finger-of-death
2026-09-12 15:14:05,562 - src.core.cache - DEBUG - Cache miss for key: dnd_item_spells_fire-bolt
2026-09-12 15:14:05,562 - src.core.resources - DEBUG - Prefetching item details: spells/fire-bolt
2026-09-12 15:14:05,563 - urllib3.connectionpool - DEBUG - Starting new HTTPS connection (1): www.dnd5eapi.co:443
2026-09-12 15:14:05,593 - urllib3.connectionpool - DEBUG - https://www.dnd5eapi.co:443 "GET /api/2014/equipment/javelin HTTP/1.1" 200 727
2026-09-12 15:14:05,594 - src.core.cache - DEBUG - Cached value for key: dnd_item_equipment_javelin
2026-09-12 15:14:05,601 - src.core.cache - DEBUG - Cache miss for key: dnd_item_equipment_jewelers-tools
2026-09-12 15:14:05,601 - src.core.resources - DEBUG - Prefetching item details: equipment/jewelers-tools
2026-09-12 15:14:05,602 - urllib3.connectionpool - DEBUG - Starting new HTTPS connection (1): www.dnd5eapi.co:443
2026-09-12 15:14:05,603 - urllib3.connectionpool - DEBUG - https://www.dnd5eapi.co:443 "GET /api/2014/monsters/giant-bat HTTP/1.1" 200 1265
2026-09-12 15:14:05,604 - src.core.cache - DEBUG - Cached value for key: dnd_item_monsters_giant-bat
2026-09-12 15:14:05,612 - src.core.cache - DEBUG - Cache miss for key: dnd_item_monsters_giant-boar
2026-09-12 15:14:05,613 - src.core.resources - DEBUG - Prefetching item details: monsters/giant-boar
2026-09-12 15:14:05,613 - urllib3.connectionpool - DEBUG - Starting new HTTPS connection (1): www.dnd5eapi.co:443
2026-09-12 15:14:05,893 - urllib3.connectionpool - DEBUG - https://www.dnd5eapi.co:443 "GET /api/spells/fire-bolt HTTP/1.1" 301 60
2026-09-12 15:14:05,932 - urllib3.connectionpool - DEBUG - https://www.dnd5eapi.co:443 "GET /api/equipment/jewelers-tools HTTP/1.1" 301 68
2026-09-12 15:14:05,947 - urllib3.connectionpool - DEBUG - https://www.dnd5eapi.co:443 "GET /api/monsters/giant-boar HTTP/1.1" 301 63
2026-09-12 15:14:06,003 - urllib3.connectionpool - DEBUG - https://www.dnd5eapi.co:443 "GET /api/2014/spells/fire-bolt HTTP/1.1" 200 1088
2026-09-12 15:14:06,004 - src.core.cache - DEBUG - Cached value for key: dnd_item_spells_fire-bolt
2026-09-12 15:14:06,011 - src.core.cache - DEBUG - Cache miss for key: dnd_item_spells_fire-shield
2026-09-12 15:14:06,011 - src.core.resources - DEBUG - Prefetching item details: spells/fire-shield
2026-09-12 15:14:06,012 - urllib3.connectionpool - DEBUG - Starting new HTTPS connection (1): www.dnd5eapi.co:443
2026-09-12 15:14:06,041 - urllib3.connectionpool - DEBUG - https://www.dnd5eapi.co:443 "GET /api/2014/equipment/jewelers-tools HTTP/1.1" 200 750
2026-09-12 15:14:06,042 - src.core.cache - DEBUG - Cached value for key: dnd_item_equipment_jewelers-tools
2026-09-12 15:14:06,048 - src.core.cache - DEBUG - Cache miss for key: dnd_item_equipment_jug-or-pitcher
2026-09-12 15:14:06,048 - src.core.resources - DEBUG - Prefetching item details: equipment/jug-or-pitcher
2026-09-12 15:14:06,049 - urllib3.connectionpool - DEBUG - Starting new HTTPS connection (1): www.dnd5eapi.co:443
2026-09-12 15:14:06,058 - urllib3.connectionpool - DEBUG - https://www.dnd5eapi.co:443 "GET /api/2014/monsters/giant-boar HTTP/1.1" 200 1547
2026-09-12 15:14:06,059 - src.core.cache - DEBUG - Cached value for key: dnd_item_monsters_giant-boar
2026-09-12 15:14:06,066 - src.core.cache - DEBUG - Cache miss for key: dnd_item_monsters_giant-centipede
2026-09-12 15:14:06,066 - src.core.resources - DEBUG - Prefetching item details: monsters/giant-centipede
2026-09-12 15:14:06,066 - urllib3.connectionpool - DEBUG - Starting new HTTPS connection (1): www.dnd5eapi.co:443
2026-09-12 15:14:06,347 - urllib3.connectionpool - DEBUG - https://www.dnd5eapi.co:443 "GET /api/spells/fire-shield HTTP/1.1" 301 62
2026-09-12 15:14:06,381 - urllib3.connectionpool - DEBUG - https://www.dnd5eapi.co:443 "GET /api/equipment/jug-or-pitcher HTTP/1.1" 301 68
2026-09-12 15:14:06,399 - urllib3.connectionpool - DEBUG - https://www.dnd5eapi.co:443 "GET /api/monsters/giant-centipede HTTP/1.1" 301 68
2026-09-12 15:14:06,459 - urllib3.connectionpool - DEBUG - https://www.dnd5eapi.co:443 "GET /api/2014/spells/fire-shield HTTP/1.1" 200 1350
2026-09-12 15:14:06,460 - src.core.cache - DEBUG - Cached value for key: dnd_item_spells_fire-shield
2026-09-12 15:14:06,467 - src.core.cache - DEBUG - Cache miss for key: dnd_item_spells_fire-storm
2026-09-12 15:14:06,467 - src.core.resources - DEBUG - Prefetching item details: spells/fire-storm
2026-09-12 15:14:06,468 - urllib3.connectionpool - DEBUG - Starting new HTTPS connection (1): www.dnd5eapi.co:443
2026-09-12 15:14:06,491 - urllib3.connectionpool - DEBUG - https://www.dnd5eapi.co:443 "GET /api/2014/equipment/jug-or-pitcher HTTP/1.1" 200 481
2026-09-12 15:14:06,492 - src.core.cache - DEBUG - Cached value for key: dnd_item_equipment_jug-or-pitcher
2026-09-12 15:14:06,499 - src.core.cache - DEBUG - Cache miss for key: dnd_item_equipment_keelboat
2026-09-12 15:14:06,499 - src.core.resources - DEBUG - Prefetching item details: equipment/keelboat
2026-09-12 15:14:06,500 - urllib3.connectionpool - DEBUG - Starting new HTTPS connection (1): www.dnd5eapi.co:443
2026-09-12 15:14:06,525 - urllib3.connectionpool - DEBUG - https://www.dnd5eapi.co:443 "GET /api/2014/monsters/giant-centipede HTTP/1.1" 200 1357
2026-09-12 15:14:06,526 - src.core.cache - DEBUG - Cached value for key: dnd_item_monsters_giant-centipede
2026-09-12 15:14:06,532 - src.core.cache - DEBUG - Cache miss for key: dnd_item_monsters_giant-constrictor-snake
2026-09-12 15:14:06,533 - src.core.resources - DEBUG - Prefetching item details: monsters/giant-constrictor-snake
2026-09-12 15:14:06,533 - urllib3.connectionpool - DEBUG - Starting new HTTPS connection (1): www.dnd5eapi.co:443
2026-09-12 15:14:06,816 - urllib3.connectionpool - DEBUG - https://www.dnd5eapi.co:443 "GET /api/spells/fire-storm HTTP/1.1" 301 61
2026-09-12 15:14:06,855 - urllib3.connectionpool - DEBUG - https://www.dnd5eapi.co:443 "GET /api/equipment/keelboat HTTP/1.1" 301 62
2026-09-12 15:14:06,873 - urllib3.connectionpool - DEBUG - https://www.dnd5eapi.co:443 "GET /api/monsters/giant-constrictor-snake HTTP/1.1" 301 76
2026-09-12 15:14:06,931 - urllib3.connectionpool - DEBUG - https://www.dnd5eapi.co:443 "GET /api/2014/spells/fire-storm HTTP/1.1" 200 1472
2026-09-12 15:14:06,933 - src.core.cache - DEBUG - Cached value for key: dnd_item_spells_fire-storm
2026-09-12 15:14:06,939 - src.core.cache - DEBUG - Cache miss for key: dnd_item_spells_fireball
2026-09-12 15:14:06,939 - src.core.resources - DEBUG - Prefetching item details: spells/fireball
2026-09-12 15:14:06,940 - urllib3.connectionpool - DEBUG - Starting new HTTPS connection (1): www.dnd5eapi.co:443
2026-09-12 15:14:06,965 - urllib3.connectionpool - DEBUG - https://www.dnd5eapi.co:443 "GET /api/2014/equipment/keelboat HTTP/1.1" 200 781
2026-09-12 15:14:06,966 - src.core.cache - DEBUG - Cached value for key: dnd_item_equipment_keelboat
2026-09-12 15:14:06,974 - src.core.cache - DEBUG - Cache miss for key: dnd_item_equipment_ladder-10-foot
2026-09-12 15:14:06,974 - src.core.resources - DEBUG - Prefetching item details: equipment/ladder-10-foot
2026-09-12 15:14:06,975 - urllib3.connectionpool - DEBUG - Starting new HTTPS connection (1): www.dnd5eapi.co:443
2026-09-12 15:14:06,984 - urllib3.connectionpool - DEBUG - https://www.dnd5eapi.co:443 "GET /api/2014/monsters/giant-constrictor-snake HTTP/1.1" 200 1677
2026-09-12 15:14:06,986 - src.core.cache - DEBUG - Cached value for key: dnd_item_monsters_giant-constrictor-snake
2026-09-12 15:14:06,993 - src.core.cache - DEBUG - Cache miss for key: dnd_item_monsters_giant-crab
2026-09-12 15:14:06,993 - src.core.resources - DEBUG - Prefetching item details: monsters/giant-crab
2026-09-12 15:14:06,994 - urllib3.connectionpool - DEBUG - Starting new HTTPS connection (1): www.dnd5eapi.co:443
2026-09-12 15:14:07,293 - urllib3.connectionpool - DEBUG - https://www.dnd5eapi.co:443 "GET /api/spells/fireball HTTP/1.1" 301 59
2026-09-12 15:14:07,313 - urllib3.connectionpool - DEBUG - https://www.dnd5eapi.co:443 "GET /api/equipment/ladder-10-foot HTTP/1.1" 301 68
2026-09-12 15:14:07,335 - urllib3.connectionpool - DEBUG - https://www.dnd5eapi.co:443 "GET /api/monsters/giant-crab HTTP/1.1" 301 63
2026-09-12 15:14:07,405 - urllib3.connectionpool - DEBUG - https://www.dnd5eapi.co:443 "GET /api/2014/spells/fireball HTTP/1.1" 200 1650
2026-09-12 15:14:07,406 - src.core.cache - DEBUG - Cached value for key: dnd_item_spells_fireball
2026-09-12 15:14:07,412 - src.core.cache - DEBUG - Cache miss for key: dnd_item_spells_flame-blade
2026-09-12 15:14:07,412 - src.core.resources - DEBUG - Prefetching item details: spells/flame-blade
2026-09-12 15:14:07,413 - urllib3.connectionpool - DEBUG - Starting new HTTPS connection (1): www.dnd5eapi.co:443
2026-09-12 15:14:07,425 - urllib3.connectionpool - DEBUG - https://www.dnd5eapi.co:443 "GET /api/2014/equipment/ladder-10-foot HTTP/1.1" 200 484
2026-09-12 15:14:07,426 - src.core.cache - DEBUG - Cached value for key: dnd_item_equipment_ladder-10-foot
2026-09-12 15:14:07,431 - src.core.cache - DEBUG - Cache miss for key: dnd_item_equipment_lamp
2026-09-12 15:14:07,431 - src.core.resources - DEBUG - Prefetching item details: equipment/lamp
2026-09-12 15:14:07,432 - urllib3.connectionpool - DEBUG - Starting new HTTPS connection (1): www.dnd5eapi.co:443
2026-09-12 15:14:07,448 - urllib3.connectionpool - DEBUG - https://www.dnd5eapi.co:443 "GET /api/2014/monsters/giant-crab HTTP/1.1" 200 1379
2026-09-12 15:14:07,449 - src.core.cache - DEBUG - Cached value for key: dnd_item_monsters_giant-crab
2026-09-12 15:14:07,456 - src.core.cache - DEBUG - Cache miss for key: dnd_item_monsters_giant-crocodile
2026-09-12 15:14:07,456 - src.core.resources - DEBUG - Prefetching item details: monsters/giant-crocodile
2026-09-12 15:14:07,457 - urllib3.connectionpool - DEBUG - Starting new HTTPS connection (1): www.dnd5eapi.co:443
2026-09-12 15:14:07,749 - urllib3.connectionpool - DEBUG - https://www.dnd5eapi.co:443 "GET /api/spells/flame-blade HTTP/1.1" 301 62
2026-09-12 15:14:07,785 - urllib3.connectionpool - DEBUG - https://www.dnd5eapi.co:443 "GET /api/equipment/lamp HTTP/1.1" 301 58
2026-09-12 15:14:07,812 - urllib3.connectionpool - DEBUG - https://www.dnd5eapi.co:443 "GET /api/monsters/giant-crocodile HTTP/1.1" 301 68
2026-09-12 15:14:07,861 - urllib3.connectionpool - DEBUG - https://www.dnd5eapi.co:443 "GET /api/2014/spells/flame-blade HTTP/1.1" 200 1313
2026-09-12 15:14:07,862 - src.core.cache - DEBUG - Cached value for key: dnd_item_spells_flame-blade
2026-09-12 15:14:07,872 - src.core.cache - DEBUG - Cache miss for key: dnd_item_spells_flame-strike
2026-09-12 15:14:07,872 - src.core.resources - DEBUG - Prefetching item details: spells/flame-strike
2026-09-12 15:14:07,873 - urllib3.connectionpool - DEBUG - Starting new HTTPS connection (1): www.dnd5eapi.co:443
2026-09-12 15:14:07,897 - urllib3.connectionpool - DEBUG - https://www.dnd5eapi.co:443 "GET /api/2014/equipment/lamp HTTP/1.1" 200 598
2026-09-12 15:14:07,899 - src.core.cache - DEBUG - Cached value for key: dnd_item_equipment_lamp
2026-09-12 15:14:07,906 - src.core.cache - DEBUG - Cache miss for key: dnd_item_equipment_lance
2026-09-12 15:14:07,906 - src.core.resources - DEBUG - Prefetching item details: equipment/lance
2026-09-12 15:14:07,907 - urllib3.connectionpool - DEBUG - Starting new HTTPS connection (1): www.dnd5eapi.co:443
2026-09-12 15:14:07,923 - urllib3.connectionpool - DEBUG - https://www.dnd5eapi.co:443 "GET /api/2014/monsters/giant-crocodile HTTP/1.1" 200 2090
2026-09-12 15:14:07,924 - src.core.cache - DEBUG - Cached value for key: dnd_item_monsters_giant-crocodile
2026-09-12 15:14:07,930 - src.core.cache - DEBUG - Cache miss for key: dnd_item_monsters_giant-eagle
2026-09-12 15:14:07,931 - src.core.resources - DEBUG - Prefetching item details: monsters/giant-eagle
2026-09-12 15:14:07,931 - urllib3.connectionpool - DEBUG - Starting new HTTPS connection (1): www.dnd5eapi.co:443
2026-09-12 15:14:08,205 - urllib3.connectionpool - DEBUG - https://www.dnd5eapi.co:443 "GET /api/spells/flame-strike HTTP/1.1" 301 63
2026-09-12 15:14:08,244 - urllib3.connectionpool - DEBUG - https://www.dnd5eapi.co:443 "GET /api/equipment/lance HTTP/1.1" 301 59
2026-09-12 15:14:08,271 - urllib3.connectionpool - DEBUG - https://www.dnd5eapi.co:443 "GET /api/monsters/giant-eagle HTTP/1.1" 301 64
2026-09-12 15:14:08,315 - urllib3.connectionpool - DEBUG - https://www.dnd5eapi.co:443 "GET /api/2014/spells/flame-strike HTTP/1.1" 200 1508
2026-09-12 15:14:08,316 - src.core.cache - DEBUG - Cached value for key: dnd_item_spells_flame-strike
2026-09-12 15:14:08,323 - src.core.cache - DEBUG - Cache miss for key: dnd_item_spells_flaming-sphere
2026-09-12 15:14:08,323 - src.core.resources - DEBUG - Prefetching item details: spells/flaming-sphere
2026-09-12 15:14:08,324 - urllib3.connectionpool - DEBUG - Starting new HTTPS connection (1): www.dnd5eapi.co:443
2026-09-12 15:14:08,360 - urllib3.connectionpool - DEBUG - https://www.dnd5eapi.co:443 "GET /api/2014/equipment/lance HTTP/1.1" 200 844
2026-09-12 15:14:08,361 - src.core.cache - DEBUG - Cached value for key: dnd_item_equipment_lance
2026-09-12 15:14:08,370 - src.core.cache - DEBUG - Cache miss for key: dnd_item_equipment_lantern-bullseye
2026-09-12 15:14:08,370 - src.core.resources - DEBUG - Prefetching item details: equipment/lantern-bullseye
2026-09-12 15:14:08,371 - urllib3.connectionpool - DEBUG - Starting new HTTPS connection (1): www.dnd5eapi.co:443
2026-09-12 15:14:08,383 - urllib3.connectionpool - DEBUG - https://www.dnd5eapi.co:443 "GET /api/2014/monsters/giant-eagle HTTP/1.1" 200 2115
2026-09-12 15:14:08,384 - src.core.cache - DEBUG - Cached value for key: dnd_item_monsters_giant-eagle
2026-09-12 15:14:08,391 - src.core.cache - DEBUG - Cache miss for key: dnd_item_monsters_giant-elk
2026-09-12 15:14:08,391 - src.core.resources - DEBUG - Prefetching item details: monsters/giant-elk
2026-09-12 15:14:08,391 - urllib3.connectionpool - DEBUG - Starting new HTTPS connection (1): www.dnd5eapi.co:443
2026-09-12 15:14:08,661 - urllib3.connectionpool - DEBUG - https://www.dnd5eapi.co:443 "GET /api/spells/flaming-sphere HTTP/1.1" 301 65
2026-09-12 15:14:08,708 - urllib3.connectionpool - DEBUG - https://www.dnd5eapi.co:443 "GET /api/equipment/lantern-bullseye HTTP/1.1" 301 70
2026-09-12 15:14:08,729 - urllib3.connectionpool - DEBUG - https://www.dnd5eapi.co:443 "GET /api/monsters/giant-elk HTTP/1.1" 301 62
2026-09-12 15:14:08,771 - urllib3.connectionpool - DEBUG - https://www.dnd5eapi.co:443 "GET /api/2014/spells/flaming-sphere HTTP/1.1" 200 1830
2026-09-12 15:14:08,772 - src.core.cache - DEBUG - Cached value for key: dnd_item_spells_flaming-sphere
2026-09-12 15:14:08,778 - src.core.cache - DEBUG - Cache miss for key: dnd_item_spells_flesh-to-stone
2026-09-12 15:14:08,779 - src.core.resources - DEBUG - Prefetching item details: spells/flesh-to-stone
2026-09-12 15:14:08,779 - urllib3.connectionpool - DEBUG - Starting new HTTPS connection (1): www.dnd5eapi.co:443
2026-09-12 15:14:08,819 - urllib3.connectionpool - DEBUG - https://www.dnd5eapi.co:443 "GET /api/2014/equipment/lantern-bullseye HTTP/1.1" 200 646
2026-09-12 15:14:08,820 - src.core.cache - DEBUG - Cached value for key: dnd_item_equipment_lantern-bullseye
2026-09-12 15:14:08,826 - src.core.cache - DEBUG - Cache miss for key: dnd_item_equipment_lantern-hooded
2026-09-12 15:14:08,826 - src.core.resources - DEBUG - Prefetching item details: equipment/lantern-hooded
2026-09-12 15:14:08,827 - urllib3.connectionpool - DEBUG - Starting new HTTPS connection (1): www.dnd5eapi.co:443
2026-09-12 15:14:08,841 - urllib3.connectionpool - DEBUG - https://www.dnd5eapi.co:443 "GET /api/2014/monsters/giant-elk HTTP/1.1" 200 2148
2026-09-12 15:14:08,843 - src.core.cache - DEBUG - Cached value for key: dnd_item_monsters_giant-elk
2026-09-12 15:14:08,850 - src.core.cache - DEBUG - Cache miss for key: dnd_item_monsters_giant-fire-beetle
2026-09-12 15:14:08,850 - src.core.resources - DEBUG - Prefetching item details: monsters/giant-fire-beetle
2026-09-12 15:14:08,851 - urllib3.connectionpool - DEBUG - Starting new HTTPS connection (1): www.dnd5eapi.co:443
2026-09-12 15:14:09,116 - urllib3.connectionpool - DEBUG - https://www.dnd5eapi.co:443 "GET /api/spells/flesh-to-stone HTTP/1.1" 301 65
2026-09-12 15:14:09,162 - urllib3.connectionpool - DEBUG - https://www.dnd5eapi.co:443 "GET /api/equipment/lantern-hooded HTTP/1.1" 301 68
2026-09-12 15:14:09,184 - urllib3.connectionpool - DEBUG - https://www.dnd5eapi.co:443 "GET /api/monsters/giant-fire-beetle HTTP/1.1" 301 70
2026-09-12 15:14:09,227 - urllib3.connectionpool - DEBUG - https://www.dnd5eapi.co:443 "GET /api/2014/spells/flesh-to-stone HTTP/1.1" 200 1790
2026-09-12 15:14:09,229 - src.core.cache - DEBUG - Cached value for key: dnd_item_spells_flesh-to-stone
2026-09-12 15:14:09,235 - src.core.cache - DEBUG - Cache miss for key: dnd_item_spells_floating-disk
2026-09-12 15:14:09,236 - src.core.resources - DEBUG - Prefetching item details: spells/floating-disk
2026-09-12 15:14:09,236 - urllib3.connectionpool - DEBUG - Starting new HTTPS connection (1): www.dnd5eapi.co:443
2026-09-12 15:14:09,272 - urllib3.connectionpool - DEBUG - https://www.dnd5eapi.co:443 "GET /api/2014/equipment/lantern-hooded HTTP/1.1" 200 729
2026-09-12 15:14:09,273 - src.core.cache - DEBUG - Cached value for key: dnd_item_equipment_lantern-hooded
2026-09-12 15:14:09,279 - src.core.cache - DEBUG - Cache miss for key: dnd_item_equipment_leather-armor
2026-09-12 15:14:09,279 - src.core.resources - DEBUG - Prefetching item details: equipment/leather-armor
2026-09-12 15:14:09,280 - urllib3.connectionpool - DEBUG - Starting new HTTPS connection (1): www.dnd5eapi.co:443
2026-09-12 15:14:09,295 - urllib3.connectionpool - DEBUG - https://www.dnd5eapi.co:443 "GET /api/2014/monsters/giant-fire-beetle HTTP/1.1" 200 1539
2026-09-12 15:14:09,296 - src.core.cache - DEBUG - Cached value for key: dnd_item_monsters_giant-fire-beetle
2026-09-12 15:14:09,303 - src.core.cache - DEBUG - Cache miss for key: dnd_item_monsters_giant-frog
2026-09-12 15:14:09,303 - src.core.resources - DEBUG - Prefetching item details: monsters/giant-frog
2026-09-12 15:14:09,304 - urllib3.connectionpool - DEBUG - Starting new HTTPS connection (1): www.dnd5eapi.co:443
2026-09-12 15:14:09,581 - urllib3.connectionpool - DEBUG - https://www.dnd5eapi.co:443 "GET /api/spells/floating-disk HTTP/1.1" 301 64
2026-09-12 15:14:09,642 - urllib3.connectionpool - DEBUG - https://www.dnd5eapi.co:443 "GET /api/monsters/giant-frog HTTP/1.1" 301 63
2026-09-12 15:14:09,643 - urllib3.connectionpool - DEBUG - https://www.dnd5eapi.co:443 "GET /api/equipment/leather-armor HTTP/1.1" 301 67
2026-09-12 15:14:09,692 - urllib3.connectionpool - DEBUG - https://www.dnd5eapi.co:443 "GET /api/2014/spells/floating-disk HTTP/1.1" 200 1504
2026-09-12 15:14:09,693 - src.core.cache - DEBUG - Cached value for key: dnd_item_spells_floating-disk
2026-09-12 15:14:09,700 - src.core.cache - DEBUG - Cache miss for key: dnd_item_spells_fly
2026-09-12 15:14:09,700 - src.core.resources - DEBUG - Prefetching item details: spells/fly
2026-09-12 15:14:09,701 - urllib3.connectionpool - DEBUG - Starting new HTTPS connection (1): www.dnd5eapi.co:443
2026-09-12 15:14:09,754 - urllib3.connectionpool - DEBUG - https://www.dnd5eapi.co:443 "GET /api/2014/equipment/leather-armor HTTP/1.1" 200 442
2026-09-12 15:14:09,755 - urllib3.connectionpool - DEBUG - https://www.dnd5eapi.co:443 "GET /api/2014/monsters/giant-frog HTTP/1.1" 200 2260
2026-09-12 15:14:09,757 - src.core.cache - DEBUG - Cached value for key: dnd_item_equipment_leather-armor
2026-09-12 15:14:09,757 - src.core.cache - DEBUG - Cached value for key: dnd_item_monsters_giant-frog
2026-09-12 15:14:09,764 - src.core.cache - DEBUG - Cache miss for key: dnd_item_equipment_leatherworkers-tools
2026-09-12 15:14:09,764 - src.core.resources - DEBUG - Prefetching item details: equipment/leatherworkers-tools
2026-09-12 15:14:09,765 - urllib3.connectionpool - DEBUG - Starting new HTTPS connection (1): www.dnd5eapi.co:443
2026-09-12 15:14:09,765 - src.core.cache - DEBUG - Cache miss for key: dnd_item_monsters_giant-goat
2026-09-12 15:14:09,765 - src.core.resources - DEBUG - Prefetching item details: monsters/giant-goat
2026-09-12 15:14:09,766 - urllib3.connectionpool - DEBUG - Starting new HTTPS connection (1): www.dnd5eapi.co:443
2026-09-12 15:14:10,041 - urllib3.connectionpool - DEBUG - https://www.dnd5eapi.co:443 "GET /api/spells/fly HTTP/1.1" 301 54
2026-09-12 15:14:10,102 - urllib3.connectionpool - DEBUG - https://www.dnd5eapi.co:443 "GET /api/equipment/leatherworkers-tools HTTP/1.1" 301 74
2026-09-12 15:14:10,102 - urllib3.connectionpool - DEBUG - https://www.dnd5eapi.co:443 "GET /api/monsters/giant-goat HTTP/1.1" 301 63
2026-09-12 15:14:10,151 - urllib3.connectionpool - DEBUG - https://www.dnd5eapi.co:443 "GET /api/2014/spells/fly HTTP/1.1" 200 1042
2026-09-12 15:14:10,152 - src.core.cache - DEBUG - Cached value for key: dnd_item_spells_fly
2026-09-12 15:14:10,162 - src.core.cache - DEBUG - Cache miss for key: dnd_item_spells_fog-cloud
2026-09-12 15:14:10,162 - src.core.resources - DEBUG - Prefetching item details: spells/fog-cloud
2026-09-12 15:14:10,163 - urllib3.connectionpool - DEBUG - Starting new HTTPS connection (1): www.dnd5eapi.co:443
2026-09-12 15:14:10,213 - urllib3.connectionpool - DEBUG - https://www.dnd5eapi.co:443 "GET /api/2014/equipment/leatherworkers-tools HTTP/1.1" 200 767
2026-09-12 15:14:10,213 - urllib3.connectionpool - DEBUG - https://www.dnd5eapi.co:443 "GET /api/2014/monsters/giant-goat HTTP/1.1" 200 1489
2026-09-12 15:14:10,215 - src.core.cache - DEBUG - Cached value for key: dnd_item_equipment_leatherworkers-tools
2026-09-12 15:14:10,216 - src.core.cache - DEBUG - Cached value for key: dnd_item_monsters_giant-goat
2026-09-12 15:14:10,223 - src.core.cache - DEBUG - Cache miss for key: dnd_item_equipment_light-hammer
2026-09-12 15:14:10,223 - src.core.resources - DEBUG - Prefetching item details: equipment/light-hammer
2026-09-12 15:14:10,224 - src.core.cache - DEBUG - Cache miss for key: dnd_item_monsters_giant-hyena
2026-09-12 15:14:10,224 - src.core.resources - DEBUG - Prefetching item details: monsters/giant-hyena
2026-09-12 15:14:10,225 - urllib3.connectionpool - DEBUG - Starting new HTTPS connection (1): www.dnd5eapi.co:443
2026-09-12 15:14:10,226 - urllib3.connectionpool - DEBUG - Starting new HTTPS connection (1): www.dnd5eapi.co:443
2026-09-12 15:14:10,500 - urllib3.connectionpool - DEBUG - https://www.dnd5eapi.co:443 "GET /api/spells/fog-cloud HTTP/1.1" 301 60
2026-09-12 15:14:10,560 - urllib3.connectionpool - DEBUG - https://www.dnd5eapi.co:443 "GET /api/equipment/light-hammer HTTP/1.1" 301 66
2026-09-12 15:14:10,562 - urllib3.connectionpool - DEBUG - https://www.dnd5eapi.co:443 "GET /api/monsters/giant-hyena HTTP/1.1" 301 64
2026-09-12 15:14:10,612 - urllib3.connectionpool - DEBUG - https://www.dnd5eapi.co:443 "GET /api/2014/spells/fog-cloud HTTP/1.1" 200 1196
2026-09-12 15:14:10,613 - src.core.cache - DEBUG - Cached value for key: dnd_item_spells_fog-cloud
2026-09-12 15:14:10,619 - src.core.cache - DEBUG - Cache miss for key: dnd_item_spells_forbiddance
2026-09-12 15:14:10,619 - src.core.resources - DEBUG - Prefetching item details: spells/forbiddance
2026-09-12 15:14:10,620 - urllib3.connectionpool - DEBUG - Starting new HTTPS connection (1): www.dnd5eapi.co:443
2026-09-12 15:14:10,669 - urllib3.connectionpool - DEBUG - https://www.dnd5eapi.co:443 "GET /api/2014/equipment/light-hammer HTTP/1.1" 200 825
2026-09-12 15:14:10,671 - src.core.cache - DEBUG - Cached value for key: dnd_item_equipment_light-hammer
2026-09-12 15:14:10,673 - urllib3.connectionpool - DEBUG - https://www.dnd5eapi.co:443 "GET /api/2014/monsters/giant-hyena HTTP/1.1" 200 1363
2026-09-12 15:14:10,674 - src.core.cache - DEBUG - Cached value for key: dnd_item_monsters_giant-hyena
2026-09-12 15:14:10,677 - src.core.cache - DEBUG - Cache miss for key: dnd_item_monsters_giant-lizard
2026-09-12 15:14:10,677 - src.core.cache - DEBUG - Cache miss for key: dnd_item_equipment_little-bag-of-sand
2026-09-12 15:14:10,678 - src.core.resources - DEBUG - Prefetching item details: monsters/giant-lizard
2026-09-12 15:14:10,678 - src.core.resources - DEBUG - Prefetching item details: equipment/little-bag-of-sand
2026-09-12 15:14:10,679 - urllib3.connectionpool - DEBUG - Starting new HTTPS connection (1): www.dnd5eapi.co:443
2026-09-12 15:14:10,679 - urllib3.connectionpool - DEBUG - Starting new HTTPS connection (1): www.dnd5eapi.co:443
2026-09-12 15:14:10,950 - urllib3.connectionpool - DEBUG - https://www.dnd5eapi.co:443 "GET /api/spells/forbiddance HTTP/1.1" 301 62
2026-09-12 15:14:11,011 - urllib3.connectionpool - DEBUG - https://www.dnd5eapi.co:443 "GET /api/monsters/giant-lizard HTTP/1.1" 301 65
2026-09-12 15:14:11,020 - urllib3.connectionpool - DEBUG - https://www.dnd5eapi.co:443 "GET /api/equipment/little-bag-of-sand HTTP/1.1" 301 72
2026-09-12 15:14:11,060 - urllib3.connectionpool - DEBUG - https://www.dnd5eapi.co:443 "GET /api/2014/spells/forbiddance HTTP/1.1" 200 1848
2026-09-12 15:14:11,061 - src.core.cache - DEBUG - Cached value for key: dnd_item_spells_forbiddance
2026-09-12 15:14:11,068 - src.core.cache - DEBUG - Cache miss for key: dnd_item_spells_forcecage
2026-09-12 15:14:11,068 - src.core.resources - DEBUG - Prefetching item details: spells/forcecage
2026-09-12 15:14:11,069 - urllib3.connectionpool - DEBUG - Starting new HTTPS connection (1): www.dnd5eapi.co:443
2026-09-12 15:14:11,120 - urllib3.connectionpool - DEBUG - https://www.dnd5eapi.co:443 "GET /api/2014/monsters/giant-lizard HTTP/1.1" 200 1268
2026-09-12 15:14:11,122 - src.core.cache - DEBUG - Cached value for key: dnd_item_monsters_giant-lizard
2026-09-12 15:14:11,130 - src.core.cache - DEBUG - Cache miss for key: dnd_item_monsters_giant-octopus
2026-09-12 15:14:11,130 - src.core.resources - DEBUG - Prefetching item details: monsters/giant-octopus
2026-09-12 15:14:11,131 - urllib3.connectionpool - DEBUG - Starting new HTTPS connection (1): www.dnd5eapi.co:443
2026-09-12 15:14:11,131 - urllib3.connectionpool - DEBUG - https://www.dnd5eapi.co:443 "GET /api/2014/equipment/little-bag-of-sand HTTP/1.1" 200 552
2026-09-12 15:14:11,133 - src.core.cache - DEBUG - Cached value for key: dnd_item_equipment_little-bag-of-sand
2026-09-12 15:14:11,141 - src.core.cache - DEBUG - Cache miss for key: dnd_item_equipment_lock
2026-09-12 15:14:11,141 - src.core.resources - DEBUG - Prefetching item details: equipment/lock
2026-09-12 15:14:11,142 - urllib3.connectionpool - DEBUG - Starting new HTTPS connection (1): www.dnd5eapi.co:443
2026-09-12 15:14:11,404 - urllib3.connectionpool - DEBUG - https://www.dnd5eapi.co:443 "GET /api/spells/forcecage HTTP/1.1" 301 60
2026-09-12 15:14:11,466 - urllib3.connectionpool - DEBUG - https://www.dnd5eapi.co:443 "GET /api/monsters/giant-octopus HTTP/1.1" 301 66
2026-09-12 15:14:11,478 - urllib3.connectionpool - DEBUG - https://www.dnd5eapi.co:443 "GET /api/equipment/lock HTTP/1.1" 301 58
2026-09-12 15:14:11,516 - urllib3.connectionpool - DEBUG - https://www.dnd5eapi.co:443 "GET /api/2014/spells/forcecage HTTP/1.1" 200 1933
2026-09-12 15:14:11,517 - src.core.cache - DEBUG - Cached value for key: dnd_item_spells_forcecage
2026-09-12 15:14:11,524 - src.core.cache - DEBUG - Cache miss for key: dnd_item_spells_foresight
2026-09-12 15:14:11,524 - src.core.resources - DEBUG - Prefetching item details: spells/foresight
2026-09-12 15:14:11,525 - urllib3.connectionpool - DEBUG - Starting new HTTPS connection (1): www.dnd5eapi.co:443
2026-09-12 15:14:11,577 - urllib3.connectionpool - DEBUG - https://www.dnd5eapi.co:443 "GET /api/2014/monsters/giant-octopus HTTP/1.1" 200 2220
2026-09-12 15:14:11,578 - src.core.cache - DEBUG - Cached value for key: dnd_item_monsters_giant-octopus
2026-09-12 15:14:11,586 - src.core.cache - DEBUG - Cache miss for key: dnd_item_monsters_giant-owl
2026-09-12 15:14:11,586 - src.core.resources - DEBUG - Prefetching item details: monsters/giant-owl
2026-09-12 15:14:11,587 - urllib3.connectionpool - DEBUG - Starting new HTTPS connection (1): www.dnd5eapi.co:443
2026-09-12 15:14:11,589 - urllib3.connectionpool - DEBUG - https://www.dnd5eapi.co:443 "GET /api/2014/equipment/lock HTTP/1.1" 200 675
2026-09-12 15:14:11,590 - src.core.cache - DEBUG - Cached value for key: dnd_item_equipment_lock
2026-09-12 15:14:11,598 - src.core.cache - DEBUG - Cache miss for key: dnd_item_equipment_longbow
2026-09-12 15:14:11,598 - src.core.resources - DEBUG - Prefetching item details: equipment/longbow
2026-09-12 15:14:11,599 - urllib3.connectionpool - DEBUG - Starting new HTTPS connection (1): www.dnd5eapi.co:443
2026-09-12 15:14:11,860 - urllib3.connectionpool - DEBUG - https://www.dnd5eapi.co:443 "GET /api/spells/foresight HTTP/1.1" 301 60
2026-09-12 15:14:11,922 - urllib3.connectionpool - DEBUG - https://www.dnd5eapi.co:443 "GET /api/monsters/giant-owl HTTP/1.1" 301 62
2026-09-12 15:14:11,939 - urllib3.connectionpool - DEBUG - https://www.dnd5eapi.co:443 "GET /api/equipment/longbow HTTP/1.1" 301 61
2026-09-12 15:14:11,976 - urllib3.connectionpool - DEBUG - https://www.dnd5eapi.co:443 "GET /api/2014/spells/foresight HTTP/1.1" 200 1094
2026-09-12 15:14:11,977 - src.core.cache - DEBUG - Cached value for key: dnd_item_spells_foresight
2026-09-12 15:14:11,984 - src.core.cache - DEBUG - Cache miss for key: dnd_item_spells_freedom-of-movement
2026-09-12 15:14:11,984 - src.core.resources - DEBUG - Prefetching item details: spells/freedom-of-movement
2026-09-12 15:14:11,985 - urllib3.connectionpool - DEBUG - Starting new HTTPS connection (1): www.dnd5eapi.co:443
2026-09-12 15:14:12,034 - urllib3.connectionpool - DEBUG - https://www.dnd5eapi.co:443 "GET /api/2014/monsters/giant-owl HTTP/1.1" 200 1629
2026-09-12 15:14:12,035 - src.core.cache - DEBUG - Cached value for key: dnd_item_monsters_giant-owl
2026-09-12 15:14:12,041 - src.core.cache - DEBUG - Cache miss for key: dnd_item_monsters_giant-poisonous-snake
2026-09-12 15:14:12,041 - src.core.resources - DEBUG - Prefetching item details: monsters/giant-poisonous-snake
2026-09-12 15:14:12,042 - urllib3.connectionpool - DEBUG - Starting new HTTPS connection (1): www.dnd5eapi.co:443
2026-09-12 15:14:12,050 - urllib3.connectionpool - DEBUG - https://www.dnd5eapi.co:443 "GET /api/2014/equipment/longbow HTTP/1.1" 200 811
2026-09-12 15:14:12,051 - src.core.cache - DEBUG - Cached value for key: dnd_item_equipment_longbow
2026-09-12 15:14:12,057 - src.core.cache - DEBUG - Cache miss for key: dnd_item_equipment_longship
2026-09-12 15:14:12,058 - src.core.resources - DEBUG - Prefetching item details: equipment/longship
2026-09-12 15:14:12,058 - urllib3.connectionpool - DEBUG - Starting new HTTPS connection (1): www.dnd5eapi.co:443
2026-09-12 15:14:12,322 - urllib3.connectionpool - DEBUG - https://www.dnd5eapi.co:443 "GET /api/spells/freedom-of-movement HTTP/1.1" 301 70
2026-09-12 15:14:12,385 - urllib3.connectionpool - DEBUG - https://www.dnd5eapi.co:443 "GET /api/monsters/giant-poisonous-snake HTTP/1.1" 301 74
2026-09-12 15:14:12,398 - urllib3.connectionpool - DEBUG - https://www.dnd5eapi.co:443 "GET /api/equipment/longship HTTP/1.1" 301 62
2026-09-12 15:14:12,448 - urllib3.connectionpool - DEBUG - https://www.dnd5eapi.co:443 "GET /api/2014/spells/freedom-of-movement HTTP/1.1" 200 1381
2026-09-12 15:14:12,449 - src.core.cache - DEBUG - Cached value for key: dnd_item_spells_freedom-of-movement
2026-09-12 15:14:12,456 - src.core.cache - DEBUG - Cache miss for key: dnd_item_spells_freezing-sphere
2026-09-12 15:14:12,456 - src.core.resources - DEBUG - Prefetching item details: spells/freezing-sphere
2026-09-12 15:14:12,457 - urllib3.connectionpool - DEBUG - Starting new HTTPS connection (1): www.dnd5eapi.co:443
2026-09-12 15:14:12,495 - urllib3.connectionpool - DEBUG - https://www.dnd5eapi.co:443 "GET /api/2014/monsters/giant-poisonous-snake HTTP/1.1" 200 1384
2026-09-12 15:14:12,497 - src.core.cache - DEBUG - Cached value for key: dnd_item_monsters_giant-poisonous-snake
2026-09-12 15:14:12,504 - src.core.cache - DEBUG - Cache miss for key: dnd_item_monsters_giant-rat
2026-09-12 15:14:12,504 - src.core.resources - DEBUG - Prefetching item details: monsters/giant-rat
2026-09-12 15:14:12,505 - urllib3.connectionpool - DEBUG - Starting new HTTPS connection (1): www.dnd5eapi.co:443
2026-09-12 15:14:12,514 - urllib3.connectionpool - DEBUG - https://www.dnd5eapi.co:443 "GET /api/2014/equipment/longship HTTP/1.1" 200 424
2026-09-12 15:14:12,515 - src.core.cache - DEBUG - Cached value for key: dnd_item_equipment_longship
2026-09-12 15:14:12,523 - src.core.cache - DEBUG - Cache miss for key: dnd_item_equipment_longsword
2026-09-12 15:14:12,523 - src.core.resources - DEBUG - Prefetching item details: equipment/longsword
2026-09-12 15:14:12,524 - urllib3.connectionpool - DEBUG - Starting new HTTPS connection (1): www.dnd5eapi.co:443
2026-09-12 15:14:12,822 - urllib3.connectionpool - DEBUG - https://www.dnd5eapi.co:443 "GET /api/spells/freezing-sphere HTTP/1.1" 301 66
2026-09-12 15:14:12,860 - urllib3.connectionpool - DEBUG - https://www.dnd5eapi.co:443 "GET /api/equipment/longsword HTTP/1.1" 301 63
2026-09-12 15:14:12,861 - urllib3.connectionpool - DEBUG - https://www.dnd5eapi.co:443 "GET /api/monsters/giant-rat HTTP/1.1" 301 62
2026-09-12 15:14:12,932 - urllib3.connectionpool - DEBUG - https://www.dnd5eapi.co:443 "GET /api/2014/spells/freezing-sphere HTTP/1.1" 200 2187
2026-09-12 15:14:12,934 - src.core.cache - DEBUG - Cached value for key: dnd_item_spells_freezing-sphere
2026-09-12 15:14:12,940 - src.core.cache - DEBUG - Cache miss for key: dnd_item_spells_gaseous-form
2026-09-12 15:14:12,940 - src.core.resources - DEBUG - Prefetching item details: spells/gaseous-form
2026-09-12 15:14:12,941 - urllib3.connectionpool - DEBUG - Starting new HTTPS connection (1): www.dnd5eapi.co:443
2026-09-12 15:14:12,972 - urllib3.connectionpool - DEBUG - https://www.dnd5eapi.co:443 "GET /api/2014/equipment/longsword HTTP/1.1" 200 770
2026-09-12 15:14:12,973 - src.core.cache - DEBUG - Cached value for key: dnd_item_equipment_longsword
2026-09-12 15:14:12,974 - urllib3.connectionpool - DEBUG - https://www.dnd5eapi.co:443 "GET /api/2014/monsters/giant-rat HTTP/1.1" 200 1353
2026-09-12 15:14:12,975 - src.core.cache - DEBUG - Cached value for key: dnd_item_monsters_giant-rat
2026-09-12 15:14:12,981 - src.core.cache - DEBUG - Cache miss for key: dnd_item_equipment_lute
2026-09-12 15:14:12,981 - src.core.resources - DEBUG - Prefetching item details: equipment/lute
2026-09-12 15:14:12,981 - src.core.cache - DEBUG - Cache miss for key: dnd_item_monsters_giant-rat-diseased
2026-09-12 15:14:12,981 - src.core.resources - DEBUG - Prefetching item details: monsters/giant-rat-diseased
2026-09-12 15:14:12,982 - urllib3.connectionpool - DEBUG - Starting new HTTPS connection (1): www.dnd5eapi.co:443
2026-09-12 15:14:12,983 - urllib3.connectionpool - DEBUG - Starting new HTTPS connection (1): www.dnd5eapi.co:443
2026-09-12 15:14:13,280 - urllib3.connectionpool - DEBUG - https://www.dnd5eapi.co:443 "GET /api/spells/gaseous-form HTTP/1.1" 301 63
2026-09-12 15:14:13,319 - urllib3.connectionpool - DEBUG - https://www.dnd5eapi.co:443 "GET /api/monsters/giant-rat-diseased HTTP/1.1" 301 71
2026-09-12 15:14:13,321 - urllib3.connectionpool - DEBUG - https://www.dnd5eapi.co:443 "GET /api/equipment/lute HTTP/1.1" 301 58
2026-09-12 15:14:13,391 - urllib3.connectionpool - DEBUG - https://www.dnd5eapi.co:443 "GET /api/2014/spells/gaseous-form HTTP/1.1" 200 1779
2026-09-12 15:14:13,393 - src.core.cache - DEBUG - Cached value for key: dnd_item_spells_gaseous-form
2026-09-12 15:14:13,400 - src.core.cache - DEBUG - Cache miss for key: dnd_item_spells_gate
2026-09-12 15:14:13,400 - src.core.resources - DEBUG - Prefetching item details: spells/gate
2026-09-12 15:14:13,401 - urllib3.connectionpool - DEBUG - Starting new HTTPS connection (1): www.dnd5eapi.co:443
2026-09-12 15:14:13,430 - urllib3.connectionpool - DEBUG - https://www.dnd5eapi.co:443 "GET /api/2014/monsters/giant-rat-diseased HTTP/1.1" 200 1747
2026-09-12 15:14:13,431 - src.core.cache - DEBUG - Cached value for key: dnd_item_monsters_giant-rat-diseased
2026-09-12 15:14:13,433 - urllib3.connectionpool - DEBUG - https://www.dnd5eapi.co:443 "GET /api/2014/equipment/lute HTTP/1.1" 200 715
2026-09-12 15:14:13,435 - src.core.cache - DEBUG - Cached value for key: dnd_item_equipment_lute
2026-09-12 15:14:13,441 - src.core.cache - DEBUG - Cache miss for key: dnd_item_monsters_giant-scorpion
2026-09-12 15:14:13,442 - src.core.cache - DEBUG - Cache miss for key: dnd_item_equipment_lyre
2026-09-12 15:14:13,442 - src.core.resources - DEBUG - Prefetching item details: equipment/lyre
2026-09-12 15:14:13,442 - src.core.resources - DEBUG - Prefetching item details: monsters/giant-scorpion
2026-09-12 15:14:13,444 - urllib3.connectionpool - DEBUG - Starting new HTTPS connection (1): www.dnd5eapi.co:443
2026-09-12 15:14:13,444 - urllib3.connectionpool - DEBUG - Starting new HTTPS connection (1): www.dnd5eapi.co:443
2026-09-12 15:14:13,733 - urllib3.connectionpool - DEBUG - https://www.dnd5eapi.co:443 "GET /api/spells/gate HTTP/1.1" 301 55
2026-09-12 15:14:13,785 - urllib3.connectionpool - DEBUG - https://www.dnd5eapi.co:443 "GET /api/monsters/giant-scorpion HTTP/1.1" 301 67
2026-09-12 15:14:13,786 - urllib3.connectionpool - DEBUG - https://www.dnd5eapi.co:443 "GET /api/equipment/lyre HTTP/1.1" 301 58
2026-09-12 15:14:13,843 - urllib3.connectionpool - DEBUG - https://www.dnd5eapi.co:443 "GET /api/2014/spells/gate HTTP/1.1" 200 1837
2026-09-12 15:14:13,845 - src.core.cache - DEBUG - Cached value for key: dnd_item_spells_gate
2026-09-12 15:14:13,856 - src.core.cache - DEBUG - Cache miss for key: dnd_item_spells_geas
2026-09-12 15:14:13,856 - src.core.resources - DEBUG - Prefetching item details: spells/geas
2026-09-12 15:14:13,858 - urllib3.connectionpool - DEBUG - Starting new HTTPS connection (1): www.dnd5eapi.co:443
2026-09-12 15:14:13,899 - urllib3.connectionpool - DEBUG - https://www.dnd5eapi.co:443 "GET /api/2014/monsters/giant-scorpion HTTP/1.1" 200 1880
2026-09-12 15:14:13,899 - urllib3.connectionpool - DEBUG - https://www.dnd5eapi.co:443 "GET /api/2014/equipment/lyre HTTP/1.1" 200 715
2026-09-12 15:14:13,902 - src.core.cache - DEBUG - Cached value for key: dnd_item_monsters_giant-scorpion
2026-09-12 15:14:13,903 - src.core.cache - DEBUG - Cached value for key: dnd_item_equipment_lyre
2026-09-12 15:14:13,914 - src.core.cache - DEBUG - Cache miss for key: dnd_item_monsters_giant-sea-horse
2026-09-12 15:14:13,915 - src.core.cache - DEBUG - Cache miss for key: dnd_item_equipment_mace
2026-09-12 15:14:13,915 - src.core.resources - DEBUG - Prefetching item details: monsters/giant-sea-horse
2026-09-12 15:14:13,915 - src.core.resources - DEBUG - Prefetching item details: equipment/mace
2026-09-12 15:14:13,917 - urllib3.connectionpool - DEBUG - Starting new HTTPS connection (1): www.dnd5eapi.co:443
2026-09-12 15:14:13,918 - urllib3.connectionpool - DEBUG - Starting new HTTPS connection (1): www.dnd5eapi.co:443
2026-09-12 15:14:14,202 - urllib3.connectionpool - DEBUG - https://www.dnd5eapi.co:443 "GET /api/spells/geas HTTP/1.1" 301 55
2026-09-12 15:14:14,256 - urllib3.connectionpool - DEBUG - https://www.dnd5eapi.co:443 "GET /api/equipment/mace HTTP/1.1" 301 58
2026-09-12 15:14:14,260 - urllib3.connectionpool - DEBUG - https://www.dnd5eapi.co:443 "GET /api/monsters/giant-sea-horse HTTP/1.1" 301 68
2026-09-12 15:14:14,314 - urllib3.connectionpool - DEBUG - https://www.dnd5eapi.co:443 "GET /api/2014/spells/geas HTTP/1.1" 200 1850
2026-09-12 15:14:14,316 - src.core.cache - DEBUG - Cached value for key: dnd_item_spells_geas
2026-09-12 15:14:14,326 - src.core.cache - DEBUG - Cache miss for key: dnd_item_spells_gentle-repose
2026-09-12 15:14:14,326 - src.core.resources - DEBUG - Prefetching item details: spells/gentle-repose
2026-09-12 15:14:14,328 - urllib3.connectionpool - DEBUG - Starting new HTTPS connection (1): www.dnd5eapi.co:443
2026-09-12 15:14:14,365 - urllib3.connectionpool - DEBUG - https://www.dnd5eapi.co:443 "GET /api/2014/equipment/mace HTTP/1.1" 200 610
2026-09-12 15:14:14,367 - src.core.cache - DEBUG - Cached value for key: dnd_item_equipment_mace
2026-09-12 15:14:14,371 - urllib3.connectionpool - DEBUG - https://www.dnd5eapi.co:443 "GET /api/2014/monsters/giant-sea-horse HTTP/1.1" 200 1616
2026-09-12 15:14:14,373 - src.core.cache - DEBUG - Cached value for key: dnd_item_monsters_giant-sea-horse
2026-09-12 15:14:14,378 - src.core.cache - DEBUG - Cache miss for key: dnd_item_monsters_giant-shark
2026-09-12 15:14:14,378 - src.core.cache - DEBUG - Cache miss for key: dnd_item_equipment_magnifying-glass
2026-09-12 15:14:14,378 - src.core.resources - DEBUG - Prefetching item details: monsters/giant-shark
2026-09-12 15:14:14,378 - src.core.resources - DEBUG - Prefetching item details: equipment/magnifying-glass
2026-09-12 15:14:14,380 - urllib3.connectionpool - DEBUG - Starting new HTTPS connection (1): www.dnd5eapi.co:443
2026-09-12 15:14:14,381 - urllib3.connectionpool - DEBUG - Starting new HTTPS connection (1): www.dnd5eapi.co:443
2026-09-12 15:14:14,670 - urllib3.connectionpool - DEBUG - https://www.dnd5eapi.co:443 "GET /api/spells/gentle-repose HTTP/1.1" 301 64
2026-09-12 15:14:14,726 - urllib3.connectionpool - DEBUG - https://www.dnd5eapi.co:443 "GET /api/monsters/giant-shark HTTP/1.1" 301 64
2026-09-12 15:14:14,726 - urllib3.connectionpool - DEBUG - https://www.dnd5eapi.co:443 "GET /api/equipment/magnifying-glass HTTP/1.1" 301 70
2026-09-12 15:14:14,780 - urllib3.connectionpool - DEBUG - https://www.dnd5eapi.co:443 "GET /api/2014/spells/gentle-repose HTTP/1.1" 200 1064
2026-09-12 15:14:14,783 - src.core.cache - DEBUG - Cached value for key: dnd_item_spells_gentle-repose
2026-09-12 15:14:14,797 - src.core.cache - DEBUG - Cache miss for key: dnd_item_spells_giant-insect
2026-09-12 15:14:14,797 - src.core.resources - DEBUG - Prefetching item details: spells/giant-insect
2026-09-12 15:14:14,799 - urllib3.connectionpool - DEBUG - Starting new HTTPS connection (1): www.dnd5eapi.co:443
2026-09-12 15:14:14,839 - urllib3.connectionpool - DEBUG - https://www.dnd5eapi.co:443 "GET /api/2014/equipment/magnifying-glass HTTP/1.1" 200 892
2026-09-12 15:14:14,840 - urllib3.connectionpool - DEBUG - https://www.dnd5eapi.co:443 "GET /api/2014/monsters/giant-shark HTTP/1.1" 200 1585
2026-09-12 15:14:14,842 - src.core.cache - DEBUG - Cached value for key: dnd_item_equipment_magnifying-glass
2026-09-12 15:14:14,844 - src.core.cache - DEBUG - Cached value for key: dnd_item_monsters_giant-shark
2026-09-12 15:14:14,855 - src.core.cache - DEBUG - Cache miss for key: dnd_item_monsters_giant-spider
2026-09-12 15:14:14,856 - src.core.cache - DEBUG - Cache miss for key: dnd_item_equipment_manacles
2026-09-12 15:14:14,856 - src.core.resources - DEBUG - Prefetching item details: monsters/giant-spider
2026-09-12 15:14:14,856 - src.core.resources - DEBUG - Prefetching item details: equipment/manacles
2026-09-12 15:14:14,858 - urllib3.connectionpool - DEBUG - Starting new HTTPS connection (1): www.dnd5eapi.co:443
2026-09-12 15:14:14,859 - urllib3.connectionpool - DEBUG - Starting new HTTPS connection (1): www.dnd5eapi.co:443
2026-09-12 15:14:15,144 - urllib3.connectionpool - DEBUG - https://www.dnd5eapi.co:443 "GET /api/spells/giant-insect HTTP/1.1" 301 63
2026-09-12 15:14:15,190 - urllib3.connectionpool - DEBUG - https://www.dnd5eapi.co:443 "GET /api/equipment/manacles HTTP/1.1" 301 62
2026-09-12 15:14:15,206 - urllib3.connectionpool - DEBUG - https://www.dnd5eapi.co:443 "GET /api/monsters/giant-spider HTTP/1.1" 301 65
2026-09-12 15:14:15,255 - urllib3.connectionpool - DEBUG - https://www.dnd5eapi.co:443 "GET /api/2014/spells/giant-insect HTTP/1.1" 200 1270
2026-09-12 15:14:15,257 - src.core.cache - DEBUG - Cached value for key: dnd_item_spells_giant-insect
2026-09-12 15:14:15,270 - src.core.cache - DEBUG - Cache miss for key: dnd_item_spells_glibness
2026-09-12 15:14:15,270 - src.core.resources - DEBUG - Prefetching item details: spells/glibness
2026-09-12 15:14:15,271 - urllib3.connectionpool - DEBUG - Starting new HTTPS connection (1): www.dnd5eapi.co:443
2026-09-12 15:14:15,298 - urllib3.connectionpool - DEBUG - https://www.dnd5eapi.co:443 "GET /api/2014/equipment/manacles HTTP/1.1" 200 849
2026-09-12 15:14:15,300 - src.core.cache - DEBUG - Cached value for key: dnd_item_equipment_manacles
2026-09-12 15:14:15,312 - src.core.cache - DEBUG - Cache miss for key: dnd_item_equipment_masons-tools
2026-09-12 15:14:15,312 - src.core.resources - DEBUG - Prefetching item details: equipment/masons-tools
2026-09-12 15:14:15,313 - urllib3.connectionpool - DEBUG - Starting new HTTPS connection (1): www.dnd5eapi.co:443
2026-09-12 15:14:15,317 - urllib3.connectionpool - DEBUG - https://www.dnd5eapi.co:443 "GET /api/2014/monsters/giant-spider HTTP/1.1" 200 2757
2026-09-12 15:14:15,319 - src.core.cache - DEBUG - Cached value for key: dnd_item_monsters_giant-spider
2026-09-12 15:14:15,337 - src.core.cache - DEBUG - Cache miss for key: dnd_item_monsters_giant-toad
2026-09-12 15:14:15,337 - src.core.resources - DEBUG - Prefetching item details: monsters/giant-toad
2026-09-12 15:14:15,338 - urllib3.connectionpool - DEBUG - Starting new HTTPS connection (1): www.dnd5eapi.co:443
2026-09-12 15:14:15,614 - urllib3.connectionpool - DEBUG - https://www.dnd5eapi.co:443 "GET /api/spells/glibness HTTP/1.1" 301 59
2026-09-12 15:14:15,664 - urllib3.connectionpool - DEBUG - https://www.dnd5eapi.co:443 "GET /api/equipment/masons-tools HTTP/1.1" 301 66
2026-09-12 15:14:15,680 - urllib3.connectionpool - DEBUG - https://www.dnd5eapi.co:443 "GET /api/monsters/giant-toad HTTP/1.1" 301 63
2026-09-12 15:14:15,725 - urllib3.connectionpool - DEBUG - https://www.dnd5eapi.co:443 "GET /api/2014/spells/glibness HTTP/1.1" 200 767
2026-09-12 15:14:15,727 - src.core.cache - DEBUG - Cached value for key: dnd_item_spells_glibness
2026-09-12 15:14:15,738 - src.core.cache - DEBUG - Cache miss for key: dnd_item_spells_globe-of-invulnerability
2026-09-12 15:14:15,738 - src.core.resources - DEBUG - Prefetching item details: spells/globe-of-invulnerability
2026-09-12 15:14:15,739 - urllib3.connectionpool - DEBUG - Starting new HTTPS connection (1): www.dnd5eapi.co:443
2026-09-12 15:14:15,775 - urllib3.connectionpool - DEBUG - https://www.dnd5eapi.co:443 "GET /api/2014/equipment/masons-tools HTTP/1.1" 200 744
2026-09-12 15:14:15,777 - src.core.cache - DEBUG - Cached value for key: dnd_item_equipment_masons-tools
2026-09-12 15:14:15,788 - src.core.cache - DEBUG - Cache miss for key: dnd_item_equipment_mastiff
2026-09-12 15:14:15,788 - src.core.resources - DEBUG - Prefetching item details: equipment/mastiff
2026-09-12 15:14:15,789 - urllib3.connectionpool - DEBUG - Starting new HTTPS connection (1): www.dnd5eapi.co:443
2026-09-12 15:14:15,791 - urllib3.connectionpool - DEBUG - https://www.dnd5eapi.co:443 "GET /api/2014/monsters/giant-toad HTTP/1.1" 200 2153
2026-09-12 15:14:15,793 - src.core.cache - DEBUG - Cached value for key: dnd_item_monsters_giant-toad
2026-09-12 15:14:15,804 - src.core.cache - DEBUG - Cache miss for key: dnd_item_monsters_giant-vulture
2026-09-12 15:14:15,804 - src.core.resources - DEBUG - Prefetching item details: monsters/giant-vulture
2026-09-12 15:14:15,805 - urllib3.connectionpool - DEBUG - Starting new HTTPS connection (1): www.dnd5eapi.co:443
2026-09-12 15:14:16,080 - urllib3.connectionpool - DEBUG - https://www.dnd5eapi.co:443 "GET /api/spells/globe-of-invulnerability HTTP/1.1" 301 75
2026-09-12 15:14:16,122 - urllib3.connectionpool - DEBUG - https://www.dnd5eapi.co:443 "GET /api/equipment/mastiff HTTP/1.1" 301 61
2026-09-12 15:14:16,151 - urllib3.connectionpool - DEBUG - https://www.dnd5eapi.co:443 "GET /api/monsters/giant-vulture HTTP/1.1" 301 66
2026-09-12 15:14:16,192 - urllib3.connectionpool - DEBUG - https://www.dnd5eapi.co:443 "GET /api/2014/spells/globe-of-invulnerability HTTP/1.1" 200 1345
2026-09-12 15:14:16,193 - src.core.cache - DEBUG - Cached value for key: dnd_item_spells_globe-of-invulnerability
2026-09-12 15:14:16,200 - src.core.cache - DEBUG - Cache miss for key: dnd_item_spells_glyph-of-warding
2026-09-12 15:14:16,201 - src.core.resources - DEBUG - Prefetching item details: spells/glyph-of-warding
2026-09-12 15:14:16,201 - urllib3.connectionpool - DEBUG - Starting new HTTPS connection (1): www.dnd5eapi.co:443
2026-09-12 15:14:16,231 - urllib3.connectionpool - DEBUG - https://www.dnd5eapi.co:443 "GET /api/2014/equipment/mastiff HTTP/1.1" 200 450
2026-09-12 15:14:16,232 - src.core.cache - DEBUG - Cached value for key: dnd_item_equipment_mastiff
2026-09-12 15:14:16,255 - src.core.cache - DEBUG - Cache miss for key: dnd_item_equipment_maul
2026-09-12 15:14:16,255 - src.core.resources - DEBUG - Prefetching item details: equipment/maul
2026-09-12 15:14:16,256 - urllib3.connectionpool - DEBUG - Starting new HTTPS connection (1): www.dnd5eapi.co:443
2026-09-12 15:14:16,264 - urllib3.connectionpool - DEBUG - https://www.dnd5eapi.co:443 "GET /api/2014/monsters/giant-vulture HTTP/1.1" 200 2353
2026-09-12 15:14:16,266 - src.core.cache - DEBUG - Cached value for key: dnd_item_monsters_giant-vulture
2026-09-12 15:14:16,275 - src.core.cache - DEBUG - Cache miss for key: dnd_item_monsters_giant-wasp
2026-09-12 15:14:16,275 - src.core.resources - DEBUG - Prefetching item details: monsters/giant-wasp
2026-09-12 15:14:16,276 - urllib3.connectionpool - DEBUG - Starting new HTTPS connection (1): www.dnd5eapi.co:443
2026-09-12 15:14:16,544 - urllib3.connectionpool - DEBUG - https://www.dnd5eapi.co:443 "GET /api/spells/glyph-of-warding HTTP/1.1" 301 67
2026-09-12 15:14:16,597 - urllib3.connectionpool - DEBUG - https://www.dnd5eapi.co:443 "GET /api/equipment/maul HTTP/1.1" 301 58
2026-09-12 15:14:16,615 - urllib3.connectionpool - DEBUG - https://www.dnd5eapi.co:443 "GET /api/monsters/giant-wasp HTTP/1.1" 301 63
2026-09-12 15:14:16,659 - urllib3.connectionpool - DEBUG - https://www.dnd5eapi.co:443 "GET /api/2014/spells/glyph-of-warding HTTP/1.1" 200 3827
2026-09-12 15:14:16,661 - src.core.cache - DEBUG - Cached value for key: dnd_item_spells_glyph-of-warding
2026-09-12 15:14:16,669 - src.core.cache - DEBUG - Cache miss for key: dnd_item_spells_goodberry
2026-09-12 15:14:16,670 - src.core.resources - DEBUG - Prefetching item details: spells/goodberry
2026-09-12 15:14:16,670 - urllib3.connectionpool - DEBUG - Starting new HTTPS connection (1): www.dnd5eapi.co:443
2026-09-12 15:14:16,710 - urllib3.connectionpool - DEBUG - https://www.dnd5eapi.co:443 "GET /api/2014/equipment/maul HTTP/1.1" 200 707
2026-09-12 15:14:16,712 - src.core.cache - DEBUG - Cached value for key: dnd_item_equipment_maul
2026-09-12 15:14:16,720 - src.core.cache - DEBUG - Cache miss for key: dnd_item_equipment_mess-kit
2026-09-12 15:14:16,720 - src.core.resources - DEBUG - Prefetching item details: equipment/mess-kit
2026-09-12 15:14:16,721 - urllib3.connectionpool - DEBUG - Starting new HTTPS connection (1): www.dnd5eapi.co:443
2026-09-12 15:14:16,728 - urllib3.connectionpool - DEBUG - https://www.dnd5eapi.co:443 "GET /api/2014/monsters/giant-wasp HTTP/1.1" 200 1384
2026-09-12 15:14:16,729 - src.core.cache - DEBUG - Cached value for key: dnd_item_monsters_giant-wasp
2026-09-12 15:14:16,735 - src.core.cache - DEBUG - Cache miss for key: dnd_item_monsters_giant-weasel
2026-09-12 15:14:16,736 - src.core.resources - DEBUG - Prefetching item details: monsters/giant-weasel
2026-09-12 15:14:16,736 - urllib3.connectionpool - DEBUG - Starting new HTTPS connection (1): www.dnd5eapi.co:443
2026-09-12 15:14:17,004 - urllib3.connectionpool - DEBUG - https://www.dnd5eapi.co:443 "GET /api/spells/goodberry HTTP/1.1" 301 60
2026-09-12 15:14:17,059 - urllib3.connectionpool - DEBUG - https://www.dnd5eapi.co:443 "GET /api/equipment/mess-kit HTTP/1.1" 301 62
2026-09-12 15:14:17,068 - urllib3.connectionpool - DEBUG - https://www.dnd5eapi.co:443 "GET /api/monsters/giant-weasel HTTP/1.1" 301 65
2026-09-12 15:14:17,114 - urllib3.connectionpool - DEBUG - https://www.dnd5eapi.co:443 "GET /api/2014/spells/goodberry HTTP/1.1" 200 940
2026-09-12 15:14:17,115 - src.core.cache - DEBUG - Cached value for key: dnd_item_spells_goodberry
2026-09-12 15:14:17,122 - src.core.cache - DEBUG - Cache miss for key: dnd_item_spells_grease
2026-09-12 15:14:17,122 - src.core.resources - DEBUG - Prefetching item details: spells/grease
2026-09-12 15:14:17,123 - urllib3.connectionpool - DEBUG - Starting new HTTPS connection (1): www.dnd5eapi.co:443
2026-09-12 15:14:17,172 - urllib3.connectionpool - DEBUG - https://www.dnd5eapi.co:443 "GET /api/2014/equipment/mess-kit HTTP/1.1" 200 594
2026-09-12 15:14:17,173 - src.core.cache - DEBUG - Cached value for key: dnd_item_equipment_mess-kit
2026-09-12 15:14:17,178 - urllib3.connectionpool - DEBUG - https://www.dnd5eapi.co:443 "GET /api/2014/monsters/giant-weasel HTTP/1.1" 200 1439
2026-09-12 15:14:17,179 - src.core.cache - DEBUG - Cached value for key: dnd_item_monsters_giant-weasel
2026-09-12 15:14:17,181 - src.core.cache - DEBUG - Cache miss for key: dnd_item_equipment_mirror-steel
2026-09-12 15:14:17,181 - src.core.cache - DEBUG - Cache miss for key: dnd_item_monsters_giant-wolf-spider
2026-09-12 15:14:17,181 - src.core.resources - DEBUG - Prefetching item details: equipment/mirror-steel
2026-09-12 15:14:17,181 - src.core.resources - DEBUG - Prefetching item details: monsters/giant-wolf-spider
2026-09-12 15:14:17,182 - urllib3.connectionpool - DEBUG - Starting new HTTPS connection (1): www.dnd5eapi.co:443
2026-09-12 15:14:17,182 - urllib3.connectionpool - DEBUG - Starting new HTTPS connection (1): www.dnd5eapi.co:443
2026-09-12 15:14:17,460 - urllib3.connectionpool - DEBUG - https://www.dnd5eapi.co:443 "GET /api/spells/grease HTTP/1.1" 301 57
2026-09-12 15:14:17,518 - urllib3.connectionpool - DEBUG - https://www.dnd5eapi.co:443 "GET /api/monsters/giant-wolf-spider HTTP/1.1" 301 70
2026-09-12 15:14:17,519 - urllib3.connectionpool - DEBUG - https://www.dnd5eapi.co:443 "GET /api/equipment/mirror-steel HTTP/1.1" 301 66
2026-09-12 15:14:17,577 - urllib3.connectionpool - DEBUG - https://www.dnd5eapi.co:443 "GET /api/2014/spells/grease HTTP/1.1" 200 1094
2026-09-12 15:14:17,579 - src.core.cache - DEBUG - Cached value for key: dnd_item_spells_grease
2026-09-12 15:14:17,587 - src.core.cache - DEBUG - Cache miss for key: dnd_item_spells_greater-invisibility
2026-09-12 15:14:17,587 - src.core.resources - DEBUG - Prefetching item details: spells/greater-invisibility
2026-09-12 15:14:17,588 - urllib3.connectionpool - DEBUG - Starting new HTTPS connection (1): www.dnd5eapi.co:443
2026-09-12 15:14:17,632 - urllib3.connectionpool - DEBUG - https://www.dnd5eapi.co:443 "GET /api/2014/monsters/giant-wolf-spider HTTP/1.1" 200 2277
2026-09-12 15:14:17,633 - src.core.cache - DEBUG - Cached value for key: dnd_item_monsters_giant-wolf-spider
2026-09-12 15:14:17,633 - urllib3.connectionpool - DEBUG - https://www.dnd5eapi.co:443 "GET /api/2014/equipment/mirror-steel HTTP/1.1" 200 478
2026-09-12 15:14:17,634 - src.core.cache - DEBUG - Cached value for key: dnd_item_equipment_mirror-steel
2026-09-12 15:14:17,640 - src.core.cache - DEBUG - Cache miss for key: dnd_item_monsters_gibbering-mouther
2026-09-12 15:14:17,641 - src.core.resources - DEBUG - Prefetching item details: monsters/gibbering-mouther
2026-09-12 15:14:17,641 - src.core.cache - DEBUG - Cache miss for key: dnd_item_equipment_morningstar
2026-09-12 15:14:17,641 - src.core.resources - DEBUG - Prefetching item details: equipment/morningstar
2026-09-12 15:14:17,642 - urllib3.connectionpool - DEBUG - Starting new HTTPS connection (1): www.dnd5eapi.co:443
2026-09-12 15:14:17,642 - urllib3.connectionpool - DEBUG - Starting new HTTPS connection (1): www.dnd5eapi.co:443
2026-09-12 15:14:17,924 - urllib3.connectionpool - DEBUG - https://www.dnd5eapi.co:443 "GET /api/spells/greater-invisibility HTTP/1.1" 301 71
2026-09-12 15:14:17,970 - urllib3.connectionpool - DEBUG - https://www.dnd5eapi.co:443 "GET /api/monsters/gibbering-mouther HTTP/1.1" 301 70
2026-09-12 15:14:18,008 - urllib3.connectionpool - DEBUG - https://www.dnd5eapi.co:443 "GET /api/equipment/morningstar HTTP/1.1" 301 65
2026-09-12 15:14:18,034 - urllib3.connectionpool - DEBUG - https://www.dnd5eapi.co:443 "GET /api/2014/spells/greater-invisibility HTTP/1.1" 200 866
2026-09-12 15:14:18,035 - src.core.cache - DEBUG - Cached value for key: dnd_item_spells_greater-invisibility
2026-09-12 15:14:18,042 - src.core.cache - DEBUG - Cache miss for key: dnd_item_spells_greater-restoration
2026-09-12 15:14:18,042 - src.core.resources - DEBUG - Prefetching item details: spells/greater-restoration
2026-09-12 15:14:18,042 - urllib3.connectionpool - DEBUG - Starting new HTTPS connection (1): www.dnd5eapi.co:443
2026-09-12 15:14:18,079 - urllib3.connectionpool - DEBUG - https://www.dnd5eapi.co:443 "GET /api/2014/monsters/gibbering-mouther HTTP/1.1" 200 3272
2026-09-12 15:14:18,080 - src.core.cache - DEBUG - Cached value for key: dnd_item_monsters_gibbering-mouther
2026-09-12 15:14:18,086 - src.core.cache - DEBUG - Cache miss for key: dnd_item_monsters_glabrezu
2026-09-12 15:14:18,086 - src.core.resources - DEBUG - Prefetching item details: monsters/glabrezu
2026-09-12 15:14:18,087 - urllib3.connectionpool - DEBUG - Starting new HTTPS connection (1): www.dnd5eapi.co:443
2026-09-12 15:14:18,121 - urllib3.connectionpool - DEBUG - https://www.dnd5eapi.co:443 "GET /api/2014/equipment/morningstar HTTP/1.1" 200 554
2026-09-12 15:14:18,122 - src.core.cache - DEBUG - Cached value for key: dnd_item_equipment_morningstar
2026-09-12 15:14:18,129 - src.core.cache - DEBUG - Cache miss for key: dnd_item_equipment_mule
2026-09-12 15:14:18,129 - src.core.resources - DEBUG - Prefetching item details: equipment/mule
2026-09-12 15:14:18,129 - urllib3.connectionpool - DEBUG - Starting new HTTPS connection (1): www.dnd5eapi.co:443
2026-09-12 15:14:18,379 - urllib3.connectionpool - DEBUG - https://www.dnd5eapi.co:443 "GET /api/spells/greater-restoration HTTP/1.1" 301 70
2026-09-12 15:14:18,418 - urllib3.connectionpool - DEBUG - https://www.dnd5eapi.co:443 "GET /api/monsters/glabrezu HTTP/1.1" 301 61
2026-09-12 15:14:18,487 - urllib3.connectionpool - DEBUG - https://www.dnd5eapi.co:443 "GET /api/equipment/mule HTTP/1.1" 301 58
2026-09-12 15:14:18,489 - urllib3.connectionpool - DEBUG - https://www.dnd5eapi.co:443 "GET /api/2014/spells/greater-restoration HTTP/1.1" 200 1131
2026-09-12 15:14:18,490 - src.core.cache - DEBUG - Cached value for key: dnd_item_spells_greater-restoration
2026-09-12 15:14:18,496 - src.core.cache - DEBUG - Cache miss for key: dnd_item_spells_guardian-of-faith
2026-09-12 15:14:18,496 - src.core.resources - DEBUG - Prefetching item details: spells/guardian-of-faith
2026-09-12 15:14:18,496 - urllib3.connectionpool - DEBUG - Starting new HTTPS connection (1): www.dnd5eapi.co:443
2026-09-12 15:14:18,528 - urllib3.connectionpool - DEBUG - https://www.dnd5eapi.co:443 "GET /api/2014/monsters/glabrezu HTTP/1.1" 200 4238
2026-09-12 15:14:18,529 - src.core.cache - DEBUG - Cached value for key: dnd_item_monsters_glabrezu
2026-09-12 15:14:18,535 - src.core.cache - DEBUG - Cache miss for key: dnd_item_monsters_gladiator
2026-09-12 15:14:18,536 - src.core.resources - DEBUG - Prefetching item details: monsters/gladiator
2026-09-12 15:14:18,536 - urllib3.connectionpool - DEBUG - Starting new HTTPS connection (1): www.dnd5eapi.co:443
2026-09-12 15:14:18,598 - urllib3.connectionpool - DEBUG - https://www.dnd5eapi.co:443 "GET /api/2014/equipment/mule HTTP/1.1" 200 440
2026-09-12 15:14:18,599 - src.core.cache - DEBUG - Cached value for key: dnd_item_equipment_mule
2026-09-12 15:14:18,607 - src.core.cache - DEBUG - Cache miss for key: dnd_item_equipment_navigators-tools
2026-09-12 15:14:18,607 - src.core.resources - DEBUG - Prefetching item details: equipment/navigators-tools
2026-09-12 15:14:18,608 - urllib3.connectionpool - DEBUG - Starting new HTTPS connection (1): www.dnd5eapi.co:443
2026-09-12 15:14:18,827 - urllib3.connectionpool - DEBUG - https://www.dnd5eapi.co:443 "GET /api/spells/guardian-of-faith HTTP/1.1" 301 68
2026-09-12 15:14:18,890 - urllib3.connectionpool - DEBUG - https://www.dnd5eapi.co:443 "GET /api/monsters/gladiator HTTP/1.1" 301 62
2026-09-12 15:14:18,935 - urllib3.connectionpool - DEBUG - https://www.dnd5eapi.co:443 "GET /api/2014/spells/guardian-of-faith HTTP/1.1" 200 1356
2026-09-12 15:14:18,936 - src.core.cache - DEBUG - Cached value for key: dnd_item_spells_guardian-of-faith
2026-09-12 15:14:18,941 - urllib3.connectionpool - DEBUG - https://www.dnd5eapi.co:443 "GET /api/equipment/navigators-tools HTTP/1.1" 301 70
2026-09-12 15:14:18,943 - src.core.cache - DEBUG - Cache miss for key: dnd_item_spells_guards-and-wards
2026-09-12 15:14:18,943 - src.core.resources - DEBUG - Prefetching item details: spells/guards-and-wards
2026-09-12 15:14:18,944 - urllib3.connectionpool - DEBUG - Starting new HTTPS connection (1): www.dnd5eapi.co:443
2026-09-12 15:14:19,001 - urllib3.connectionpool - DEBUG - https://www.dnd5eapi.co:443 "GET /api/2014/monsters/gladiator HTTP/1.1" 200 4282
2026-09-12 15:14:19,002 - src.core.cache - DEBUG - Cached value for key: dnd_item_monsters_gladiator
2026-09-12 15:14:19,008 - src.core.cache - DEBUG - Cache miss for key: dnd_item_monsters_gnoll
2026-09-12 15:14:19,008 - src.core.resources - DEBUG - Prefetching item details: monsters/gnoll
2026-09-12 15:14:19,009 - urllib3.connectionpool - DEBUG - Starting new HTTPS connection (1): www.dnd5eapi.co:443
2026-09-12 15:14:19,053 - urllib3.connectionpool - DEBUG - https://www.dnd5eapi.co:443 "GET /api/2014/equipment/navigators-tools HTTP/1.1" 200 645
2026-09-12 15:14:19,054 - src.core.cache - DEBUG - Cached value for key: dnd_item_equipment_navigators-tools
2026-09-12 15:14:19,060 - src.core.cache - DEBUG - Cache miss for key: dnd_item_equipment_net
2026-09-12 15:14:19,060 - src.core.resources - DEBUG - Prefetching item details: equipment/net
2026-09-12 15:14:19,061 - urllib3.connectionpool - DEBUG - Starting new HTTPS connection (1): www.dnd5eapi.co:443
2026-09-12 15:14:19,283 - urllib3.connectionpool - DEBUG - https://www.dnd5eapi.co:443 "GET /api/spells/guards-and-wards HTTP/1.1" 301 67
2026-09-12 15:14:19,343 - urllib3.connectionpool - DEBUG - https://www.dnd5eapi.co:443 "GET /api/monsters/gnoll HTTP/1.1" 301 58
2026-09-12 15:14:19,394 - urllib3.connectionpool - DEBUG - https://www.dnd5eapi.co:443 "GET /api/2014/spells/guards-and-wards HTTP/1.1" 200 3188
2026-09-12 15:14:19,395 - src.core.cache - DEBUG - Cached value for key: dnd_item_spells_guards-and-wards
2026-09-12 15:14:19,397 - urllib3.connectionpool - DEBUG - https://www.dnd5eapi.co:443 "GET /api/equipment/net HTTP/1.1" 301 57
2026-09-12 15:14:19,401 - src.core.cache - DEBUG - Cache miss for key: dnd_item_spells_guidance
2026-09-12 15:14:19,402 - src.core.resources - DEBUG - Prefetching item details: spells/guidance
2026-09-12 15:14:19,402 - urllib3.connectionpool - DEBUG - Starting new HTTPS connection (1): www.dnd5eapi.co:443
2026-09-12 15:14:19,459 - urllib3.connectionpool - DEBUG - https://www.dnd5eapi.co:443 "GET /api/2014/monsters/gnoll HTTP/1.1" 200 2378
2026-09-12 15:14:19,460 - src.core.cache - DEBUG - Cached value for key: dnd_item_monsters_gnoll
2026-09-12 15:14:19,466 - src.core.cache - DEBUG - Cache miss for key: dnd_item_monsters_goat
2026-09-12 15:14:19,466 - src.core.resources - DEBUG - Prefetching item details: monsters/goat
2026-09-12 15:14:19,467 - urllib3.connectionpool - DEBUG - Starting new HTTPS connection (1): www.dnd5eapi.co:443
2026-09-12 15:14:19,506 - urllib3.connectionpool - DEBUG - https://www.dnd5eapi.co:443 "GET /api/2014/equipment/net HTTP/1.1" 200 1196
2026-09-12 15:14:19,508 - src.core.cache - DEBUG - Cached value for key: dnd_item_equipment_net
2026-09-12 15:14:19,513 - src.core.cache - DEBUG - Cache miss for key: dnd_item_equipment_oil-flask
2026-09-12 15:14:19,514 - src.core.resources - DEBUG - Prefetching item details: equipment/oil-flask
2026-09-12 15:14:19,514 - urllib3.connectionpool - DEBUG - Starting new HTTPS connection (1): www.dnd5eapi.co:443
2026-09-12 15:14:19,740 - urllib3.connectionpool - DEBUG - https://www.dnd5eapi.co:443 "GET /api/spells/guidance HTTP/1.1" 301 59
2026-09-12 15:14:19,799 - urllib3.connectionpool - DEBUG - https://www.dnd5eapi.co:443 "GET /api/monsters/goat HTTP/1.1" 301 57
2026-09-12 15:14:19,857 - urllib3.connectionpool - DEBUG - https://www.dnd5eapi.co:443 "GET /api/equipment/oil-flask HTTP/1.1" 301 63
2026-09-12 15:14:19,859 - urllib3.connectionpool - DEBUG - https://www.dnd5eapi.co:443 "GET /api/2014/spells/guidance HTTP/1.1" 200 830
2026-09-12 15:14:19,860 - src.core.cache - DEBUG - Cached value for key: dnd_item_spells_guidance
2026-09-12 15:14:19,866 - src.core.cache - DEBUG - Cache miss for key: dnd_item_spells_guiding-bolt
2026-09-12 15:14:19,866 - src.core.resources - DEBUG - Prefetching item details: spells/guiding-bolt
2026-09-12 15:14:19,867 - urllib3.connectionpool - DEBUG - Starting new HTTPS connection (1): www.dnd5eapi.co:443
2026-09-12 15:14:19,913 - urllib3.connectionpool - DEBUG - https://www.dnd5eapi.co:443 "GET /api/2014/monsters/goat HTTP/1.1" 200 1458
2026-09-12 15:14:19,914 - src.core.cache - DEBUG - Cached value for key: dnd_item_monsters_goat
2026-09-12 15:14:19,921 - src.core.cache - DEBUG - Cache miss for key: dnd_item_monsters_goblin
2026-09-12 15:14:19,921 - src.core.resources - DEBUG - Prefetching item details: monsters/goblin
2026-09-12 15:14:19,921 - urllib3.connectionpool - DEBUG - Starting new HTTPS connection (1): www.dnd5eapi.co:443
2026-09-12 15:14:19,967 - urllib3.connectionpool - DEBUG - https://www.dnd5eapi.co:443 "GET /api/2014/equipment/oil-flask HTTP/1.1" 200 1244
2026-09-12 15:14:19,968 - src.core.cache - DEBUG - Cached value for key: dnd_item_equipment_oil-flask
2026-09-12 15:14:19,975 - src.core.cache - DEBUG - Cache miss for key: dnd_item_equipment_orb
2026-09-12 15:14:19,975 - src.core.resources - DEBUG - Prefetching item details: equipment/orb
2026-09-12 15:14:19,976 - urllib3.connectionpool - DEBUG - Starting new HTTPS connection (1): www.dnd5eapi.co:443
2026-09-12 15:14:20,193 - urllib3.connectionpool - DEBUG - https://www.dnd5eapi.co:443 "GET /api/spells/guiding-bolt HTTP/1.1" 301 63
2026-09-12 15:14:20,257 - urllib3.connectionpool - DEBUG - https://www.dnd5eapi.co:443 "GET /api/monsters/goblin HTTP/1.1" 301 59
2026-09-12 15:14:20,301 - urllib3.connectionpool - DEBUG - https://www.dnd5eapi.co:443 "GET /api/2014/spells/guiding-bolt HTTP/1.1" 200 1245
2026-09-12 15:14:20,302 - src.core.cache - DEBUG - Cached value for key: dnd_item_spells_guiding-bolt
2026-09-12 15:14:20,302 - urllib3.connectionpool - DEBUG - https://www.dnd5eapi.co:443 "GET /api/equipment/orb HTTP/1.1" 301 57
2026-09-12 15:14:20,308 - src.core.cache - DEBUG - Cache miss for key: dnd_item_spells_gust-of-wind
2026-09-12 15:14:20,308 - src.core.resources - DEBUG - Prefetching item details: spells/gust-of-wind
2026-09-12 15:14:20,309 - urllib3.connectionpool - DEBUG - Starting new HTTPS connection (1): www.dnd5eapi.co:443
2026-09-12 15:14:20,367 - urllib3.connectionpool - DEBUG - https://www.dnd5eapi.co:443 "GET /api/2014/monsters/goblin HTTP/1.1" 200 1777
2026-09-12 15:14:20,368 - src.core.cache - DEBUG - Cached value for key: dnd_item_monsters_goblin
2026-09-12 15:14:20,375 - src.core.cache - DEBUG - Cache miss for key: dnd_item_monsters_gold-dragon-wyrmling
2026-09-12 15:14:20,376 - src.core.resources - DEBUG - Prefetching item details: monsters/gold-dragon-wyrmling
2026-09-12 15:14:20,376 - urllib3.connectionpool - DEBUG - Starting new HTTPS connection (1): www.dnd5eapi.co:443
2026-09-12 15:14:20,410 - urllib3.connectionpool - DEBUG - https://www.dnd5eapi.co:443 "GET /api/2014/equipment/orb HTTP/1.1" 200 711
2026-09-12 15:14:20,411 - src.core.cache - DEBUG - Cached value for key: dnd_item_equipment_orb
2026-09-12 15:14:20,417 - src.core.cache - DEBUG - Cache miss for key: dnd_item_equipment_padded-armor
2026-09-12 15:14:20,418 - src.core.resources - DEBUG - Prefetching item details: equipment/padded-armor
2026-09-12 15:14:20,418 - urllib3.connectionpool - DEBUG - Starting new HTTPS connection (1): www.dnd5eapi.co:443
2026-09-12 15:14:20,660 - urllib3.connectionpool - DEBUG - https://www.dnd5eapi.co:443 "GET /api/spells/gust-of-wind HTTP/1.1" 301 63
2026-09-12 15:14:20,705 - urllib3.connectionpool - DEBUG - https://www.dnd5eapi.co:443 "GET /api/monsters/gold-dragon-wyrmling HTTP/1.1" 301 73
2026-09-12 15:14:20,770 - urllib3.connectionpool - DEBUG - https://www.dnd5eapi.co:443 "GET /api/equipment/padded-armor HTTP/1.1" 301 66
2026-09-12 15:14:20,771 - urllib3.connectionpool - DEBUG - https://www.dnd5eapi.co:443 "GET /api/2014/spells/gust-of-wind HTTP/1.1" 200 1612
2026-09-12 15:14:20,772 - src.core.cache - DEBUG - Cached value for key: dnd_item_spells_gust-of-wind
2026-09-12 15:14:20,779 - src.core.cache - DEBUG - Cache miss for key: dnd_item_spells_hallow
2026-09-12 15:14:20,779 - src.core.resources - DEBUG - Prefetching item details: spells/hallow
2026-09-12 15:14:20,780 - urllib3.connectionpool - DEBUG - Starting new HTTPS connection (1): www.dnd5eapi.co:443
2026-09-12 15:14:20,814 - urllib3.connectionpool - DEBUG - https://www.dnd5eapi.co:443 "GET /api/2014/monsters/gold-dragon-wyrmling HTTP/1.1" 200 3310
2026-09-12 15:14:20,816 - src.core.cache - DEBUG - Cached value for key: dnd_item_monsters_gold-dragon-wyrmling
2026-09-12 15:14:20,822 - src.core.cache - DEBUG - Cache miss for key: dnd_item_monsters_gorgon
2026-09-12 15:14:20,822 - src.core.resources - DEBUG - Prefetching item details: monsters/gorgon
2026-09-12 15:14:20,823 - urllib3.connectionpool - DEBUG - Starting new HTTPS connection (1): www.dnd5eapi.co:443
2026-09-12 15:14:20,881 - urllib3.connectionpool - DEBUG - https://www.dnd5eapi.co:443 "GET /api/2014/equipment/padded-armor HTTP/1.1" 200 436
2026-09-12 15:14:20,882 - src.core.cache - DEBUG - Cached value for key: dnd_item_equipment_padded-armor
2026-09-12 15:14:20,890 - src.core.cache - DEBUG - Cache miss for key: dnd_item_equipment_painters-supplies
2026-09-12 15:14:20,890 - src.core.resources - DEBUG - Prefetching item details: equipment/painters-supplies
2026-09-12 15:14:20,891 - urllib3.connectionpool - DEBUG - Starting new HTTPS connection (1): www.dnd5eapi.co:443
2026-09-12 15:14:21,117 - urllib3.connectionpool - DEBUG - https://www.dnd5eapi.co:443 "GET /api/spells/hallow HTTP/1.1" 301 57
2026-09-12 15:14:21,163 - urllib3.connectionpool - DEBUG - https://www.dnd5eapi.co:443 "GET /api/monsters/gorgon HTTP/1.1" 301 59
2026-09-12 15:14:21,227 - urllib3.connectionpool - DEBUG - https://www.dnd5eapi.co:443 "GET /api/equipment/painters-supplies HTTP/1.1" 301 71
2026-09-12 15:14:21,228 - urllib3.connectionpool - DEBUG - https://www.dnd5eapi.co:443 "GET /api/2014/spells/hallow HTTP/1.1" 200 3263
2026-09-12 15:14:21,230 - src.core.cache - DEBUG - Cached value for key: dnd_item_spells_hallow
2026-09-12 15:14:21,237 - src.core.cache - DEBUG - Cache miss for key: dnd_item_spells_hallucinatory-terrain
2026-09-12 15:14:21,237 - src.core.resources - DEBUG - Prefetching item details: spells/hallucinatory-terrain
2026-09-12 15:14:21,238 - urllib3.connectionpool - DEBUG - Starting new HTTPS connection (1): www.dnd5eapi.co:443
2026-09-12 15:14:21,275 - urllib3.connectionpool - DEBUG - https://www.dnd5eapi.co:443 "GET /api/2014/monsters/gorgon HTTP/1.1" 200 2558
2026-09-12 15:14:21,276 - src.core.cache - DEBUG - Cached value for key: dnd_item_monsters_gorgon
2026-09-12 15:14:21,283 - src.core.cache - DEBUG - Cache miss for key: dnd_item_monsters_gray-ooze
2026-09-12 15:14:21,283 - src.core.resources - DEBUG - Prefetching item details: monsters/gray-ooze
2026-09-12 15:14:21,284 - urllib3.connectionpool - DEBUG - Starting new HTTPS connection (1): www.dnd5eapi.co:443
2026-09-12 15:14:21,340 - urllib3.connectionpool - DEBUG - https://www.dnd5eapi.co:443 "GET /api/2014/equipment/painters-supplies HTTP/1.1" 200 759
2026-09-12 15:14:21,341 - src.core.cache - DEBUG - Cached value for key: dnd_item_equipment_painters-supplies
2026-09-12 15:14:21,347 - src.core.cache - DEBUG - Cache miss for key: dnd_item_equipment_pan-flute
2026-09-12 15:14:21,347 - src.core.resources - DEBUG - Prefetching item details: equipment/pan-flute
2026-09-12 15:14:21,348 - urllib3.connectionpool - DEBUG - Starting new HTTPS connection (1): www.dnd5eapi.co:443
2026-09-12 15:14:21,608 - urllib3.connectionpool - DEBUG - https://www.dnd5eapi.co:443 "GET /api/spells/hallucinatory-terrain HTTP/1.1" 301 72
2026-09-12 15:14:21,613 - urllib3.connectionpool - DEBUG - https://www.dnd5eapi.co:443 "GET /api/monsters/gray-ooze HTTP/1.1" 301 62
2026-09-12 15:14:21,677 - urllib3.connectionpool - DEBUG - https://www.dnd5eapi.co:443 "GET /api/equipment/pan-flute HTTP/1.1" 301 63
2026-09-12 15:14:21,720 - urllib3.connectionpool - DEBUG - https://www.dnd5eapi.co:443 "GET /api/2014/spells/hallucinatory-terrain HTTP/1.1" 200 1760
2026-09-12 15:14:21,721 - src.core.cache - DEBUG - Cached value for key: dnd_item_spells_hallucinatory-terrain
2026-09-12 15:14:21,724 - urllib3.connectionpool - DEBUG - https://www.dnd5eapi.co:443 "GET /api/2014/monsters/gray-ooze HTTP/1.1" 200 2706
2026-09-12 15:14:21,726 - src.core.cache - DEBUG - Cached value for key: dnd_item_monsters_gray-ooze
2026-09-12 15:14:21,730 - src.core.cache - DEBUG - Cache miss for key: dnd_item_spells_harm
2026-09-12 15:14:21,730 - src.core.resources - DEBUG - Prefetching item details: spells/harm
2026-09-12 15:14:21,730 - src.core.cache - DEBUG - Cache miss for key: dnd_item_monsters_green-dragon-wyrmling
2026-09-12 15:14:21,730 - src.core.resources - DEBUG - Prefetching item details: monsters/green-dragon-wyrmling
2026-09-12 15:14:21,731 - urllib3.connectionpool - DEBUG - Starting new HTTPS connection (1): www.dnd5eapi.co:443
2026-09-12 15:14:21,731 - urllib3.connectionpool - DEBUG - Starting new HTTPS connection (1): www.dnd5eapi.co:443
2026-09-12 15:14:21,786 - urllib3.connectionpool - DEBUG - https://www.dnd5eapi.co:443 "GET /api/2014/equipment/pan-flute HTTP/1.1" 200 730
2026-09-12 15:14:21,787 - src.core.cache - DEBUG - Cached value for key: dnd_item_equipment_pan-flute
2026-09-12 15:14:21,794 - src.core.cache - DEBUG - Cache miss for key: dnd_item_equipment_paper-one-sheet
2026-09-12 15:14:21,794 - src.core.resources - DEBUG - Prefetching item details: equipment/paper-one-sheet
2026-09-12 15:14:21,794 - urllib3.connectionpool - DEBUG - Starting new HTTPS connection (1): www.dnd5eapi.co:443
2026-09-12 15:14:22,067 - urllib3.connectionpool - DEBUG - https://www.dnd5eapi.co:443 "GET /api/spells/harm HTTP/1.1" 301 55
2026-09-12 15:14:22,069 - urllib3.connectionpool - DEBUG - https://www.dnd5eapi.co:443 "GET /api/monsters/green-dragon-wyrmling HTTP/1.1" 301 74
2026-09-12 15:14:22,130 - urllib3.connectionpool - DEBUG - https://www.dnd5eapi.co:443 "GET /api/equipment/paper-one-sheet HTTP/1.1" 301 69
2026-09-12 15:14:22,176 - urllib3.connectionpool - DEBUG - https://www.dnd5eapi.co:443 "GET /api/2014/spells/harm HTTP/1.1" 200 1231
2026-09-12 15:14:22,177 - src.core.cache - DEBUG - Cached value for key: dnd_item_spells_harm
2026-09-12 15:14:22,180 - urllib3.connectionpool - DEBUG - https://www.dnd5eapi.co:443 "GET /api/2014/monsters/green-dragon-wyrmling HTTP/1.1" 200 2796
2026-09-12 15:14:22,181 - src.core.cache - DEBUG - Cached value for key: dnd_item_monsters_green-dragon-wyrmling
2026-09-12 15:14:22,184 - src.core.cache - DEBUG - Cache miss for key: dnd_item_spells_haste
2026-09-12 15:14:22,184 - src.core.cache - DEBUG - Cache miss for key: dnd_item_monsters_green-hag
2026-09-12 15:14:22,184 - src.core.resources - DEBUG - Prefetching item details: spells/haste
2026-09-12 15:14:22,184 - src.core.resources - DEBUG - Prefetching item details: monsters/green-hag
2026-09-12 15:14:22,185 - urllib3.connectionpool - DEBUG - Starting new HTTPS connection (1): www.dnd5eapi.co:443
2026-09-12 15:14:22,185 - urllib3.connectionpool - DEBUG - Starting new HTTPS connection (1): www.dnd5eapi.co:443
2026-09-12 15:14:22,243 - urllib3.connectionpool - DEBUG - https://www.dnd5eapi.co:443 "GET /api/2014/equipment/paper-one-sheet HTTP/1.1" 200 486
2026-09-12 15:14:22,244 - src.core.cache - DEBUG - Cached value for key: dnd_item_equipment_paper-one-sheet
2026-09-12 15:14:22,251 - src.core.cache - DEBUG - Cache miss for key: dnd_item_equipment_parchment-one-sheet
2026-09-12 15:14:22,251 - src.core.resources - DEBUG - Prefetching item details: equipment/parchment-one-sheet
2026-09-12 15:14:22,251 - urllib3.connectionpool - DEBUG - Starting new HTTPS connection (1): www.dnd5eapi.co:443
2026-09-12 15:14:22,531 - urllib3.connectionpool - DEBUG - https://www.dnd5eapi.co:443 "GET /api/spells/haste HTTP/1.1" 301 56
2026-09-12 15:14:22,531 - urllib3.connectionpool - DEBUG - https://www.dnd5eapi.co:443 "GET /api/monsters/green-hag HTTP/1.1" 301 62
2026-09-12 15:14:22,591 - urllib3.connectionpool - DEBUG - https://www.dnd5eapi.co:443 "GET /api/equipment/parchment-one-sheet HTTP/1.1" 301 73
2026-09-12 15:14:22,642 - urllib3.connectionpool - DEBUG - https://www.dnd5eapi.co:443 "GET /api/2014/spells/haste HTTP/1.1" 200 1207
2026-09-12 15:14:22,643 - src.core.cache - DEBUG - Cached value for key: dnd_item_spells_haste
2026-09-12 15:14:22,643 - urllib3.connectionpool - DEBUG - https://www.dnd5eapi.co:443 "GET /api/2014/monsters/green-hag HTTP/1.1" 200 3637
2026-09-12 15:14:22,644 - src.core.cache - DEBUG - Cached value for key: dnd_item_monsters_green-hag
2026-09-12 15:14:22,650 - src.core.cache - DEBUG - Cache miss for key: dnd_item_monsters_grick
2026-09-12 15:14:22,650 - src.core.cache - DEBUG - Cache miss for key: dnd_item_spells_heal
2026-09-12 15:14:22,650 - src.core.resources - DEBUG - Prefetching item details: spells/heal
2026-09-12 15:14:22,650 - src.core.resources - DEBUG - Prefetching item details: monsters/grick
2026-09-12 15:14:22,651 - urllib3.connectionpool - DEBUG - Starting new HTTPS connection (1): www.dnd5eapi.co:443
2026-09-12 15:14:22,651 - urllib3.connectionpool - DEBUG - Starting new HTTPS connection (1): www.dnd5eapi.co:443
2026-09-12 15:14:22,703 - urllib3.connectionpool - DEBUG - https://www.dnd5eapi.co:443 "GET /api/2014/equipment/parchment-one-sheet HTTP/1.1" 200 498
2026-09-12 15:14:22,704 - src.core.cache - DEBUG - Cached value for key: dnd_item_equipment_parchment-one-sheet
2026-09-12 15:14:22,712 - src.core.cache - DEBUG - Cache miss for key: dnd_item_equipment_perfume-vial
2026-09-12 15:14:22,712 - src.core.resources - DEBUG - Prefetching item details: equipment/perfume-vial
2026-09-12 15:14:22,713 - urllib3.connectionpool - DEBUG - Starting new HTTPS connection (1): www.dnd5eapi.co:443
2026-09-12 15:14:22,979 - urllib3.connectionpool - DEBUG - https://www.dnd5eapi.co:443 "GET /api/spells/heal HTTP/1.1" 301 55
2026-09-12 15:14:22,985 - urllib3.connectionpool - DEBUG - https://www.dnd5eapi.co:443 "GET /api/monsters/grick HTTP/1.1" 301 58
2026-09-12 15:14:23,049 - urllib3.connectionpool - DEBUG - https://www.dnd5eapi.co:443 "GET /api/equipment/perfume-vial HTTP/1.1" 301 66
2026-09-12 15:14:23,087 - urllib3.connectionpool - DEBUG - https://www.dnd5eapi.co:443 "GET /api/2014/spells/heal HTTP/1.1" 200 993
2026-09-12 15:14:23,088 - src.core.cache - DEBUG - Cached value for key: dnd_item_spells_heal
2026-09-12 15:14:23,095 - src.core.cache - DEBUG - Cache miss for key: dnd_item_spells_healing-word
2026-09-12 15:14:23,095 - src.core.resources - DEBUG - Prefetching item details: spells/healing-word
2026-09-12 15:14:23,096 - urllib3.connectionpool - DEBUG - Starting new HTTPS connection (1): www.dnd5eapi.co:443
2026-09-12 15:14:23,096 - urllib3.connectionpool - DEBUG - https://www.dnd5eapi.co:443 "GET /api/2014/monsters/grick HTTP/1.1" 200 1833
2026-09-12 15:14:23,097 - src.core.cache - DEBUG - Cached value for key: dnd_item_monsters_grick
2026-09-12 15:14:23,103 - src.core.cache - DEBUG - Cache miss for key: dnd_item_monsters_griffon
2026-09-12 15:14:23,103 - src.core.resources - DEBUG - Prefetching item details: monsters/griffon
2026-09-12 15:14:23,104 - urllib3.connectionpool - DEBUG - Starting new HTTPS connection (1): www.dnd5eapi.co:443
2026-09-12 15:14:23,169 - urllib3.connectionpool - DEBUG - https://www.dnd5eapi.co:443 "GET /api/2014/equipment/perfume-vial HTTP/1.1" 200 477
2026-09-12 15:14:23,171 - src.core.cache - DEBUG - Cached value for key: dnd_item_equipment_perfume-vial
2026-09-12 15:14:23,178 - src.core.cache - DEBUG - Cache miss for key: dnd_item_equipment_pick-miners
2026-09-12 15:14:23,178 - src.core.resources - DEBUG - Prefetching item details: equipment/pick-miners
2026-09-12 15:14:23,179 - urllib3.connectionpool - DEBUG - Starting new HTTPS connection (1): www.dnd5eapi.co:443
2026-09-12 15:14:23,434 - urllib3.connectionpool - DEBUG - https://www.dnd5eapi.co:443 "GET /api/monsters/griffon HTTP/1.1" 301 60
2026-09-12 15:14:23,450 - urllib3.connectionpool - DEBUG - https://www.dnd5eapi.co:443 "GET /api/spells/healing-word HTTP/1.1" 301 63
2026-09-12 15:14:23,510 - urllib3.connectionpool - DEBUG - https://www.dnd5eapi.co:443 "GET /api/equipment/pick-miners HTTP/1.1" 301 65
2026-09-12 15:14:23,543 - urllib3.connectionpool - DEBUG - https://www.dnd5eapi.co:443 "GET /api/2014/monsters/griffon HTTP/1.1" 200 1833
2026-09-12 15:14:23,544 - src.core.cache - DEBUG - Cached value for key: dnd_item_monsters_griffon
2026-09-12 15:14:23,550 - src.core.cache - DEBUG - Cache miss for key: dnd_item_monsters_grimlock
2026-09-12 15:14:23,550 - src.core.resources - DEBUG - Prefetching item details: monsters/grimlock
2026-09-12 15:14:23,551 - urllib3.connectionpool - DEBUG - Starting new HTTPS connection (1): www.dnd5eapi.co:443
2026-09-12 15:14:23,556 - urllib3.connectionpool - DEBUG - https://www.dnd5eapi.co:443 "GET /api/2014/spells/healing-word HTTP/1.1" 200 1147
2026-09-12 15:14:23,557 - src.core.cache - DEBUG - Cached value for key: dnd_item_spells_healing-word
2026-09-12 15:14:23,564 - src.core.cache - DEBUG - Cache miss for key: dnd_item_spells_heat-metal
2026-09-12 15:14:23,565 - src.core.resources - DEBUG - Prefetching item details: spells/heat-metal
2026-09-12 15:14:23,565 - urllib3.connectionpool - DEBUG - Starting new HTTPS connection (1): www.dnd5eapi.co:443
2026-09-12 15:14:23,617 - urllib3.connectionpool - DEBUG - https://www.dnd5eapi.co:443 "GET /api/2014/equipment/pick-miners HTTP/1.1" 200 475
2026-09-12 15:14:23,619 - src.core.cache - DEBUG - Cached value for key: dnd_item_equipment_pick-miners
2026-09-12 15:14:23,626 - src.core.cache - DEBUG - Cache miss for key: dnd_item_equipment_pike
2026-09-12 15:14:23,626 - src.core.resources - DEBUG - Prefetching item details: equipment/pike
2026-09-12 15:14:23,626 - urllib3.connectionpool - DEBUG - Starting new HTTPS connection (1): www.dnd5eapi.co:443
2026-09-12 15:14:23,877 - urllib3.connectionpool - DEBUG - https://www.dnd5eapi.co:443 "GET /api/monsters/grimlock HTTP/1.1" 301 61
2026-09-12 15:14:23,892 - urllib3.connectionpool - DEBUG - https://www.dnd5eapi.co:443 "GET /api/spells/heat-metal HTTP/1.1" 301 61
2026-09-12 15:14:23,976 - urllib3.connectionpool - DEBUG - https://www.dnd5eapi.co:443 "GET /api/equipment/pike HTTP/1.1" 301 58
2026-09-12 15:14:23,984 - urllib3.connectionpool - DEBUG - https://www.dnd5eapi.co:443 "GET /api/2014/monsters/grimlock HTTP/1.1" 200 2141
2026-09-12 15:14:23,985 - src.core.cache - DEBUG - Cached value for key: dnd_item_monsters_grimlock
2026-09-12 15:14:23,992 - src.core.cache - DEBUG - Cache miss for key: dnd_item_monsters_guard
2026-09-12 15:14:23,992 - src.core.resources - DEBUG - Prefetching item details: monsters/guard
2026-09-12 15:14:23,993 - urllib3.connectionpool - DEBUG - Starting new HTTPS connection (1): www.dnd5eapi.co:443
2026-09-12 15:14:23,999 - urllib3.connectionpool - DEBUG - https://www.dnd5eapi.co:443 "GET /api/2014/spells/heat-metal HTTP/1.1" 200 1792
2026-09-12 15:14:24,000 - src.core.cache - DEBUG - Cached value for key: dnd_item_spells_heat-metal
2026-09-12 15:14:24,006 - src.core.cache - DEBUG - Cache miss for key: dnd_item_spells_hellish-rebuke
2026-09-12 15:14:24,006 - src.core.resources - DEBUG - Prefetching item details: spells/hellish-rebuke
2026-09-12 15:14:24,007 - urllib3.connectionpool - DEBUG - Starting new HTTPS connection (1): www.dnd5eapi.co:443
2026-09-12 15:14:24,083 - urllib3.connectionpool - DEBUG - https://www.dnd5eapi.co:443 "GET /api/2014/equipment/pike HTTP/1.1" 200 773
2026-09-12 15:14:24,084 - src.core.cache - DEBUG - Cached value for key: dnd_item_equipment_pike
2026-09-12 15:14:24,091 - src.core.cache - DEBUG - Cache miss for key: dnd_item_equipment_piton
2026-09-12 15:14:24,091 - src.core.resources - DEBUG - Prefetching item details: equipment/piton
2026-09-12 15:14:24,092 - urllib3.connectionpool - DEBUG - Starting new HTTPS connection (1): www.dnd5eapi.co:443
2026-09-12 15:14:24,329 - urllib3.connectionpool - DEBUG - https://www.dnd5eapi.co:443 "GET /api/monsters/guard HTTP/1.1" 301 58
2026-09-12 15:14:24,330 - urllib3.connectionpool - DEBUG - https://www.dnd5eapi.co:443 "GET /api/spells/hellish-rebuke HTTP/1.1" 301 65
2026-09-12 15:14:24,439 - urllib3.connectionpool - DEBUG - https://www.dnd5eapi.co:443 "GET /api/2014/monsters/guard HTTP/1.1" 200 1890
2026-09-12 15:14:24,440 - src.core.cache - DEBUG - Cached value for key: dnd_item_monsters_guard
2026-09-12 15:14:24,440 - urllib3.connectionpool - DEBUG - https://www.dnd5eapi.co:443 "GET /api/2014/spells/hellish-rebuke HTTP/1.1" 200 1181
2026-09-12 15:14:24,441 - src.core.cache - DEBUG - Cached value for key: dnd_item_spells_hellish-rebuke
2026-09-12 15:14:24,441 - urllib3.connectionpool - DEBUG - https://www.dnd5eapi.co:443 "GET /api/equipment/piton HTTP/1.1" 301 59
2026-09-12 15:14:24,448 - src.core.cache - DEBUG - Cache miss for key: dnd_item_monsters_guardian-naga
2026-09-12 15:14:24,448 - src.core.cache - DEBUG - Cache miss for key: dnd_item_spells_heroes-feast
2026-09-12 15:14:24,448 - src.core.resources - DEBUG - Prefetching item details: spells/heroes-feast
2026-09-12 15:14:24,448 - src.core.resources - DEBUG - Prefetching item details: monsters/guardian-naga
2026-09-12 15:14:24,449 - urllib3.connectionpool - DEBUG - Starting new HTTPS connection (1): www.dnd5eapi.co:443
2026-09-12 15:14:24,449 - urllib3.connectionpool - DEBUG - Starting new HTTPS connection (1): www.dnd5eapi.co:443
2026-09-12 15:14:24,549 - urllib3.connectionpool - DEBUG - https://www.dnd5eapi.co:443 "GET /api/2014/equipment/piton HTTP/1.1" 200 457
2026-09-12 15:14:24,550 - src.core.cache - DEBUG - Cached value for key: dnd_item_equipment_piton
2026-09-12 15:14:24,557 - src.core.cache - DEBUG - Cache miss for key: dnd_item_equipment_plate-armor
2026-09-12 15:14:24,557 - src.core.resources - DEBUG - Prefetching item details: equipment/plate-armor
2026-09-12 15:14:24,558 - urllib3.connectionpool - DEBUG - Starting new HTTPS connection (1): www.dnd5eapi.co:443
2026-09-12 15:14:24,790 - urllib3.connectionpool - DEBUG - https://www.dnd5eapi.co:443 "GET /api/monsters/guardian-naga HTTP/1.1" 301 66
2026-09-12 15:14:24,793 - urllib3.connectionpool - DEBUG - https://www.dnd5eapi.co:443 "GET /api/spells/heroes-feast HTTP/1.1" 301 63
2026-09-12 15:14:24,878 - urllib3.connectionpool - DEBUG - https://www.dnd5eapi.co:443 "GET /api/equipment/plate-armor HTTP/1.1" 301 65
2026-09-12 15:14:24,897 - urllib3.connectionpool - DEBUG - https://www.dnd5eapi.co:443 "GET /api/2014/monsters/guardian-naga HTTP/1.1" 200 4443
2026-09-12 15:14:24,898 - src.core.cache - DEBUG - Cached value for key: dnd_item_monsters_guardian-naga
2026-09-12 15:14:24,900 - urllib3.connectionpool - DEBUG - https://www.dnd5eapi.co:443 "GET /api/2014/spells/heroes-feast HTTP/1.1" 200 1243
2026-09-12 15:14:24,901 - src.core.cache - DEBUG - Cached value for key: dnd_item_spells_heroes-feast
2026-09-12 15:14:24,905 - src.core.cache - DEBUG - Cache miss for key: dnd_item_spells_heroism
2026-09-12 15:14:24,905 - src.core.resources - DEBUG - Prefetching item details: spells/heroism
2026-09-12 15:14:24,906 - urllib3.connectionpool - DEBUG - Starting new HTTPS connection (1): www.dnd5eapi.co:443
2026-09-12 15:14:24,906 - src.core.cache - DEBUG - Cache miss for key: dnd_item_monsters_gynosphinx
2026-09-12 15:14:24,906 - src.core.resources - DEBUG - Prefetching item details: monsters/gynosphinx
2026-09-12 15:14:24,907 - urllib3.connectionpool - DEBUG - Starting new HTTPS connection (1): www.dnd5eapi.co:443
2026-09-12 15:14:24,984 - urllib3.connectionpool - DEBUG - https://www.dnd5eapi.co:443 "GET /api/2014/equipment/plate-armor HTTP/1.1" 200 439
2026-09-12 15:14:24,985 - src.core.cache - DEBUG - Cached value for key: dnd_item_equipment_plate-armor
2026-09-12 15:14:24,991 - src.core.cache - DEBUG - Cache miss for key: dnd_item_equipment_playing-card-set
2026-09-12 15:14:24,991 - src.core.resources - DEBUG - Prefetching item details: equipment/playing-card-set
2026-09-12 15:14:24,992 - urllib3.connectionpool - DEBUG - Starting new HTTPS connection (1): www.dnd5eapi.co:443
2026-09-12 15:14:25,232 - urllib3.connectionpool - DEBUG - https://www.dnd5eapi.co:443 "GET /api/monsters/gynosphinx HTTP/1.1" 301 63
2026-09-12 15:14:25,233 - urllib3.connectionpool - DEBUG - https://www.dnd5eapi.co:443 "GET /api/spells/heroism HTTP/1.1" 301 58
2026-09-12 15:14:25,345 - urllib3.connectionpool - DEBUG - https://www.dnd5eapi.co:443 "GET /api/2014/monsters/gynosphinx HTTP/1.1" 200 4673
2026-09-12 15:14:25,346 - urllib3.connectionpool - DEBUG - https://www.dnd5eapi.co:443 "GET /api/2014/spells/heroism HTTP/1.1" 200 918
2026-09-12 15:14:25,347 - src.core.cache - DEBUG - Cached value for key: dnd_item_spells_heroism
2026-09-12 15:14:25,348 - src.core.cache - DEBUG - Cached value for key: dnd_item_monsters_gynosphinx
2026-09-12 15:14:25,350 - urllib3.connectionpool - DEBUG - https://www.dnd5eapi.co:443 "GET /api/equipment/playing-card-set HTTP/1.1" 301 70
2026-09-12 15:14:25,355 - src.core.cache - DEBUG - Cache miss for key: dnd_item_monsters_half-red-dragon-veteran
2026-09-12 15:14:25,355 - src.core.resources - DEBUG - Prefetching item details: monsters/half-red-dragon-veteran
2026-09-12 15:14:25,355 - src.core.cache - DEBUG - Cache miss for key: dnd_item_spells_hideous-laughter
2026-09-12 15:14:25,355 - src.core.resources - DEBUG - Prefetching item details: spells/hideous-laughter
2026-09-12 15:14:25,356 - urllib3.connectionpool - DEBUG - Starting new HTTPS connection (1): www.dnd5eapi.co:443
2026-09-12 15:14:25,356 - urllib3.connectionpool - DEBUG - Starting new HTTPS connection (1): www.dnd5eapi.co:443
2026-09-12 15:14:25,457 - urllib3.connectionpool - DEBUG - https://www.dnd5eapi.co:443 "GET /api/2014/equipment/playing-card-set HTTP/1.1" 200 821
2026-09-12 15:14:25,459 - src.core.cache - DEBUG - Cached value for key: dnd_item_equipment_playing-card-set
2026-09-12 15:14:25,466 - src.core.cache - DEBUG - Cache miss for key: dnd_item_equipment_poison-basic-vial
2026-09-12 15:14:25,466 - src.core.resources - DEBUG - Prefetching item details: equipment/poison-basic-vial
2026-09-12 15:14:25,467 - urllib3.connectionpool - DEBUG - Starting new HTTPS connection (1): www.dnd5eapi.co:443
2026-09-12 15:14:25,682 - urllib3.connectionpool - DEBUG - https://www.dnd5eapi.co:443 "GET /api/spells/hideous-laughter HTTP/1.1" 301 67
2026-09-12 15:14:25,710 - urllib3.connectionpool - DEBUG - https://www.dnd5eapi.co:443 "GET /api/monsters/half-red-dragon-veteran HTTP/1.1" 301 76
2026-09-12 15:14:25,791 - urllib3.connectionpool - DEBUG - https://www.dnd5eapi.co:443 "GET /api/equipment/poison-basic-vial HTTP/1.1" 301 71
2026-09-12 15:14:25,792 - urllib3.connectionpool - DEBUG - https://www.dnd5eapi.co:443 "GET /api/2014/spells/hideous-laughter HTTP/1.1" 200 1367
2026-09-12 15:14:25,793 - src.core.cache - DEBUG - Cached value for key: dnd_item_spells_hideous-laughter
2026-09-12 15:14:25,799 - src.core.cache - DEBUG - Cache miss for key: dnd_item_spells_hold-monster
2026-09-12 15:14:25,799 - src.core.resources - DEBUG - Prefetching item details: spells/hold-monster
2026-09-12 15:14:25,800 - urllib3.connectionpool - DEBUG - Starting new HTTPS connection (1): www.dnd5eapi.co:443
2026-09-12 15:14:25,820 - urllib3.connectionpool - DEBUG - https://www.dnd5eapi.co:443 "GET /api/2014/monsters/half-red-dragon-veteran HTTP/1.1" 200 3036
2026-09-12 15:14:25,822 - src.core.cache - DEBUG - Cached value for key: dnd_item_monsters_half-red-dragon-veteran
2026-09-12 15:14:25,828 - src.core.cache - DEBUG - Cache miss for key: dnd_item_monsters_harpy
2026-09-12 15:14:25,828 - src.core.resources - DEBUG - Prefetching item details: monsters/harpy
2026-09-12 15:14:25,828 - urllib3.connectionpool - DEBUG - Starting new HTTPS connection (1): www.dnd5eapi.co:443
2026-09-12 15:14:25,901 - urllib3.connectionpool - DEBUG - https://www.dnd5eapi.co:443 "GET /api/2014/equipment/poison-basic-vial HTTP/1.1" 200 838
2026-09-12 15:14:25,902 - src.core.cache - DEBUG - Cached value for key: dnd_item_equipment_poison-basic-vial
2026-09-12 15:14:25,908 - src.core.cache - DEBUG - Cache miss for key: dnd_item_equipment_poisoners-kit
2026-09-12 15:14:25,908 - src.core.resources - DEBUG - Prefetching item details: equipment/poisoners-kit
2026-09-12 15:14:25,909 - urllib3.connectionpool - DEBUG - Starting new HTTPS connection (1): www.dnd5eapi.co:443
2026-09-12 15:14:26,122 - urllib3.connectionpool - DEBUG - https://www.dnd5eapi.co:443 "GET /api/spells/hold-monster HTTP/1.1" 301 63
2026-09-12 15:14:26,170 - urllib3.connectionpool - DEBUG - https://www.dnd5eapi.co:443 "GET /api/monsters/harpy HTTP/1.1" 301 58
2026-09-12 15:14:26,228 - urllib3.connectionpool - DEBUG - https://www.dnd5eapi.co:443 "GET /api/2014/spells/hold-monster HTTP/1.1" 200 1360
2026-09-12 15:14:26,230 - src.core.cache - DEBUG - Cached value for key: dnd_item_spells_hold-monster
2026-09-12 15:14:26,236 - src.core.cache - DEBUG - Cache miss for key: dnd_item_spells_hold-person
2026-09-12 15:14:26,236 - src.core.resources - DEBUG - Prefetching item details: spells/hold-person
2026-09-12 15:14:26,237 - urllib3.connectionpool - DEBUG - https://www.dnd5eapi.co:443 "GET /api/equipment/poisoners-kit HTTP/1.1" 301 67
2026-09-12 15:14:26,238 - urllib3.connectionpool - DEBUG - Starting new HTTPS connection (1): www.dnd5eapi.co:443
2026-09-12 15:14:26,279 - urllib3.connectionpool - DEBUG - https://www.dnd5eapi.co:443 "GET /api/2014/monsters/harpy HTTP/1.1" 200 2639
2026-09-12 15:14:26,282 - src.core.cache - DEBUG - Cached value for key: dnd_item_monsters_harpy
2026-09-12 15:14:26,289 - src.core.cache - DEBUG - Cache miss for key: dnd_item_monsters_hawk
2026-09-12 15:14:26,289 - src.core.resources - DEBUG - Prefetching item details: monsters/hawk
2026-09-12 15:14:26,289 - urllib3.connectionpool - DEBUG - Starting new HTTPS connection (1): www.dnd5eapi.co:443
2026-09-12 15:14:26,349 - urllib3.connectionpool - DEBUG - https://www.dnd5eapi.co:443 "GET /api/2014/equipment/poisoners-kit HTTP/1.1" 200 679
2026-09-12 15:14:26,350 - src.core.cache - DEBUG - Cached value for key: dnd_item_equipment_poisoners-kit
2026-09-12 15:14:26,356 - src.core.cache - DEBUG - Cache miss for key: dnd_item_equipment_pole-10-foot
2026-09-12 15:14:26,356 - src.core.resources - DEBUG - Prefetching item details: equipment/pole-10-foot
2026-09-12 15:14:26,357 - urllib3.connectionpool - DEBUG - Starting new HTTPS connection (1): www.dnd5eapi.co:443
2026-09-12 15:14:26,601 - urllib3.connectionpool - DEBUG - https://www.dnd5eapi.co:443 "GET /api/spells/hold-person HTTP/1.1" 301 62
2026-09-12 15:14:26,617 - urllib3.connectionpool - DEBUG - https://www.dnd5eapi.co:443 "GET /api/monsters/hawk HTTP/1.1" 301 57
2026-09-12 15:14:26,681 - urllib3.connectionpool - DEBUG - https://www.dnd5eapi.co:443 "GET /api/equipment/pole-10-foot HTTP/1.1" 301 66
2026-09-12 15:14:26,708 - urllib3.connectionpool - DEBUG - https://www.dnd5eapi.co:443 "GET /api/2014/spells/hold-person HTTP/1.1" 200 1577
2026-09-12 15:14:26,709 - src.core.cache - DEBUG - Cached value for key: dnd_item_spells_hold-person
2026-09-12 15:14:26,716 - src.core.cache - DEBUG - Cache miss for key: dnd_item_spells_holy-aura
2026-09-12 15:14:26,716 - src.core.resources - DEBUG - Prefetching item details: spells/holy-aura
2026-09-12 15:14:26,717 - urllib3.connectionpool - DEBUG - Starting new HTTPS connection (1): www.dnd5eapi.co:443
2026-09-12 15:14:26,724 - urllib3.connectionpool - DEBUG - https://www.dnd5eapi.co:443 "GET /api/2014/monsters/hawk HTTP/1.1" 200 1235
2026-09-12 15:14:26,725 - src.core.cache - DEBUG - Cached value for key: dnd_item_monsters_hawk
2026-09-12 15:14:26,732 - src.core.cache - DEBUG - Cache miss for key: dnd_item_monsters_hell-hound
2026-09-12 15:14:26,733 - src.core.resources - DEBUG - Prefetching item details: monsters/hell-hound
2026-09-12 15:14:26,733 - urllib3.connectionpool - DEBUG - Starting new HTTPS connection (1): www.dnd5eapi.co:443
2026-09-12 15:14:26,789 - urllib3.connectionpool - DEBUG - https://www.dnd5eapi.co:443 "GET /api/2014/equipment/pole-10-foot HTTP/1.1" 200 477
2026-09-12 15:14:26,790 - src.core.cache - DEBUG - Cached value for key: dnd_item_equipment_pole-10-foot
2026-09-12 15:14:26,796 - src.core.cache - DEBUG - Cache miss for key: dnd_item_equipment_pony
2026-09-12 15:14:26,796 - src.core.resources - DEBUG - Prefetching item details: equipment/pony
2026-09-12 15:14:26,797 - urllib3.connectionpool - DEBUG - Starting new HTTPS connection (1): www.dnd5eapi.co:443
2026-09-12 15:14:27,053 - urllib3.connectionpool - DEBUG - https://www.dnd5eapi.co:443 "GET /api/spells/holy-aura HTTP/1.1" 301 60
2026-09-12 15:14:27,056 - urllib3.connectionpool - DEBUG - https://www.dnd5eapi.co:443 "GET /api/monsters/hell-hound HTTP/1.1" 301 63
2026-09-12 15:14:27,123 - urllib3.connectionpool - DEBUG - https://www.dnd5eapi.co:443 "GET /api/equipment/pony HTTP/1.1" 301 58
2026-09-12 15:14:27,160 - urllib3.connectionpool - DEBUG - https://www.dnd5eapi.co:443 "GET /api/2014/spells/holy-aura HTTP/1.1" 200 1239
2026-09-12 15:14:27,161 - src.core.cache - DEBUG - Cached value for key: dnd_item_spells_holy-aura
2026-09-12 15:14:27,162 - urllib3.connectionpool - DEBUG - https://www.dnd5eapi.co:443 "GET /api/2014/monsters/hell-hound HTTP/1.1" 200 2240
2026-09-12 15:14:27,163 - src.core.cache - DEBUG - Cached value for key: dnd_item_monsters_hell-hound
2026-09-12 15:14:27,168 - src.core.cache - DEBUG - Cache miss for key: dnd_item_monsters_hezrou
2026-09-12 15:14:27,168 - src.core.resources - DEBUG - Prefetching item details: monsters/hezrou
2026-09-12 15:14:27,168 - src.core.cache - DEBUG - Cache miss for key: dnd_item_spells_hunters-mark
2026-09-12 15:14:27,168 - src.core.resources - DEBUG - Prefetching item details: spells/hunters-mark
2026-09-12 15:14:27,169 - urllib3.connectionpool - DEBUG - Starting new HTTPS connection (1): www.dnd5eapi.co:443
2026-09-12 15:14:27,169 - urllib3.connectionpool - DEBUG - Starting new HTTPS connection (1): www.dnd5eapi.co:443
2026-09-12 15:14:27,230 - urllib3.connectionpool - DEBUG - https://www.dnd5eapi.co:443 "GET /api/2014/equipment/pony HTTP/1.1" 200 441
2026-09-12 15:14:27,231 - src.core.cache - DEBUG - Cached value for key: dnd_item_equipment_pony
2026-09-12 15:14:27,238 - src.core.cache - DEBUG - Cache miss for key: dnd_item_equipment_pot-iron
2026-09-12 15:14:27,238 - src.core.resources - DEBUG - Prefetching item details: equipment/pot-iron
2026-09-12 15:14:27,239 - urllib3.connectionpool - DEBUG - Starting new HTTPS connection (1): www.dnd5eapi.co:443
2026-09-12 15:14:27,492 - urllib3.connectionpool - DEBUG - https://www.dnd5eapi.co:443 "GET /api/monsters/hezrou HTTP/1.1" 301 59
2026-09-12 15:14:27,518 - urllib3.connectionpool - DEBUG - https://www.dnd5eapi.co:443 "GET /api/spells/hunters-mark HTTP/1.1" 301 63
2026-09-12 15:14:27,584 - urllib3.connectionpool - DEBUG - https://www.dnd5eapi.co:443 "GET /api/equipment/pot-iron HTTP/1.1" 301 62
2026-09-12 15:14:27,600 - urllib3.connectionpool - DEBUG - https://www.dnd5eapi.co:443 "GET /api/2014/monsters/hezrou HTTP/1.1" 200 2726
2026-09-12 15:14:27,601 - src.core.cache - DEBUG - Cached value for key: dnd_item_monsters_hezrou
2026-09-12 15:14:27,607 - src.core.cache - DEBUG - Cache miss for key: dnd_item_monsters_hill-giant
2026-09-12 15:14:27,607 - src.core.resources - DEBUG - Prefetching item details: monsters/hill-giant
2026-09-12 15:14:27,608 - urllib3.connectionpool - DEBUG - Starting new HTTPS connection (1): www.dnd5eapi.co:443
2026-09-12 15:14:27,625 - urllib3.connectionpool - DEBUG - https://www.dnd5eapi.co:443 "GET /api/2014/spells/hunters-mark HTTP/1.1" 200 1171
2026-09-12 15:14:27,627 - src.core.cache - DEBUG - Cached value for key: dnd_item_spells_hunters-mark
2026-09-12 15:14:27,633 - src.core.cache - DEBUG - Cache miss for key: dnd_item_spells_hypnotic-pattern
2026-09-12 15:14:27,633 - src.core.resources - DEBUG - Prefetching item details: spells/hypnotic-pattern
2026-09-12 15:14:27,634 - urllib3.connectionpool - DEBUG - Starting new HTTPS connection (1): www.dnd5eapi.co:443
2026-09-12 15:14:27,694 - urllib3.connectionpool - DEBUG - https://www.dnd5eapi.co:443 "GET /api/2014/equipment/pot-iron HTTP/1.1" 200 465
2026-09-12 15:14:27,695 - src.core.cache - DEBUG - Cached value for key: dnd_item_equipment_pot-iron
2026-09-12 15:14:27,703 - src.core.cache - DEBUG - Cache miss for key: dnd_item_equipment_potters-tools
2026-09-12 15:14:27,703 - src.core.resources - DEBUG - Prefetching item details: equipment/potters-tools
2026-09-12 15:14:27,704 - urllib3.connectionpool - DEBUG - Starting new HTTPS connection (1): www.dnd5eapi.co:443
2026-09-12 15:14:27,936 - urllib3.connectionpool - DEBUG - https://www.dnd5eapi.co:443 "GET /api/monsters/hill-giant HTTP/1.1" 301 63
2026-09-12 15:14:27,960 - urllib3.connectionpool - DEBUG - https://www.dnd5eapi.co:443 "GET /api/spells/hypnotic-pattern HTTP/1.1" 301 67
2026-09-12 15:14:28,032 - urllib3.connectionpool - DEBUG - https://www.dnd5eapi.co:443 "GET /api/equipment/potters-tools HTTP/1.1" 301 67
2026-09-12 15:14:28,043 - urllib3.connectionpool - DEBUG - https://www.dnd5eapi.co:443 "GET /api/2014/monsters/hill-giant HTTP/1.1" 200 1655
2026-09-12 15:14:28,044 - src.core.cache - DEBUG - Cached value for key: dnd_item_monsters_hill-giant
2026-09-12 15:14:28,051 - src.core.cache - DEBUG - Cache miss for key: dnd_item_monsters_hippogriff
2026-09-12 15:14:28,051 - src.core.resources - DEBUG - Prefetching item details: monsters/hippogriff
2026-09-12 15:14:28,052 - urllib3.connectionpool - DEBUG - Starting new HTTPS connection (1): www.dnd5eapi.co:443
2026-09-12 15:14:28,068 - urllib3.connectionpool - DEBUG - https://www.dnd5eapi.co:443 "GET /api/2014/spells/hypnotic-pattern HTTP/1.1" 200 1552
2026-09-12 15:14:28,069 - src.core.cache - DEBUG - Cached value for key: dnd_item_spells_hypnotic-pattern
2026-09-12 15:14:28,075 - src.core.cache - DEBUG - Cache miss for key: dnd_item_spells_ice-storm
2026-09-12 15:14:28,075 - src.core.resources - DEBUG - Prefetching item details: spells/ice-storm
2026-09-12 15:14:28,076 - urllib3.connectionpool - DEBUG - Starting new HTTPS connection (1): www.dnd5eapi.co:443
2026-09-12 15:14:28,140 - urllib3.connectionpool - DEBUG - https://www.dnd5eapi.co:443 "GET /api/2014/equipment/potters-tools HTTP/1.1" 200 747
2026-09-12 15:14:28,141 - src.core.cache - DEBUG - Cached value for key: dnd_item_equipment_potters-tools
2026-09-12 15:14:28,149 - src.core.cache - DEBUG - Cache miss for key: dnd_item_equipment_pouch
2026-09-12 15:14:28,149 - src.core.resources - DEBUG - Prefetching item details: equipment/pouch
2026-09-12 15:14:28,150 - urllib3.connectionpool - DEBUG - Starting new HTTPS connection (1): www.dnd5eapi.co:443
2026-09-12 15:14:28,382 - urllib3.connectionpool - DEBUG - https://www.dnd5eapi.co:443 "GET /api/monsters/hippogriff HTTP/1.1" 301 63
2026-09-12 15:14:28,401 - urllib3.connectionpool - DEBUG - https://www.dnd5eapi.co:443 "GET /api/spells/ice-storm HTTP/1.1" 301 60
2026-09-12 15:14:28,476 - urllib3.connectionpool - DEBUG - https://www.dnd5eapi.co:443 "GET /api/equipment/pouch HTTP/1.1" 301 59
2026-09-12 15:14:28,491 - urllib3.connectionpool - DEBUG - https://www.dnd5eapi.co:443 "GET /api/2014/monsters/hippogriff HTTP/1.1" 200 1830
2026-09-12 15:14:28,492 - src.core.cache - DEBUG - Cached value for key: dnd_item_monsters_hippogriff
2026-09-12 15:14:28,498 - src.core.cache - DEBUG - Cache miss for key: dnd_item_monsters_hobgoblin
2026-09-12 15:14:28,498 - src.core.resources - DEBUG - Prefetching item details: monsters/hobgoblin
2026-09-12 15:14:28,499 - urllib3.connectionpool - DEBUG - Starting new HTTPS connection (1): www.dnd5eapi.co:443
2026-09-12 15:14:28,509 - urllib3.connectionpool - DEBUG - https://www.dnd5eapi.co:443 "GET /api/2014/spells/ice-storm HTTP/1.1" 200 1671
2026-09-12 15:14:28,510 - src.core.cache - DEBUG - Cached value for key: dnd_item_spells_ice-storm
2026-09-12 15:14:28,517 - src.core.cache - DEBUG - Cache miss for key: dnd_item_spells_identify
2026-09-12 15:14:28,517 - src.core.resources - DEBUG - Prefetching item details: spells/identify
2026-09-12 15:14:28,518 - urllib3.connectionpool - DEBUG - Starting new HTTPS connection (1): www.dnd5eapi.co:443
2026-09-12 15:14:28,587 - urllib3.connectionpool - DEBUG - https://www.dnd5eapi.co:443 "GET /api/2014/equipment/pouch HTTP/1.1" 200 675
2026-09-12 15:14:28,588 - src.core.cache - DEBUG - Cached value for key: dnd_item_equipment_pouch
2026-09-12 15:14:28,594 - src.core.cache - DEBUG - Cache miss for key: dnd_item_equipment_priests-pack
2026-09-12 15:14:28,594 - src.core.resources - DEBUG - Prefetching item details: equipment/priests-pack
2026-09-12 15:14:28,595 - urllib3.connectionpool - DEBUG - Starting new HTTPS connection (1): www.dnd5eapi.co:443
2026-09-12 15:14:28,824 - urllib3.connectionpool - DEBUG - https://www.dnd5eapi.co:443 "GET /api/monsters/hobgoblin HTTP/1.1" 301 62
2026-09-12 15:14:28,859 - urllib3.connectionpool - DEBUG - https://www.dnd5eapi.co:443 "GET /api/spells/identify HTTP/1.1" 301 59
2026-09-12 15:14:28,935 - urllib3.connectionpool - DEBUG - https://www.dnd5eapi.co:443 "GET /api/equipment/priests-pack HTTP/1.1" 301 66
2026-09-12 15:14:28,938 - urllib3.connectionpool - DEBUG - https://www.dnd5eapi.co:443 "GET /api/2014/monsters/hobgoblin HTTP/1.1" 200 2119
2026-09-12 15:14:28,939 - src.core.cache - DEBUG - Cached value for key: dnd_item_monsters_hobgoblin
2026-09-12 15:14:28,947 - src.core.cache - DEBUG - Cache miss for key: dnd_item_monsters_homunculus
2026-09-12 15:14:28,947 - src.core.resources - DEBUG - Prefetching item details: monsters/homunculus
2026-09-12 15:14:28,948 - urllib3.connectionpool - DEBUG - Starting new HTTPS connection (1): www.dnd5eapi.co:443
2026-09-12 15:14:28,968 - urllib3.connectionpool - DEBUG - https://www.dnd5eapi.co:443 "GET /api/2014/spells/identify HTTP/1.1" 200 1178
2026-09-12 15:14:28,969 - src.core.cache - DEBUG - Cached value for key: dnd_item_spells_identify
2026-09-12 15:14:28,975 - src.core.cache - DEBUG - Cache miss for key: dnd_item_spells_illusory-script
2026-09-12 15:14:28,975 - src.core.resources - DEBUG - Prefetching item details: spells/illusory-script
2026-09-12 15:14:28,976 - urllib3.connectionpool - DEBUG - Starting new HTTPS connection (1): www.dnd5eapi.co:443
2026-09-12 15:14:29,044 - urllib3.connectionpool - DEBUG - https://www.dnd5eapi.co:443 "GET /api/2014/equipment/priests-pack HTTP/1.1" 200 1487
2026-09-12 15:14:29,045 - src.core.cache - DEBUG - Cached value for key: dnd_item_equipment_priests-pack
2026-09-12 15:14:29,052 - src.core.cache - DEBUG - Cache miss for key: dnd_item_equipment_quarterstaff
2026-09-12 15:14:29,052 - src.core.resources - DEBUG - Prefetching item details: equipment/quarterstaff
2026-09-12 15:14:29,053 - urllib3.connectionpool - DEBUG - Starting new HTTPS connection (1): www.dnd5eapi.co:443
2026-09-12 15:14:29,276 - urllib3.connectionpool - DEBUG - https://www.dnd5eapi.co:443 "GET /api/monsters/homunculus HTTP/1.1" 301 63
2026-09-12 15:14:29,307 - urllib3.connectionpool - DEBUG - https://www.dnd5eapi.co:443 "GET /api/spells/illusory-script HTTP/1.1" 301 66
2026-09-12 15:14:29,378 - urllib3.connectionpool - DEBUG - https://www.dnd5eapi.co:443 "GET /api/equipment/quarterstaff HTTP/1.1" 301 66
2026-09-12 15:14:29,384 - urllib3.connectionpool - DEBUG - https://www.dnd5eapi.co:443 "GET /api/2014/monsters/homunculus HTTP/1.1" 200 1701
2026-09-12 15:14:29,385 - src.core.cache - DEBUG - Cached value for key: dnd_item_monsters_homunculus
2026-09-12 15:14:29,392 - src.core.cache - DEBUG - Cache miss for key: dnd_item_monsters_horned-devil
2026-09-12 15:14:29,392 - src.core.resources - DEBUG - Prefetching item details: monsters/horned-devil
2026-09-12 15:14:29,393 - urllib3.connectionpool - DEBUG - Starting new HTTPS connection (1): www.dnd5eapi.co:443
2026-09-12 15:14:29,416 - urllib3.connectionpool - DEBUG - https://www.dnd5eapi.co:443 "GET /api/2014/spells/illusory-script HTTP/1.1" 200 1501
2026-09-12 15:14:29,417 - src.core.cache - DEBUG - Cached value for key: dnd_item_spells_illusory-script
2026-09-12 15:14:29,424 - src.core.cache - DEBUG - Cache miss for key: dnd_item_spells_imprisonment
2026-09-12 15:14:29,424 - src.core.resources - DEBUG - Prefetching item details: spells/imprisonment
2026-09-12 15:14:29,424 - urllib3.connectionpool - DEBUG - Starting new HTTPS connection (1): www.dnd5eapi.co:443
2026-09-12 15:14:29,486 - urllib3.connectionpool - DEBUG - https://www.dnd5eapi.co:443 "GET /api/2014/equipment/quarterstaff HTTP/1.1" 200 865
2026-09-12 15:14:29,487 - src.core.cache - DEBUG - Cached value for key: dnd_item_equipment_quarterstaff
2026-09-12 15:14:29,494 - src.core.cache - DEBUG - Cache miss for key: dnd_item_equipment_quiver
2026-09-12 15:14:29,494 - src.core.resources - DEBUG - Prefetching item details: equipment/quiver
2026-09-12 15:14:29,495 - urllib3.connectionpool - DEBUG - Starting new HTTPS connection (1): www.dnd5eapi.co:443
2026-09-12 15:14:29,718 - urllib3.connectionpool - DEBUG - https://www.dnd5eapi.co:443 "GET /api/monsters/horned-devil HTTP/1.1" 301 65
2026-09-12 15:14:29,748 - urllib3.connectionpool - DEBUG - https://www.dnd5eapi.co:443 "GET /api/spells/imprisonment HTTP/1.1" 301 63
2026-09-12 15:14:29,825 - urllib3.connectionpool - DEBUG - https://www.dnd5eapi.co:443 "GET /api/2014/monsters/horned-devil HTTP/1.1" 200 4125
2026-09-12 15:14:29,827 - src.core.cache - DEBUG - Cached value for key: dnd_item_monsters_horned-devil
2026-09-12 15:14:29,828 - urllib3.connectionpool - DEBUG - https://www.dnd5eapi.co:443 "GET /api/equipment/quiver HTTP/1.1" 301 60
2026-09-12 15:14:29,833 - src.core.cache - DEBUG - Cache miss for key: dnd_item_monsters_hunter-shark
2026-09-12 15:14:29,833 - src.core.resources - DEBUG - Prefetching item details: monsters/hunter-shark
2026-09-12 15:14:29,834 - urllib3.connectionpool - DEBUG - Starting new HTTPS connection (1): www.dnd5eapi.co:443
2026-09-12 15:14:29,855 - urllib3.connectionpool - DEBUG - https://www.dnd5eapi.co:443 "GET /api/2014/spells/imprisonment HTTP/1.1" 200 3944
2026-09-12 15:14:29,856 - src.core.cache - DEBUG - Cached value for key: dnd_item_spells_imprisonment
2026-09-12 15:14:29,863 - src.core.cache - DEBUG - Cache miss for key: dnd_item_spells_incendiary-cloud
2026-09-12 15:14:29,863 - src.core.resources - DEBUG - Prefetching item details: spells/incendiary-cloud
2026-09-12 15:14:29,863 - urllib3.connectionpool - DEBUG - Starting new HTTPS connection (1): www.dnd5eapi.co:443
2026-09-12 15:14:29,935 - urllib3.connectionpool - DEBUG - https://www.dnd5eapi.co:443 "GET /api/2014/equipment/quiver HTTP/1.1" 200 493
2026-09-12 15:14:29,937 - src.core.cache - DEBUG - Cached value for key: dnd_item_equipment_quiver
2026-09-12 15:14:29,944 - src.core.cache - DEBUG - Cache miss for key: dnd_item_equipment_ram-portable
2026-09-12 15:14:29,944 - src.core.resources - DEBUG - Prefetching item details: equipment/ram-portable
2026-09-12 15:14:29,945 - urllib3.connectionpool - DEBUG - Starting new HTTPS connection (1): www.dnd5eapi.co:443
2026-09-12 15:14:30,159 - urllib3.connectionpool - DEBUG - https://www.dnd5eapi.co:443 "GET /api/monsters/hunter-shark HTTP/1.1" 301 65
2026-09-12 15:14:30,191 - urllib3.connectionpool - DEBUG - https://www.dnd5eapi.co:443 "GET /api/spells/incendiary-cloud HTTP/1.1" 301 67
2026-09-12 15:14:30,267 - urllib3.connectionpool - DEBUG - https://www.dnd5eapi.co:443 "GET /api/2014/monsters/hunter-shark HTTP/1.1" 200 1659
2026-09-12 15:14:30,269 - src.core.cache - DEBUG - Cached value for key: dnd_item_monsters_hunter-shark
2026-09-12 15:14:30,269 - urllib3.connectionpool - DEBUG - https://www.dnd5eapi.co:443 "GET /api/equipment/ram-portable HTTP/1.1" 301 66
2026-09-12 15:14:30,275 - src.core.cache - DEBUG - Cache miss for key: dnd_item_monsters_hydra
2026-09-12 15:14:30,275 - src.core.resources - DEBUG - Prefetching item details: monsters/hydra
2026-09-12 15:14:30,276 - urllib3.connectionpool - DEBUG - Starting new HTTPS connection (1): www.dnd5eapi.co:443
2026-09-12 15:14:30,298 - urllib3.connectionpool - DEBUG - https://www.dnd5eapi.co:443 "GET /api/2014/spells/incendiary-cloud HTTP/1.1" 200 1576
2026-09-12 15:14:30,300 - src.core.cache - DEBUG - Cached value for key: dnd_item_spells_incendiary-cloud
2026-09-12 15:14:30,306 - src.core.cache - DEBUG - Cache miss for key: dnd_item_spells_inflict-wounds
2026-09-12 15:14:30,306 - src.core.resources - DEBUG - Prefetching item details: spells/inflict-wounds
2026-09-12 15:14:30,307 - urllib3.connectionpool - DEBUG - Starting new HTTPS connection (1): www.dnd5eapi.co:443
2026-09-12 15:14:30,376 - urllib3.connectionpool - DEBUG - https://www.dnd5eapi.co:443 "GET /api/2014/equipment/ram-portable HTTP/1.1" 200 666
2026-09-12 15:14:30,378 - src.core.cache - DEBUG - Cached value for key: dnd_item_equipment_ram-portable
2026-09-12 15:14:30,385 - src.core.cache - DEBUG - Cache miss for key: dnd_item_equipment_rapier
2026-09-12 15:14:30,385 - src.core.resources - DEBUG - Prefetching item details: equipment/rapier
2026-09-12 15:14:30,386 - urllib3.connectionpool - DEBUG - Starting new HTTPS connection (1): www.dnd5eapi.co:443
2026-09-12 15:14:30,620 - urllib3.connectionpool - DEBUG - https://www.dnd5eapi.co:443 "GET /api/monsters/hydra HTTP/1.1" 301 58
2026-09-12 15:14:30,632 - urllib3.connectionpool - DEBUG - https://www.dnd5eapi.co:443 "GET /api/spells/inflict-wounds HTTP/1.1" 301 65
2026-09-12 15:14:30,726 - urllib3.connectionpool - DEBUG - https://www.dnd5eapi.co:443 "GET /api/equipment/rapier HTTP/1.1" 301 60
2026-09-12 15:14:30,727 - urllib3.connectionpool - DEBUG - https://www.dnd5eapi.co:443 "GET /api/2014/monsters/hydra HTTP/1.1" 200 2307
2026-09-12 15:14:30,728 - src.core.cache - DEBUG - Cached value for key: dnd_item_monsters_hydra
2026-09-12 15:14:30,735 - src.core.cache - DEBUG - Cache miss for key: dnd_item_monsters_hyena
2026-09-12 15:14:30,735 - src.core.resources - DEBUG - Prefetching item details: monsters/hyena
2026-09-12 15:14:30,736 - urllib3.connectionpool - DEBUG - Starting new HTTPS connection (1): www.dnd5eapi.co:443
2026-09-12 15:14:30,738 - urllib3.connectionpool - DEBUG - https://www.dnd5eapi.co:443 "GET /api/2014/spells/inflict-wounds HTTP/1.1" 200 1043
2026-09-12 15:14:30,739 - src.core.cache - DEBUG - Cached value for key: dnd_item_spells_inflict-wounds
2026-09-12 15:14:30,745 - src.core.cache - DEBUG - Cache miss for key: dnd_item_spells_insect-plague
2026-09-12 15:14:30,745 - src.core.resources - DEBUG - Prefetching item details: spells/insect-plague
2026-09-12 15:14:30,746 - urllib3.connectionpool - DEBUG - Starting new HTTPS connection (1): www.dnd5eapi.co:443
2026-09-12 15:14:30,832 - urllib3.connectionpool - DEBUG - https://www.dnd5eapi.co:443 "GET /api/2014/equipment/rapier HTTP/1.1" 200 619
2026-09-12 15:14:30,833 - src.core.cache - DEBUG - Cached value for key: dnd_item_equipment_rapier
2026-09-12 15:14:30,839 - src.core.cache - DEBUG - Cache miss for key: dnd_item_equipment_rations-1-day
2026-09-12 15:14:30,839 - src.core.resources - DEBUG - Prefetching item details: equipment/rations-1-day
2026-09-12 15:14:30,840 - urllib3.connectionpool - DEBUG - Starting new HTTPS connection (1): www.dnd5eapi.co:443
2026-09-12 15:14:31,062 - urllib3.connectionpool - DEBUG - https://www.dnd5eapi.co:443 "GET /api/monsters/hyena HTTP/1.1" 301 58
2026-09-12 15:14:31,071 - urllib3.connectionpool - DEBUG - https://www.dnd5eapi.co:443 "GET /api/spells/insect-plague HTTP/1.1" 301 64
2026-09-12 15:14:31,167 - urllib3.connectionpool - DEBUG - https://www.dnd5eapi.co:443 "GET /api/equipment/rations-1-day HTTP/1.1" 301 67
2026-09-12 15:14:31,169 - urllib3.connectionpool - DEBUG - https://www.dnd5eapi.co:443 "GET /api/2014/monsters/hyena HTTP/1.1" 200 1328
2026-09-12 15:14:31,170 - src.core.cache - DEBUG - Cached value for key: dnd_item_monsters_hyena
2026-09-12 15:14:31,178 - src.core.cache - DEBUG - Cache miss for key: dnd_item_monsters_ice-devil
2026-09-12 15:14:31,179 - src.core.resources - DEBUG - Prefetching item details: monsters/ice-devil
2026-09-12 15:14:31,179 - urllib3.connectionpool - DEBUG - https://www.dnd5eapi.co:443 "GET /api/2014/spells/insect-plague HTTP/1.1" 200 1799
2026-09-12 15:14:31,180 - urllib3.connectionpool - DEBUG - Starting new HTTPS connection (1): www.dnd5eapi.co:443
2026-09-12 15:14:31,181 - src.core.cache - DEBUG - Cached value for key: dnd_item_spells_insect-plague
2026-09-12 15:14:31,190 - src.core.cache - DEBUG - Cache miss for key: dnd_item_spells_instant-summons
2026-09-12 15:14:31,190 - src.core.resources - DEBUG - Prefetching item details: spells/instant-summons
2026-09-12 15:14:31,191 - urllib3.connectionpool - DEBUG - Starting new HTTPS connection (1): www.dnd5eapi.co:443
2026-09-12 15:14:31,274 - urllib3.connectionpool - DEBUG - https://www.dnd5eapi.co:443 "GET /api/2014/equipment/rations-1-day HTTP/1.1" 200 590
2026-09-12 15:14:31,275 - src.core.cache - DEBUG - Cached value for key: dnd_item_equipment_rations-1-day
2026-09-12 15:14:31,282 - src.core.cache - DEBUG - Cache miss for key: dnd_item_equipment_reliquary
2026-09-12 15:14:31,282 - src.core.resources - DEBUG - Prefetching item details: equipment/reliquary
2026-09-12 15:14:31,283 - urllib3.connectionpool - DEBUG - Starting new HTTPS connection (1): www.dnd5eapi.co:443
2026-09-12 15:14:31,521 - urllib3.connectionpool - DEBUG - https://www.dnd5eapi.co:443 "GET /api/spells/instant-summons HTTP/1.1" 301 66
2026-09-12 15:14:31,530 - urllib3.connectionpool - DEBUG - https://www.dnd5eapi.co:443 "GET /api/monsters/ice-devil HTTP/1.1" 301 62
2026-09-12 15:14:31,611 - urllib3.connectionpool - DEBUG - https://www.dnd5eapi.co:443 "GET /api/equipment/reliquary HTTP/1.1" 301 63
2026-09-12 15:14:31,629 - urllib3.connectionpool - DEBUG - https://www.dnd5eapi.co:443 "GET /api/2014/spells/instant-summons HTTP/1.1" 200 1378
2026-09-12 15:14:31,630 - src.core.cache - DEBUG - Cached value for key: dnd_item_spells_instant-summons
2026-09-12 15:14:31,636 - src.core.cache - DEBUG - Cache miss for key: dnd_item_spells_invisibility
2026-09-12 15:14:31,637 - src.core.resources - DEBUG - Prefetching item details: spells/invisibility
2026-09-12 15:14:31,637 - urllib3.connectionpool - DEBUG - https://www.dnd5eapi.co:443 "GET /api/2014/monsters/ice-devil HTTP/1.1" 200 4607
2026-09-12 15:14:31,638 - src.core.cache - DEBUG - Cached value for key: dnd_item_monsters_ice-devil
2026-09-12 15:14:31,639 - urllib3.connectionpool - DEBUG - Starting new HTTPS connection (1): www.dnd5eapi.co:443
2026-09-12 15:14:31,646 - src.core.cache - DEBUG - Cache miss for key: dnd_item_monsters_ice-mephit
2026-09-12 15:14:31,646 - src.core.resources - DEBUG - Prefetching item details: monsters/ice-mephit
2026-09-12 15:14:31,647 - urllib3.connectionpool - DEBUG - Starting new HTTPS connection (1): www.dnd5eapi.co:443
2026-09-12 15:14:31,717 - urllib3.connectionpool - DEBUG - https://www.dnd5eapi.co:443 "GET /api/2014/equipment/reliquary HTTP/1.1" 200 963
2026-09-12 15:14:31,718 - src.core.cache - DEBUG - Cached value for key: dnd_item_equipment_reliquary
2026-09-12 15:14:31,725 - src.core.cache - DEBUG - Cache miss for key: dnd_item_equipment_ring-mail
2026-09-12 15:14:31,725 - src.core.resources - DEBUG - Prefetching item details: equipment/ring-mail
2026-09-12 15:14:31,726 - urllib3.connectionpool - DEBUG - Starting new HTTPS connection (1): www.dnd5eapi.co:443
2026-09-12 15:14:31,967 - urllib3.connectionpool - DEBUG - https://www.dnd5eapi.co:443 "GET /api/spells/invisibility HTTP/1.1" 301 63
2026-09-12 15:14:31,992 - urllib3.connectionpool - DEBUG - https://www.dnd5eapi.co:443 "GET /api/monsters/ice-mephit HTTP/1.1" 301 63
2026-09-12 15:14:32,050 - urllib3.connectionpool - DEBUG - https://www.dnd5eapi.co:443 "GET /api/equipment/ring-mail HTTP/1.1" 301 63
2026-09-12 15:14:32,076 - urllib3.connectionpool - DEBUG - https://www.dnd5eapi.co:443 "GET /api/2014/spells/invisibility HTTP/1.1" 200 1218
2026-09-12 15:14:32,077 - src.core.cache - DEBUG - Cached value for key: dnd_item_spells_invisibility
2026-09-12 15:14:32,083 - src.core.cache - DEBUG - Cache miss for key: dnd_item_spells_irresistible-dance
2026-09-12 15:14:32,083 - src.core.resources - DEBUG - Prefetching item details: spells/irresistible-dance
2026-09-12 15:14:32,084 - urllib3.connectionpool - DEBUG - Starting new HTTPS connection (1): www.dnd5eapi.co:443
2026-09-12 15:14:32,101 - urllib3.connectionpool - DEBUG - https://www.dnd5eapi.co:443 "GET /api/2014/monsters/ice-mephit HTTP/1.1" 200 3190
2026-09-12 15:14:32,102 - src.core.cache - DEBUG - Cached value for key: dnd_item_monsters_ice-mephit
2026-09-12 15:14:32,108 - src.core.cache - DEBUG - Cache miss for key: dnd_item_monsters_imp
2026-09-12 15:14:32,109 - src.core.resources - DEBUG - Prefetching item details: monsters/imp
2026-09-12 15:14:32,109 - urllib3.connectionpool - DEBUG - Starting new HTTPS connection (1): www.dnd5eapi.co:443
2026-09-12 15:14:32,157 - urllib3.connectionpool - DEBUG - https://www.dnd5eapi.co:443 "GET /api/2014/equipment/ring-mail HTTP/1.1" 200 430
2026-09-12 15:14:32,158 - src.core.cache - DEBUG - Cached value for key: dnd_item_equipment_ring-mail
2026-09-12 15:14:32,165 - src.core.cache - DEBUG - Cache miss for key: dnd_item_equipment_robes
2026-09-12 15:14:32,165 - src.core.resources - DEBUG - Prefetching item details: equipment/robes
2026-09-12 15:14:32,166 - urllib3.connectionpool - DEBUG - Starting new HTTPS connection (1): www.dnd5eapi.co:443
2026-09-12 15:14:32,408 - urllib3.connectionpool - DEBUG - https://www.dnd5eapi.co:443 "GET /api/spells/irresistible-dance HTTP/1.1" 301 69
2026-09-12 15:14:32,438 - urllib3.connectionpool - DEBUG - https://www.dnd5eapi.co:443 "GET /api/monsters/imp HTTP/1.1" 301 56
2026-09-12 15:14:32,503 - urllib3.connectionpool - DEBUG - https://www.dnd5eapi.co:443 "GET /api/equipment/robes HTTP/1.1" 301 59
2026-09-12 15:14:32,517 - urllib3.connectionpool - DEBUG - https://www.dnd5eapi.co:443 "GET /api/2014/spells/irresistible-dance HTTP/1.1" 200 1154
2026-09-12 15:14:32,518 - src.core.cache - DEBUG - Cached value for key: dnd_item_spells_irresistible-dance
2026-09-12 15:14:32,524 - src.core.cache - DEBUG - Cache miss for key: dnd_item_spells_jump
2026-09-12 15:14:32,524 - src.core.resources - DEBUG - Prefetching item details: spells/jump
2026-09-12 15:14:32,525 - urllib3.connectionpool - DEBUG - Starting new HTTPS connection (1): www.dnd5eapi.co:443
2026-09-12 15:14:32,547 - urllib3.connectionpool - DEBUG - https://www.dnd5eapi.co:443 "GET /api/2014/monsters/imp HTTP/1.1" 200 2798
2026-09-12 15:14:32,548 - src.core.cache - DEBUG - Cached value for key: dnd_item_monsters_imp
2026-09-12 15:14:32,554 - src.core.cache - DEBUG - Cache miss for key: dnd_item_monsters_invisible-stalker
2026-09-12 15:14:32,554 - src.core.resources - DEBUG - Prefetching item details: monsters/invisible-stalker
2026-09-12 15:14:32,555 - urllib3.connectionpool - DEBUG - Starting new HTTPS connection (1): www.dnd5eapi.co:443
2026-09-12 15:14:32,612 - urllib3.connectionpool - DEBUG - https://www.dnd5eapi.co:443 "GET /api/2014/equipment/robes HTTP/1.1" 200 454
2026-09-12 15:14:32,613 - src.core.cache - DEBUG - Cached value for key: dnd_item_equipment_robes
2026-09-12 15:14:32,620 - src.core.cache - DEBUG - Cache miss for key: dnd_item_equipment_rod
2026-09-12 15:14:32,620 - src.core.resources - DEBUG - Prefetching item details: equipment/rod
2026-09-12 15:14:32,621 - urllib3.connectionpool - DEBUG - Starting new HTTPS connection (1): www.dnd5eapi.co:443
2026-09-12 15:14:32,875 - urllib3.connectionpool - DEBUG - https://www.dnd5eapi.co:443 "GET /api/spells/jump HTTP/1.1" 301 55
2026-09-12 15:14:32,880 - urllib3.connectionpool - DEBUG - https://www.dnd5eapi.co:443 "GET /api/monsters/invisible-stalker HTTP/1.1" 301 70
2026-09-12 15:14:32,949 - urllib3.connectionpool - DEBUG - https://www.dnd5eapi.co:443 "GET /api/equipment/rod HTTP/1.1" 301 57
2026-09-12 15:14:32,982 - urllib3.connectionpool - DEBUG - https://www.dnd5eapi.co:443 "GET /api/2014/spells/jump HTTP/1.1" 200 861
2026-09-12 15:14:32,983 - src.core.cache - DEBUG - Cached value for key: dnd_item_spells_jump
2026-09-12 15:14:32,989 - urllib3.connectionpool - DEBUG - https://www.dnd5eapi.co:443 "GET /api/2014/monsters/invisible-stalker HTTP/1.1" 200 2631
2026-09-12 15:14:32,990 - src.core.cache - DEBUG - Cached value for key: dnd_item_monsters_invisible-stalker
2026-09-12 15:14:32,992 - src.core.cache - DEBUG - Cache miss for key: dnd_item_monsters_iron-golem
2026-09-12 15:14:32,992 - src.core.resources - DEBUG - Prefetching item details: monsters/iron-golem
2026-09-12 15:14:32,992 - src.core.cache - DEBUG - Cache miss for key: dnd_item_spells_knock
2026-09-12 15:14:32,992 - src.core.resources - DEBUG - Prefetching item details: spells/knock
2026-09-12 15:14:32,993 - urllib3.connectionpool - DEBUG - Starting new HTTPS connection (1): www.dnd5eapi.co:443
2026-09-12 15:14:32,993 - urllib3.connectionpool - DEBUG - Starting new HTTPS connection (1): www.dnd5eapi.co:443
2026-09-12 15:14:33,057 - urllib3.connectionpool - DEBUG - https://www.dnd5eapi.co:443 "GET /api/2014/equipment/rod HTTP/1.1" 200 711
2026-09-12 15:14:33,058 - src.core.cache - DEBUG - Cached value for key: dnd_item_equipment_rod
2026-09-12 15:14:33,064 - src.core.cache - DEBUG - Cache miss for key: dnd_item_equipment_rope-hempen-50-feet
2026-09-12 15:14:33,065 - src.core.resources - DEBUG - Prefetching item details: equipment/rope-hempen-50-feet
2026-09-12 15:14:33,065 - urllib3.connectionpool - DEBUG - Starting new HTTPS connection (1): www.dnd5eapi.co:443
2026-09-12 15:14:33,337 - urllib3.connectionpool - DEBUG - https://www.dnd5eapi.co:443 "GET /api/spells/knock HTTP/1.1" 301 56
2026-09-12 15:14:33,337 - urllib3.connectionpool - DEBUG - https://www.dnd5eapi.co:443 "GET /api/monsters/iron-golem HTTP/1.1" 301 63
2026-09-12 15:14:33,413 - urllib3.connectionpool - DEBUG - https://www.dnd5eapi.co:443 "GET /api/equipment/rope-hempen-50-feet HTTP/1.1" 301 73
2026-09-12 15:14:33,455 - urllib3.connectionpool - DEBUG - https://www.dnd5eapi.co:443 "GET /api/2014/spells/knock HTTP/1.1" 200 1324
2026-09-12 15:14:33,457 - src.core.cache - DEBUG - Cached value for key: dnd_item_spells_knock
2026-09-12 15:14:33,458 - urllib3.connectionpool - DEBUG - https://www.dnd5eapi.co:443 "GET /api/2014/monsters/iron-golem HTTP/1.1" 200 3636
2026-09-12 15:14:33,460 - src.core.cache - DEBUG - Cached value for key: dnd_item_monsters_iron-golem
2026-09-12 15:14:33,464 - src.core.cache - DEBUG - Cache miss for key: dnd_item_monsters_jackal
2026-09-12 15:14:33,464 - src.core.resources - DEBUG - Prefetching item details: monsters/jackal
2026-09-12 15:14:33,464 - src.core.cache - DEBUG - Cache miss for key: dnd_item_spells_legend-lore
2026-09-12 15:14:33,464 - src.core.resources - DEBUG - Prefetching item details: spells/legend-lore
2026-09-12 15:14:33,465 - urllib3.connectionpool - DEBUG - Starting new HTTPS connection (1): www.dnd5eapi.co:443
2026-09-12 15:14:33,466 - urllib3.connectionpool - DEBUG - Starting new HTTPS connection (1): www.dnd5eapi.co:443
2026-09-12 15:14:33,521 - urllib3.connectionpool - DEBUG - https://www.dnd5eapi.co:443 "GET /api/2014/equipment/rope-hempen-50-feet HTTP/1.1" 200 600
2026-09-12 15:14:33,523 - src.core.cache - DEBUG - Cached value for key: dnd_item_equipment_rope-hempen-50-feet
2026-09-12 15:14:33,529 - src.core.cache - DEBUG - Cache miss for key: dnd_item_equipment_rope-silk-50-feet
2026-09-12 15:14:33,529 - src.core.resources - DEBUG - Prefetching item details: equipment/rope-silk-50-feet
2026-09-12 15:14:33,530 - urllib3.connectionpool - DEBUG - Starting new HTTPS connection (1): www.dnd5eapi.co:443
2026-09-12 15:14:33,790 - urllib3.connectionpool - DEBUG - https://www.dnd5eapi.co:443 "GET /api/monsters/jackal HTTP/1.1" 301 59
2026-09-12 15:14:33,792 - urllib3.connectionpool - DEBUG - https://www.dnd5eapi.co:443 "GET /api/spells/legend-lore HTTP/1.1" 301 62
2026-09-12 15:14:33,853 - urllib3.connectionpool - DEBUG - https://www.dnd5eapi.co:443 "GET /api/equipment/rope-silk-50-feet HTTP/1.1" 301 71
2026-09-12 15:14:33,902 - urllib3.connectionpool - DEBUG - https://www.dnd5eapi.co:443 "GET /api/2014/spells/legend-lore HTTP/1.1" 200 1621
2026-09-12 15:14:33,903 - src.core.cache - DEBUG - Cached value for key: dnd_item_spells_legend-lore
2026-09-12 15:14:33,904 - urllib3.connectionpool - DEBUG - https://www.dnd5eapi.co:443 "GET /api/2014/monsters/jackal HTTP/1.1" 200 1477
2026-09-12 15:14:33,905 - src.core.cache - DEBUG - Cached value for key: dnd_item_monsters_jackal
2026-09-12 15:14:33,910 - src.core.cache - DEBUG - Cache miss for key: dnd_item_spells_lesser-restoration
2026-09-12 15:14:33,911 - src.core.cache - DEBUG - Cache miss for key: dnd_item_monsters_killer-whale
2026-09-12 15:14:33,911 - src.core.resources - DEBUG - Prefetching item details: spells/lesser-restoration
2026-09-12 15:14:33,911 - src.core.resources - DEBUG - Prefetching item details: monsters/killer-whale
2026-09-12 15:14:33,912 - urllib3.connectionpool - DEBUG - Starting new HTTPS connection (1): www.dnd5eapi.co:443
2026-09-12 15:14:33,912 - urllib3.connectionpool - DEBUG - Starting new HTTPS connection (1): www.dnd5eapi.co:443
2026-09-12 15:14:33,961 - urllib3.connectionpool - DEBUG - https://www.dnd5eapi.co:443 "GET /api/2014/equipment/rope-silk-50-feet HTTP/1.1" 200 594
2026-09-12 15:14:33,962 - src.core.cache - DEBUG - Cached value for key: dnd_item_equipment_rope-silk-50-feet
2026-09-12 15:14:33,969 - src.core.cache - DEBUG - Cache miss for key: dnd_item_equipment_rowboat
2026-09-12 15:14:33,969 - src.core.resources - DEBUG - Prefetching item details: equipment/rowboat
2026-09-12 15:14:33,970 - urllib3.connectionpool - DEBUG - Starting new HTTPS connection (1): www.dnd5eapi.co:443
2026-09-12 15:14:34,241 - urllib3.connectionpool - DEBUG - https://www.dnd5eapi.co:443 "GET /api/monsters/killer-whale HTTP/1.1" 301 65
2026-09-12 15:14:34,242 - urllib3.connectionpool - DEBUG - https://www.dnd5eapi.co:443 "GET /api/spells/lesser-restoration HTTP/1.1" 301 69
2026-09-12 15:14:34,311 - urllib3.connectionpool - DEBUG - https://www.dnd5eapi.co:443 "GET /api/equipment/rowboat HTTP/1.1" 301 61
2026-09-12 15:14:34,349 - urllib3.connectionpool - DEBUG - https://www.dnd5eapi.co:443 "GET /api/2014/spells/lesser-restoration HTTP/1.1" 200 1121
2026-09-12 15:14:34,350 - src.core.cache - DEBUG - Cached value for key: dnd_item_spells_lesser-restoration
2026-09-12 15:14:34,351 - urllib3.connectionpool - DEBUG - https://www.dnd5eapi.co:443 "GET /api/2014/monsters/killer-whale HTTP/1.1" 200 1491
2026-09-12 15:14:34,352 - src.core.cache - DEBUG - Cached value for key: dnd_item_monsters_killer-whale
2026-09-12 15:14:34,358 - src.core.cache - DEBUG - Cache miss for key: dnd_item_monsters_knight
2026-09-12 15:14:34,358 - src.core.resources - DEBUG - Prefetching item details: monsters/knight
2026-09-12 15:14:34,358 - src.core.cache - DEBUG - Cache miss for key: dnd_item_spells_levitate
2026-09-12 15:14:34,358 - src.core.resources - DEBUG - Prefetching item details: spells/levitate
2026-09-12 15:14:34,359 - urllib3.connectionpool - DEBUG - Starting new HTTPS connection (1): www.dnd5eapi.co:443
2026-09-12 15:14:34,359 - urllib3.connectionpool - DEBUG - Starting new HTTPS connection (1): www.dnd5eapi.co:443
2026-09-12 15:14:34,419 - urllib3.connectionpool - DEBUG - https://www.dnd5eapi.co:443 "GET /api/2014/equipment/rowboat HTTP/1.1" 200 778
2026-09-12 15:14:34,420 - src.core.cache - DEBUG - Cached value for key: dnd_item_equipment_rowboat
2026-09-12 15:14:34,426 - src.core.cache - DEBUG - Cache miss for key: dnd_item_equipment_sack
2026-09-12 15:14:34,427 - src.core.resources - DEBUG - Prefetching item details: equipment/sack
2026-09-12 15:14:34,427 - urllib3.connectionpool - DEBUG - Starting new HTTPS connection (1): www.dnd5eapi.co:443
2026-09-12 15:14:34,684 - urllib3.connectionpool - DEBUG - https://www.dnd5eapi.co:443 "GET /api/monsters/knight HTTP/1.1" 301 59
2026-09-12 15:14:34,694 - urllib3.connectionpool - DEBUG - https://www.dnd5eapi.co:443 "GET /api/spells/levitate HTTP/1.1" 301 59
2026-09-12 15:14:34,751 - urllib3.connectionpool - DEBUG - https://www.dnd5eapi.co:443 "GET /api/equipment/sack HTTP/1.1" 301 58
2026-09-12 15:14:34,792 - urllib3.connectionpool - DEBUG - https://www.dnd5eapi.co:443 "GET /api/2014/monsters/knight HTTP/1.1" 200 2983
2026-09-12 15:14:34,793 - src.core.cache - DEBUG - Cached value for key: dnd_item_monsters_knight
2026-09-12 15:14:34,799 - src.core.cache - DEBUG - Cache miss for key: dnd_item_monsters_kobold
2026-09-12 15:14:34,799 - src.core.resources - DEBUG - Prefetching item details: monsters/kobold
2026-09-12 15:14:34,799 - urllib3.connectionpool - DEBUG - Starting new HTTPS connection (1): www.dnd5eapi.co:443
2026-09-12 15:14:34,800 - urllib3.connectionpool - DEBUG - https://www.dnd5eapi.co:443 "GET /api/2014/spells/levitate HTTP/1.1" 200 1551
2026-09-12 15:14:34,801 - src.core.cache - DEBUG - Cached value for key: dnd_item_spells_levitate
2026-09-12 15:14:34,807 - src.core.cache - DEBUG - Cache miss for key: dnd_item_spells_light
2026-09-12 15:14:34,807 - src.core.resources - DEBUG - Prefetching item details: spells/light
2026-09-12 15:14:34,808 - urllib3.connectionpool - DEBUG - Starting new HTTPS connection (1): www.dnd5eapi.co:443
2026-09-12 15:14:34,857 - urllib3.connectionpool - DEBUG - https://www.dnd5eapi.co:443 "GET /api/2014/equipment/sack HTTP/1.1" 200 453
2026-09-12 15:14:34,858 - src.core.cache - DEBUG - Cached value for key: dnd_item_equipment_sack
2026-09-12 15:14:34,865 - src.core.cache - DEBUG - Cache miss for key: dnd_item_equipment_saddle-exotic
2026-09-12 15:14:34,865 - src.core.resources - DEBUG - Prefetching item details: equipment/saddle-exotic
2026-09-12 15:14:34,866 - urllib3.connectionpool - DEBUG - Starting new HTTPS connection (1): www.dnd5eapi.co:443
2026-09-12 15:14:35,136 - urllib3.connectionpool - DEBUG - https://www.dnd5eapi.co:443 "GET /api/spells/light HTTP/1.1" 301 56
2026-09-12 15:14:35,144 - urllib3.connectionpool - DEBUG - https://www.dnd5eapi.co:443 "GET /api/monsters/kobold HTTP/1.1" 301 59
2026-09-12 15:14:35,192 - urllib3.connectionpool - DEBUG - https://www.dnd5eapi.co:443 "GET /api/equipment/saddle-exotic HTTP/1.1" 301 67
2026-09-12 15:14:35,244 - urllib3.connectionpool - DEBUG - https://www.dnd5eapi.co:443 "GET /api/2014/spells/light HTTP/1.1" 200 1363
2026-09-12 15:14:35,245 - src.core.cache - DEBUG - Cached value for key: dnd_item_spells_light
2026-09-12 15:14:35,252 - urllib3.connectionpool - DEBUG - https://www.dnd5eapi.co:443 "GET /api/2014/monsters/kobold HTTP/1.1" 200 1744
2026-09-12 15:14:35,253 - src.core.cache - DEBUG - Cached value for key: dnd_item_monsters_kobold
2026-09-12 15:14:35,253 - src.core.cache - DEBUG - Cache miss for key: dnd_item_spells_lightning-bolt
2026-09-12 15:14:35,253 - src.core.resources - DEBUG - Prefetching item details: spells/lightning-bolt
2026-09-12 15:14:35,254 - urllib3.connectionpool - DEBUG - Starting new HTTPS connection (1): www.dnd5eapi.co:443
2026-09-12 15:14:35,260 - src.core.cache - DEBUG - Cache miss for key: dnd_item_monsters_kraken
2026-09-12 15:14:35,260 - src.core.resources - DEBUG - Prefetching item details: monsters/kraken
2026-09-12 15:14:35,261 - urllib3.connectionpool - DEBUG - Starting new HTTPS connection (1): www.dnd5eapi.co:443
2026-09-12 15:14:35,299 - urllib3.connectionpool - DEBUG - https://www.dnd5eapi.co:443 "GET /api/2014/equipment/saddle-exotic HTTP/1.1" 200 497
2026-09-12 15:14:35,300 - src.core.cache - DEBUG - Cached value for key: dnd_item_equipment_saddle-exotic
2026-09-12 15:14:35,306 - src.core.cache - DEBUG - Cache miss for key: dnd_item_equipment_saddle-military
2026-09-12 15:14:35,306 - src.core.resources - DEBUG - Prefetching item details: equipment/saddle-military
2026-09-12 15:14:35,307 - urllib3.connectionpool - DEBUG - Starting new HTTPS connection (1): www.dnd5eapi.co:443
2026-09-12 15:14:35,580 - urllib3.connectionpool - DEBUG - https://www.dnd5eapi.co:443 "GET /api/spells/lightning-bolt HTTP/1.1" 301 65
2026-09-12 15:14:35,585 - urllib3.connectionpool - DEBUG - https://www.dnd5eapi.co:443 "GET /api/monsters/kraken HTTP/1.1" 301 59
2026-09-12 15:14:35,631 - urllib3.connectionpool - DEBUG - https://www.dnd5eapi.co:443 "GET /api/equipment/saddle-military HTTP/1.1" 301 69
2026-09-12 15:14:35,690 - urllib3.connectionpool - DEBUG - https://www.dnd5eapi.co:443 "GET /api/2014/spells/lightning-bolt HTTP/1.1" 200 1604
2026-09-12 15:14:35,691 - src.core.cache - DEBUG - Cached value for key: dnd_item_spells_lightning-bolt
2026-09-12 15:14:35,695 - urllib3.connectionpool - DEBUG - https://www.dnd5eapi.co:443 "GET /api/2014/monsters/kraken HTTP/1.1" 200 6551
2026-09-12 15:14:35,696 - src.core.cache - DEBUG - Cached value for key: dnd_item_monsters_kraken
2026-09-12 15:14:35,699 - src.core.cache - DEBUG - Cache miss for key: dnd_item_spells_locate-animals-or-plants
2026-09-12 15:14:35,699 - src.core.resources - DEBUG - Prefetching item details: spells/locate-animals-or-plants
2026-09-12 15:14:35,699 - src.core.cache - DEBUG - Cache miss for key: dnd_item_monsters_lamia
2026-09-12 15:14:35,699 - src.core.resources - DEBUG - Prefetching item details: monsters/lamia
2026-09-12 15:14:35,700 - urllib3.connectionpool - DEBUG - Starting new HTTPS connection (1): www.dnd5eapi.co:443
2026-09-12 15:14:35,700 - urllib3.connectionpool - DEBUG - Starting new HTTPS connection (1): www.dnd5eapi.co:443
2026-09-12 15:14:35,738 - urllib3.connectionpool - DEBUG - https://www.dnd5eapi.co:443 "GET /api/2014/equipment/saddle-military HTTP/1.1" 200 591
2026-09-12 15:14:35,739 - src.core.cache - DEBUG - Cached value for key: dnd_item_equipment_saddle-military
2026-09-12 15:14:35,747 - src.core.cache - DEBUG - Cache miss for key: dnd_item_equipment_saddle-pack
2026-09-12 15:14:35,747 - src.core.resources - DEBUG - Prefetching item details: equipment/saddle-pack
2026-09-12 15:14:35,748 - urllib3.connectionpool - DEBUG - Starting new HTTPS connection (1): www.dnd5eapi.co:443
2026-09-12 15:14:36,027 - urllib3.connectionpool - DEBUG - https://www.dnd5eapi.co:443 "GET /api/spells/locate-animals-or-plants HTTP/1.1" 301 75
2026-09-12 15:14:36,028 - urllib3.connectionpool - DEBUG - https://www.dnd5eapi.co:443 "GET /api/monsters/lamia HTTP/1.1" 301 58
2026-09-12 15:14:36,074 - urllib3.connectionpool - DEBUG - https://www.dnd5eapi.co:443 "GET /api/equipment/saddle-pack HTTP/1.1" 301 65
2026-09-12 15:14:36,135 - urllib3.connectionpool - DEBUG - https://www.dnd5eapi.co:443 "GET /api/2014/spells/locate-animals-or-plants HTTP/1.1" 200 987
2026-09-12 15:14:36,136 - src.core.cache - DEBUG - Cached value for key: dnd_item_spells_locate-animals-or-plants
2026-09-12 15:14:36,136 - urllib3.connectionpool - DEBUG - https://www.dnd5eapi.co:443 "GET /api/2014/monsters/lamia HTTP/1.1" 200 3982
2026-09-12 15:14:36,137 - src.core.cache - DEBUG - Cached value for key: dnd_item_monsters_lamia
2026-09-12 15:14:36,143 - src.core.cache - DEBUG - Cache miss for key: dnd_item_spells_locate-creature
2026-09-12 15:14:36,143 - src.core.resources - DEBUG - Prefetching item details: spells/locate-creature
2026-09-12 15:14:36,143 - src.core.cache - DEBUG - Cache miss for key: dnd_item_monsters_lemure
2026-09-12 15:14:36,143 - src.core.resources - DEBUG - Prefetching item details: monsters/lemure
2026-09-12 15:14:36,144 - urllib3.connectionpool - DEBUG - Starting new HTTPS connection (1): www.dnd5eapi.co:443
2026-09-12 15:14:36,144 - urllib3.connectionpool - DEBUG - Starting new HTTPS connection (1): www.dnd5eapi.co:443
2026-09-12 15:14:36,183 - urllib3.connectionpool - DEBUG - https://www.dnd5eapi.co:443 "GET /api/2014/equipment/saddle-pack HTTP/1.1" 200 420
2026-09-12 15:14:36,184 - src.core.cache - DEBUG - Cached value for key: dnd_item_equipment_saddle-pack
2026-09-12 15:14:36,191 - src.core.cache - DEBUG - Cache miss for key: dnd_item_equipment_saddle-riding
2026-09-12 15:14:36,191 - src.core.resources - DEBUG - Prefetching item details: equipment/saddle-riding
2026-09-12 15:14:36,192 - urllib3.connectionpool - DEBUG - Starting new HTTPS connection (1): www.dnd5eapi.co:443
2026-09-12 15:14:36,471 - urllib3.connectionpool - DEBUG - https://www.dnd5eapi.co:443 "GET /api/spells/locate-creature HTTP/1.1" 301 66
2026-09-12 15:14:36,471 - urllib3.connectionpool - DEBUG - https://www.dnd5eapi.co:443 "GET /api/monsters/lemure HTTP/1.1" 301 59
2026-09-12 15:14:36,516 - urllib3.connectionpool - DEBUG - https://www.dnd5eapi.co:443 "GET /api/equipment/saddle-riding HTTP/1.1" 301 67
2026-09-12 15:14:36,579 - urllib3.connectionpool - DEBUG - https://www.dnd5eapi.co:443 "GET /api/2014/spells/locate-creature HTTP/1.1" 200 1660
2026-09-12 15:14:36,580 - urllib3.connectionpool - DEBUG - https://www.dnd5eapi.co:443 "GET /api/2014/monsters/lemure HTTP/1.1" 200 1717
2026-09-12 15:14:36,581 - src.core.cache - DEBUG - Cached value for key: dnd_item_spells_locate-creature
2026-09-12 15:14:36,582 - src.core.cache - DEBUG - Cached value for key: dnd_item_monsters_lemure
2026-09-12 15:14:36,589 - src.core.cache - DEBUG - Cache miss for key: dnd_item_spells_locate-object
2026-09-12 15:14:36,589 - src.core.cache - DEBUG - Cache miss for key: dnd_item_monsters_lich
2026-09-12 15:14:36,590 - src.core.resources - DEBUG - Prefetching item details: monsters/lich
2026-09-12 15:14:36,590 - src.core.resources - DEBUG - Prefetching item details: spells/locate-object
2026-09-12 15:14:36,591 - urllib3.connectionpool - DEBUG - Starting new HTTPS connection (1): www.dnd5eapi.co:443
2026-09-12 15:14:36,591 - urllib3.connectionpool - DEBUG - Starting new HTTPS connection (1): www.dnd5eapi.co:443
2026-09-12 15:14:36,624 - urllib3.connectionpool - DEBUG - https://www.dnd5eapi.co:443 "GET /api/2014/equipment/saddle-riding HTTP/1.1" 200 427
2026-09-12 15:14:36,625 - src.core.cache - DEBUG - Cached value for key: dnd_item_equipment_saddle-riding
2026-09-12 15:14:36,631 - src.core.cache - DEBUG - Cache miss for key: dnd_item_equipment_saddlebags
2026-09-12 15:14:36,631 - src.core.resources - DEBUG - Prefetching item details: equipment/saddlebags
2026-09-12 15:14:36,632 - urllib3.connectionpool - DEBUG - Starting new HTTPS connection (1): www.dnd5eapi.co:443
2026-09-12 15:14:36,919 - urllib3.connectionpool - DEBUG - https://www.dnd5eapi.co:443 "GET /api/spells/locate-object HTTP/1.1" 301 64
2026-09-12 15:14:36,920 - urllib3.connectionpool - DEBUG - https://www.dnd5eapi.co:443 "GET /api/monsters/lich HTTP/1.1" 301 57
2026-09-12 15:14:36,956 - urllib3.connectionpool - DEBUG - https://www.dnd5eapi.co:443 "GET /api/equipment/saddlebags HTTP/1.1" 301 64
2026-09-12 15:14:37,025 - urllib3.connectionpool - DEBUG - https://www.dnd5eapi.co:443 "GET /api/2014/spells/locate-object HTTP/1.1" 200 1542
2026-09-12 15:14:37,026 - src.core.cache - DEBUG - Cached value for key: dnd_item_spells_locate-object
2026-09-12 15:14:37,028 - urllib3.connectionpool - DEBUG - https://www.dnd5eapi.co:443 "GET /api/2014/monsters/lich HTTP/1.1" 200 7437
2026-09-12 15:14:37,030 - src.core.cache - DEBUG - Cached value for key: dnd_item_monsters_lich
2026-09-12 15:14:37,033 - src.core.cache - DEBUG - Cache miss for key: dnd_item_spells_longstrider
2026-09-12 15:14:37,033 - src.core.resources - DEBUG - Prefetching item details: spells/longstrider
2026-09-12 15:14:37,033 - src.core.cache - DEBUG - Cache miss for key: dnd_item_monsters_lion
2026-09-12 15:14:37,033 - src.core.resources - DEBUG - Prefetching item details: monsters/lion
2026-09-12 15:14:37,034 - urllib3.connectionpool - DEBUG - Starting new HTTPS connection (1): www.dnd5eapi.co:443
2026-09-12 15:14:37,034 - urllib3.connectionpool - DEBUG - Starting new HTTPS connection (1): www.dnd5eapi.co:443
2026-09-12 15:14:37,065 - urllib3.connectionpool - DEBUG - https://www.dnd5eapi.co:443 "GET /api/2014/equipment/saddlebags HTTP/1.1" 200 415
2026-09-12 15:14:37,066 - src.core.cache - DEBUG - Cached value for key: dnd_item_equipment_saddlebags
2026-09-12 15:14:37,072 - src.core.cache - DEBUG - Cache miss for key: dnd_item_equipment_sailing-ship
2026-09-12 15:14:37,072 - src.core.resources - DEBUG - Prefetching item details: equipment/sailing-ship
2026-09-12 15:14:37,073 - urllib3.connectionpool - DEBUG - Starting new HTTPS connection (1): www.dnd5eapi.co:443
2026-09-12 15:14:37,380 - urllib3.connectionpool - DEBUG - https://www.dnd5eapi.co:443 "GET /api/monsters/lion HTTP/1.1" 301 57
2026-09-12 15:14:37,381 - urllib3.connectionpool - DEBUG - https://www.dnd5eapi.co:443 "GET /api/spells/longstrider HTTP/1.1" 301 62
2026-09-12 15:14:37,410 - urllib3.connectionpool - DEBUG - https://www.dnd5eapi.co:443 "GET /api/equipment/sailing-ship HTTP/1.1" 301 66
2026-09-12 15:14:37,489 - urllib3.connectionpool - DEBUG - https://www.dnd5eapi.co:443 "GET /api/2014/monsters/lion HTTP/1.1" 200 2395
2026-09-12 15:14:37,490 - src.core.cache - DEBUG - Cached value for key: dnd_item_monsters_lion
2026-09-12 15:14:37,491 - urllib3.connectionpool - DEBUG - https://www.dnd5eapi.co:443 "GET /api/2014/spells/longstrider HTTP/1.1" 200 998
2026-09-12 15:14:37,492 - src.core.cache - DEBUG - Cached value for key: dnd_item_spells_longstrider
2026-09-12 15:14:37,498 - src.core.cache - DEBUG - Cache miss for key: dnd_item_spells_mage-armor
2026-09-12 15:14:37,498 - src.core.cache - DEBUG - Cache miss for key: dnd_item_monsters_lizard
2026-09-12 15:14:37,498 - src.core.resources - DEBUG - Prefetching item details: monsters/lizard
2026-09-12 15:14:37,498 - src.core.resources - DEBUG - Prefetching item details: spells/mage-armor
2026-09-12 15:14:37,499 - urllib3.connectionpool - DEBUG - Starting new HTTPS connection (1): www.dnd5eapi.co:443
2026-09-12 15:14:37,499 - urllib3.connectionpool - DEBUG - Starting new HTTPS connection (1): www.dnd5eapi.co:443
2026-09-12 15:14:37,517 - urllib3.connectionpool - DEBUG - https://www.dnd5eapi.co:443 "GET /api/2014/equipment/sailing-ship HTTP/1.1" 200 436
2026-09-12 15:14:37,520 - src.core.cache - DEBUG - Cached value for key: dnd_item_equipment_sailing-ship
2026-09-12 15:14:37,526 - src.core.cache - DEBUG - Cache miss for key: dnd_item_equipment_scale-mail
2026-09-12 15:14:37,527 - src.core.resources - DEBUG - Prefetching item details: equipment/scale-mail
2026-09-12 15:14:37,527 - urllib3.connectionpool - DEBUG - Starting new HTTPS connection (1): www.dnd5eapi.co:443
2026-09-12 15:14:37,825 - urllib3.connectionpool - DEBUG - https://www.dnd5eapi.co:443 "GET /api/monsters/lizard HTTP/1.1" 301 59
2026-09-12 15:14:37,844 - urllib3.connectionpool - DEBUG - https://www.dnd5eapi.co:443 "GET /api/spells/mage-armor HTTP/1.1" 301 61
2026-09-12 15:14:37,849 - urllib3.connectionpool - DEBUG - https://www.dnd5eapi.co:443 "GET /api/equipment/scale-mail HTTP/1.1" 301 64
2026-09-12 15:14:37,933 - urllib3.connectionpool - DEBUG - https://www.dnd5eapi.co:443 "GET /api/2014/monsters/lizard HTTP/1.1" 200 1017
2026-09-12 15:14:37,935 - src.core.cache - DEBUG - Cached value for key: dnd_item_monsters_lizard
2026-09-12 15:14:37,943 - src.core.cache - DEBUG - Cache miss for key: dnd_item_monsters_lizardfolk
2026-09-12 15:14:37,943 - src.core.resources - DEBUG - Prefetching item details: monsters/lizardfolk
2026-09-12 15:14:37,944 - urllib3.connectionpool - DEBUG - Starting new HTTPS connection (1): www.dnd5eapi.co:443
2026-09-12 15:14:37,952 - urllib3.connectionpool - DEBUG - https://www.dnd5eapi.co:443 "GET /api/2014/spells/mage-armor HTTP/1.1" 200 912
2026-09-12 15:14:37,953 - src.core.cache - DEBUG - Cached value for key: dnd_item_spells_mage-armor
2026-09-12 15:14:37,956 - urllib3.connectionpool - DEBUG - https://www.dnd5eapi.co:443 "GET /api/2014/equipment/scale-mail HTTP/1.1" 200 447
2026-09-12 15:14:37,957 - src.core.cache - DEBUG - Cached value for key: dnd_item_equipment_scale-mail
2026-09-12 15:14:37,962 - src.core.cache - DEBUG - Cache miss for key: dnd_item_equipment_scale-merchants
2026-09-12 15:14:37,962 - src.core.cache - DEBUG - Cache miss for key: dnd_item_spells_mage-hand
2026-09-12 15:14:37,962 - src.core.resources - DEBUG - Prefetching item details: equipment/scale-merchants
2026-09-12 15:14:37,963 - src.core.resources - DEBUG - Prefetching item details: spells/mage-hand
2026-09-12 15:14:37,964 - urllib3.connectionpool - DEBUG - Starting new HTTPS connection (1): www.dnd5eapi.co:443
2026-09-12 15:14:37,964 - urllib3.connectionpool - DEBUG - Starting new HTTPS connection (1): www.dnd5eapi.co:443
2026-09-12 15:14:38,272 - urllib3.connectionpool - DEBUG - https://www.dnd5eapi.co:443 "GET /api/monsters/lizardfolk HTTP/1.1" 301 63
2026-09-12 15:14:38,296 - urllib3.connectionpool - DEBUG - https://www.dnd5eapi.co:443 "GET /api/spells/mage-hand HTTP/1.1" 301 60
2026-09-12 15:14:38,296 - urllib3.connectionpool - DEBUG - https://www.dnd5eapi.co:443 "GET /api/equipment/scale-merchants HTTP/1.1" 301 69
2026-09-12 15:14:38,380 - urllib3.connectionpool - DEBUG - https://www.dnd5eapi.co:443 "GET /api/2014/monsters/lizardfolk HTTP/1.1" 200 3928
2026-09-12 15:14:38,382 - src.core.cache - DEBUG - Cached value for key: dnd_item_monsters_lizardfolk
2026-09-12 15:14:38,389 - src.core.cache - DEBUG - Cache miss for key: dnd_item_monsters_mage
2026-09-12 15:14:38,389 - src.core.resources - DEBUG - Prefetching item details: monsters/mage
2026-09-12 15:14:38,390 - urllib3.connectionpool - DEBUG - Starting new HTTPS connection (1): www.dnd5eapi.co:443
2026-09-12 15:14:38,404 - urllib3.connectionpool - DEBUG - https://www.dnd5eapi.co:443 "GET /api/2014/spells/mage-hand HTTP/1.1" 200 1331
2026-09-12 15:14:38,405 - urllib3.connectionpool - DEBUG - https://www.dnd5eapi.co:443 "GET /api/2014/equipment/scale-merchants HTTP/1.1" 200 715
2026-09-12 15:14:38,407 - src.core.cache - DEBUG - Cached value for key: dnd_item_spells_mage-hand
2026-09-12 15:14:38,409 - src.core.cache - DEBUG - Cached value for key: dnd_item_equipment_scale-merchants
2026-09-12 15:14:38,418 - src.core.cache - DEBUG - Cache miss for key: dnd_item_spells_magic-circle
2026-09-12 15:14:38,418 - src.core.cache - DEBUG - Cache miss for key: dnd_item_equipment_scholars-pack
2026-09-12 15:14:38,418 - src.core.resources - DEBUG - Prefetching item details: equipment/scholars-pack
2026-09-12 15:14:38,418 - src.core.resources - DEBUG - Prefetching item details: spells/magic-circle
2026-09-12 15:14:38,420 - urllib3.connectionpool - DEBUG - Starting new HTTPS connection (1): www.dnd5eapi.co:443
2026-09-12 15:14:38,420 - urllib3.connectionpool - DEBUG - Starting new HTTPS connection (1): www.dnd5eapi.co:443
2026-09-12 15:14:38,716 - urllib3.connectionpool - DEBUG - https://www.dnd5eapi.co:443 "GET /api/monsters/mage HTTP/1.1" 301 57
2026-09-12 15:14:38,746 - urllib3.connectionpool - DEBUG - https://www.dnd5eapi.co:443 "GET /api/spells/magic-circle HTTP/1.1" 301 63
2026-09-12 15:14:38,749 - urllib3.connectionpool - DEBUG - https://www.dnd5eapi.co:443 "GET /api/equipment/scholars-pack HTTP/1.1" 301 67
2026-09-12 15:14:38,822 - urllib3.connectionpool - DEBUG - https://www.dnd5eapi.co:443 "GET /api/2014/monsters/mage HTTP/1.1" 200 3800
2026-09-12 15:14:38,824 - src.core.cache - DEBUG - Cached value for key: dnd_item_monsters_mage
2026-09-12 15:14:38,831 - src.core.cache - DEBUG - Cache miss for key: dnd_item_monsters_magma-mephit
2026-09-12 15:14:38,831 - src.core.resources - DEBUG - Prefetching item details: monsters/magma-mephit
2026-09-12 15:14:38,831 - urllib3.connectionpool - DEBUG - Starting new HTTPS connection (1): www.dnd5eapi.co:443
2026-09-12 15:14:38,853 - urllib3.connectionpool - DEBUG - https://www.dnd5eapi.co:443 "GET /api/2014/spells/magic-circle HTTP/1.1" 200 2254
2026-09-12 15:14:38,854 - src.core.cache - DEBUG - Cached value for key: dnd_item_spells_magic-circle
2026-09-12 15:14:38,856 - urllib3.connectionpool - DEBUG - https://www.dnd5eapi.co:443 "GET /api/2014/equipment/scholars-pack HTTP/1.1" 200 1252
2026-09-12 15:14:38,857 - src.core.cache - DEBUG - Cached value for key: dnd_item_equipment_scholars-pack
2026-09-12 15:14:38,862 - src.core.cache - DEBUG - Cache miss for key: dnd_item_spells_magic-jar
2026-09-12 15:14:38,862 - src.core.resources - DEBUG - Prefetching item details: spells/magic-jar
2026-09-12 15:14:38,862 - src.core.cache - DEBUG - Cache miss for key: dnd_item_equipment_scimitar
2026-09-12 15:14:38,862 - src.core.resources - DEBUG - Prefetching item details: equipment/scimitar
2026-09-12 15:14:38,863 - urllib3.connectionpool - DEBUG - Starting new HTTPS connection (1): www.dnd5eapi.co:443
2026-09-12 15:14:38,864 - urllib3.connectionpool - DEBUG - Starting new HTTPS connection (1): www.dnd5eapi.co:443
2026-09-12 15:14:39,158 - urllib3.connectionpool - DEBUG - https://www.dnd5eapi.co:443 "GET /api/monsters/magma-mephit HTTP/1.1" 301 65
2026-09-12 15:14:39,195 - urllib3.connectionpool - DEBUG - https://www.dnd5eapi.co:443 "GET /api/spells/magic-jar HTTP/1.1" 301 60
2026-09-12 15:14:39,195 - urllib3.connectionpool - DEBUG - https://www.dnd5eapi.co:443 "GET /api/equipment/scimitar HTTP/1.1" 301 62
2026-09-12 15:14:39,278 - urllib3.connectionpool - DEBUG - https://www.dnd5eapi.co:443 "GET /api/2014/monsters/magma-mephit HTTP/1.1" 200 3055
2026-09-12 15:14:39,279 - src.core.cache - DEBUG - Cached value for key: dnd_item_monsters_magma-mephit
2026-09-12 15:14:39,286 - src.core.cache - DEBUG - Cache miss for key: dnd_item_monsters_magmin
2026-09-12 15:14:39,286 - src.core.resources - DEBUG - Prefetching item details: monsters/magmin
2026-09-12 15:14:39,287 - urllib3.connectionpool - DEBUG - Starting new HTTPS connection (1): www.dnd5eapi.co:443
2026-09-12 15:14:39,304 - urllib3.connectionpool - DEBUG - https://www.dnd5eapi.co:443 "GET /api/2014/equipment/scimitar HTTP/1.1" 200 700
2026-09-12 15:14:39,305 - src.core.cache - DEBUG - Cached value for key: dnd_item_equipment_scimitar
2026-09-12 15:14:39,305 - urllib3.connectionpool - DEBUG - https://www.dnd5eapi.co:443 "GET /api/2014/spells/magic-jar HTTP/1.1" 200 3171
2026-09-12 15:14:39,307 - src.core.cache - DEBUG - Cached value for key: dnd_item_spells_magic-jar
2026-09-12 15:14:39,314 - src.core.cache - DEBUG - Cache miss for key: dnd_item_spells_magic-missile
2026-09-12 15:14:39,314 - src.core.cache - DEBUG - Cache miss for key: dnd_item_equipment_sealing-wax
2026-09-12 15:14:39,314 - src.core.resources - DEBUG - Prefetching item details: spells/magic-missile
2026-09-12 15:14:39,314 - src.core.resources - DEBUG - Prefetching item details: equipment/sealing-wax
2026-09-12 15:14:39,315 - urllib3.connectionpool - DEBUG - Starting new HTTPS connection (1): www.dnd5eapi.co:443
2026-09-12 15:14:39,316 - urllib3.connectionpool - DEBUG - Starting new HTTPS connection (1): www.dnd5eapi.co:443
2026-09-12 15:14:39,613 - urllib3.connectionpool - DEBUG - https://www.dnd5eapi.co:443 "GET /api/monsters/magmin HTTP/1.1" 301 59
2026-09-12 15:14:39,653 - urllib3.connectionpool - DEBUG - https://www.dnd5eapi.co:443 "GET /api/equipment/sealing-wax HTTP/1.1" 301 65
2026-09-12 15:14:39,654 - urllib3.connectionpool - DEBUG - https://www.dnd5eapi.co:443 "GET /api/spells/magic-missile HTTP/1.1" 301 64
2026-09-12 15:14:39,722 - urllib3.connectionpool - DEBUG - https://www.dnd5eapi.co:443 "GET /api/2014/monsters/magmin HTTP/1.1" 200 2076
2026-09-12 15:14:39,723 - src.core.cache - DEBUG - Cached value for key: dnd_item_monsters_magmin
2026-09-12 15:14:39,731 - src.core.cache - DEBUG - Cache miss for key: dnd_item_monsters_mammoth
2026-09-12 15:14:39,731 - src.core.resources - DEBUG - Prefetching item details: monsters/mammoth
2026-09-12 15:14:39,732 - urllib3.connectionpool - DEBUG - Starting new HTTPS connection (1): www.dnd5eapi.co:443
2026-09-12 15:14:39,761 - urllib3.connectionpool - DEBUG - https://www.dnd5eapi.co:443 "GET /api/2014/equipment/sealing-wax HTTP/1.1" 200 472
2026-09-12 15:14:39,763 - src.core.cache - DEBUG - Cached value for key: dnd_item_equipment_sealing-wax
2026-09-12 15:14:39,763 - urllib3.connectionpool - DEBUG - https://www.dnd5eapi.co:443 "GET /api/2014/spells/magic-missile HTTP/1.1" 200 1269
2026-09-12 15:14:39,765 - src.core.cache - DEBUG - Cached value for key: dnd_item_spells_magic-missile
2026-09-12 15:14:39,771 - src.core.cache - DEBUG - Cache miss for key: dnd_item_equipment_shawm
2026-09-12 15:14:39,772 - src.core.cache - DEBUG - Cache miss for key: dnd_item_spells_magic-mouth
2026-09-12 15:14:39,772 - src.core.resources - DEBUG - Prefetching item details: equipment/shawm
2026-09-12 15:14:39,772 - src.core.resources - DEBUG - Prefetching item details: spells/magic-mouth
2026-09-12 15:14:39,773 - urllib3.connectionpool - DEBUG - Starting new HTTPS connection (1): www.dnd5eapi.co:443
2026-09-12 15:14:39,773 - urllib3.connectionpool - DEBUG - Starting new HTTPS connection (1): www.dnd5eapi.co:443
2026-09-12 15:14:40,084 - urllib3.connectionpool - DEBUG - https://www.dnd5eapi.co:443 "GET /api/monsters/mammoth HTTP/1.1" 301 60
2026-09-12 15:14:40,098 - urllib3.connectionpool - DEBUG - https://www.dnd5eapi.co:443 "GET /api/spells/magic-mouth HTTP/1.1" 301 62
2026-09-12 15:14:40,102 - urllib3.connectionpool - DEBUG - https://www.dnd5eapi.co:443 "GET /api/equipment/shawm HTTP/1.1" 301 59
2026-09-12 15:14:40,194 - urllib3.connectionpool - DEBUG - https://www.dnd5eapi.co:443 "GET /api/2014/monsters/mammoth HTTP/1.1" 200 1847
2026-09-12 15:14:40,195 - src.core.cache - DEBUG - Cached value for key: dnd_item_monsters_mammoth
2026-09-12 15:14:40,202 - src.core.cache - DEBUG - Cache miss for key: dnd_item_monsters_manticore
2026-09-12 15:14:40,202 - src.core.resources - DEBUG - Prefetching item details: monsters/manticore
2026-09-12 15:14:40,202 - urllib3.connectionpool - DEBUG - Starting new HTTPS connection (1): www.dnd5eapi.co:443
2026-09-12 15:14:40,208 - urllib3.connectionpool - DEBUG - https://www.dnd5eapi.co:443 "GET /api/2014/spells/magic-mouth HTTP/1.1" 200 1960
2026-09-12 15:14:40,210 - src.core.cache - DEBUG - Cached value for key: dnd_item_spells_magic-mouth
2026-09-12 15:14:40,210 - urllib3.connectionpool - DEBUG - https://www.dnd5eapi.co:443 "GET /api/2014/equipment/shawm HTTP/1.1" 200 717
2026-09-12 15:14:40,211 - src.core.cache - DEBUG - Cached value for key: dnd_item_equipment_shawm
2026-09-12 15:14:40,219 - src.core.cache - DEBUG - Cache miss for key: dnd_item_equipment_shield
2026-09-12 15:14:40,219 - src.core.cache - DEBUG - Cache miss for key: dnd_item_spells_magic-weapon
2026-09-12 15:14:40,220 - src.core.resources - DEBUG - Prefetching item details: equipment/shield
2026-09-12 15:14:40,220 - src.core.resources - DEBUG - Prefetching item details: spells/magic-weapon
2026-09-12 15:14:40,221 - urllib3.connectionpool - DEBUG - Starting new HTTPS connection (1): www.dnd5eapi.co:443
2026-09-12 15:14:40,222 - urllib3.connectionpool - DEBUG - Starting new HTTPS connection (1): www.dnd5eapi.co:443
2026-09-12 15:14:40,534 - urllib3.connectionpool - DEBUG - https://www.dnd5eapi.co:443 "GET /api/monsters/manticore HTTP/1.1" 301 62
2026-09-12 15:14:40,549 - urllib3.connectionpool - DEBUG - https://www.dnd5eapi.co:443 "GET /api/spells/magic-weapon HTTP/1.1" 301 63
2026-09-12 15:14:40,552 - urllib3.connectionpool - DEBUG - https://www.dnd5eapi.co:443 "GET /api/equipment/shield HTTP/1.1" 301 60
2026-09-12 15:14:40,642 - urllib3.connectionpool - DEBUG - https://www.dnd5eapi.co:443 "GET /api/2014/monsters/manticore HTTP/1.1" 200 2337
2026-09-12 15:14:40,643 - src.core.cache - DEBUG - Cached value for key: dnd_item_monsters_manticore
2026-09-12 15:14:40,650 - src.core.cache - DEBUG - Cache miss for key: dnd_item_monsters_marilith
2026-09-12 15:14:40,650 - src.core.resources - DEBUG - Prefetching item details: monsters/marilith
2026-09-12 15:14:40,651 - urllib3.connectionpool - DEBUG - Starting new HTTPS connection (1): www.dnd5eapi.co:443
2026-09-12 15:14:40,656 - urllib3.connectionpool - DEBUG - https://www.dnd5eapi.co:443 "GET /api/2014/spells/magic-weapon HTTP/1.1" 200 942
2026-09-12 15:14:40,658 - src.core.cache - DEBUG - Cached value for key: dnd_item_spells_magic-weapon
2026-09-12 15:14:40,664 - src.core.cache - DEBUG - Cache miss for key: dnd_item_spells_magnificent-mansion
2026-09-12 15:14:40,664 - src.core.resources - DEBUG - Prefetching item details: spells/magnificent-mansion
2026-09-12 15:14:40,665 - urllib3.connectionpool - DEBUG - Starting new HTTPS connection (1): www.dnd5eapi.co:443
2026-09-12 15:14:40,665 - urllib3.connectionpool - DEBUG - https://www.dnd5eapi.co:443 "GET /api/2014/equipment/shield HTTP/1.1" 200 421
2026-09-12 15:14:40,666 - src.core.cache - DEBUG - Cached value for key: dnd_item_equipment_shield
2026-09-12 15:14:40,672 - src.core.cache - DEBUG - Cache miss for key: dnd_item_equipment_shortbow
2026-09-12 15:14:40,672 - src.core.resources - DEBUG - Prefetching item details: equipment/shortbow
2026-09-12 15:14:40,673 - urllib3.connectionpool - DEBUG - Starting new HTTPS connection (1): www.dnd5eapi.co:443
2026-09-12 15:14:40,978 - urllib3.connectionpool - DEBUG - https://www.dnd5eapi.co:443 "GET /api/monsters/marilith HTTP/1.1" 301 61
2026-09-12 15:14:40,990 - urllib3.connectionpool - DEBUG - https://www.dnd5eapi.co:443 "GET /api/spells/magnificent-mansion HTTP/1.1" 301 70
2026-09-12 15:14:41,010 - urllib3.connectionpool - DEBUG - https://www.dnd5eapi.co:443 "GET /api/equipment/shortbow HTTP/1.1" 301 62
2026-09-12 15:14:41,087 - urllib3.connectionpool - DEBUG - https://www.dnd5eapi.co:443 "GET /api/2014/monsters/marilith HTTP/1.1" 200 3293
2026-09-12 15:14:41,088 - src.core.cache - DEBUG - Cached value for key: dnd_item_monsters_marilith
2026-09-12 15:14:41,095 - src.core.cache - DEBUG - Cache miss for key: dnd_item_monsters_mastiff
2026-09-12 15:14:41,095 - src.core.resources - DEBUG - Prefetching item details: monsters/mastiff
2026-09-12 15:14:41,096 - urllib3.connectionpool - DEBUG - Starting new HTTPS connection (1): www.dnd5eapi.co:443
2026-09-12 15:14:41,097 - urllib3.connectionpool - DEBUG - https://www.dnd5eapi.co:443 "GET /api/2014/spells/magnificent-mansion HTTP/1.1" 200 2290
2026-09-12 15:14:41,098 - src.core.cache - DEBUG - Cached value for key: dnd_item_spells_magnificent-mansion
2026-09-12 15:14:41,105 - src.core.cache - DEBUG - Cache miss for key: dnd_item_spells_major-image
2026-09-12 15:14:41,105 - src.core.resources - DEBUG - Prefetching item details: spells/major-image
2026-09-12 15:14:41,105 - urllib3.connectionpool - DEBUG - Starting new HTTPS connection (1): www.dnd5eapi.co:443
2026-09-12 15:14:41,117 - urllib3.connectionpool - DEBUG - https://www.dnd5eapi.co:443 "GET /api/2014/equipment/shortbow HTTP/1.1" 200 736
2026-09-12 15:14:41,118 - src.core.cache - DEBUG - Cached value for key: dnd_item_equipment_shortbow
2026-09-12 15:14:41,126 - src.core.cache - DEBUG - Cache miss for key: dnd_item_equipment_shortsword
2026-09-12 15:14:41,126 - src.core.resources - DEBUG - Prefetching item details: equipment/shortsword
2026-09-12 15:14:41,127 - urllib3.connectionpool - DEBUG - Starting new HTTPS connection (1): www.dnd5eapi.co:443
2026-09-12 15:14:41,435 - urllib3.connectionpool - DEBUG - https://www.dnd5eapi.co:443 "GET /api/spells/major-image HTTP/1.1" 301 62
2026-09-12 15:14:41,443 - urllib3.connectionpool - DEBUG - https://www.dnd5eapi.co:443 "GET /api/monsters/mastiff HTTP/1.1" 301 60
2026-09-12 15:14:41,455 - urllib3.connectionpool - DEBUG - https://www.dnd5eapi.co:443 "GET /api/equipment/shortsword HTTP/1.1" 301 64
2026-09-12 15:14:41,542 - urllib3.connectionpool - DEBUG - https://www.dnd5eapi.co:443 "GET /api/2014/spells/major-image HTTP/1.1" 200 2357
2026-09-12 15:14:41,543 - src.core.cache - DEBUG - Cached value for key: dnd_item_spells_major-image
2026-09-12 15:14:41,550 - urllib3.connectionpool - DEBUG - https://www.dnd5eapi.co:443 "GET /api/2014/monsters/mastiff HTTP/1.1" 200 1596
2026-09-12 15:14:41,551 - src.core.cache - DEBUG - Cached value for key: dnd_item_monsters_mastiff
2026-09-12 15:14:41,552 - src.core.cache - DEBUG - Cache miss for key: dnd_item_spells_mass-cure-wounds
2026-09-12 15:14:41,552 - src.core.resources - DEBUG - Prefetching item details: spells/mass-cure-wounds
2026-09-12 15:14:41,553 - urllib3.connectionpool - DEBUG - Starting new HTTPS connection (1): www.dnd5eapi.co:443
2026-09-12 15:14:41,559 - src.core.cache - DEBUG - Cache miss for key: dnd_item_monsters_medusa
2026-09-12 15:14:41,559 - src.core.resources - DEBUG - Prefetching item details: monsters/medusa
2026-09-12 15:14:41,560 - urllib3.connectionpool - DEBUG - Starting new HTTPS connection (1): www.dnd5eapi.co:443
2026-09-12 15:14:41,561 - urllib3.connectionpool - DEBUG - https://www.dnd5eapi.co:443 "GET /api/2014/equipment/shortsword HTTP/1.1" 200 778
2026-09-12 15:14:41,562 - src.core.cache - DEBUG - Cached value for key: dnd_item_equipment_shortsword
2026-09-12 15:14:41,571 - src.core.cache - DEBUG - Cache miss for key: dnd_item_equipment_shovel
2026-09-12 15:14:41,571 - src.core.resources - DEBUG - Prefetching item details: equipment/shovel
2026-09-12 15:14:41,572 - urllib3.connectionpool - DEBUG - Starting new HTTPS connection (1): www.dnd5eapi.co:443
2026-09-12 15:14:41,879 - urllib3.connectionpool - DEBUG - https://www.dnd5eapi.co:443 "GET /api/spells/mass-cure-wounds HTTP/1.1" 301 67
2026-09-12 15:14:41,884 - urllib3.connectionpool - DEBUG - https://www.dnd5eapi.co:443 "GET /api/monsters/medusa HTTP/1.1" 301 59
2026-09-12 15:14:41,896 - urllib3.connectionpool - DEBUG - https://www.dnd5eapi.co:443 "GET /api/equipment/shovel HTTP/1.1" 301 60
2026-09-12 15:14:41,987 - urllib3.connectionpool - DEBUG - https://www.dnd5eapi.co:443 "GET /api/2014/spells/mass-cure-wounds HTTP/1.1" 200 1256
2026-09-12 15:14:41,988 - src.core.cache - DEBUG - Cached value for key: dnd_item_spells_mass-cure-wounds
2026-09-12 15:14:41,992 - urllib3.connectionpool - DEBUG - https://www.dnd5eapi.co:443 "GET /api/2014/monsters/medusa HTTP/1.1" 200 4265
2026-09-12 15:14:41,993 - src.core.cache - DEBUG - Cached value for key: dnd_item_monsters_medusa
2026-09-12 15:14:41,994 - src.core.cache - DEBUG - Cache miss for key: dnd_item_spells_mass-heal
2026-09-12 15:14:41,994 - src.core.resources - DEBUG - Prefetching item details: spells/mass-heal
2026-09-12 15:14:41,994 - src.core.cache - DEBUG - Cache miss for key: dnd_item_monsters_merfolk
2026-09-12 15:14:41,995 - src.core.resources - DEBUG - Prefetching item details: monsters/merfolk
2026-09-12 15:14:41,995 - urllib3.connectionpool - DEBUG - Starting new HTTPS connection (1): www.dnd5eapi.co:443
2026-09-12 15:14:41,996 - urllib3.connectionpool - DEBUG - Starting new HTTPS connection (1): www.dnd5eapi.co:443
2026-09-12 15:14:42,002 - urllib3.connectionpool - DEBUG - https://www.dnd5eapi.co:443 "GET /api/2014/equipment/shovel HTTP/1.1" 200 457
2026-09-12 15:14:42,003 - src.core.cache - DEBUG - Cached value for key: dnd_item_equipment_shovel
2026-09-12 15:14:42,009 - src.core.cache - DEBUG - Cache miss for key: dnd_item_equipment_sickle
2026-09-12 15:14:42,009 - src.core.resources - DEBUG - Prefetching item details: equipment/sickle
2026-09-12 15:14:42,010 - urllib3.connectionpool - DEBUG - Starting new HTTPS connection (1): www.dnd5eapi.co:443
2026-09-12 15:14:42,321 - urllib3.connectionpool - DEBUG - https://www.dnd5eapi.co:443 "GET /api/monsters/merfolk HTTP/1.1" 301 60
2026-09-12 15:14:42,322 - urllib3.connectionpool - DEBUG - https://www.dnd5eapi.co:443 "GET /api/spells/mass-heal HTTP/1.1" 301 60
2026-09-12 15:14:42,340 - urllib3.connectionpool - DEBUG - https://www.dnd5eapi.co:443 "GET /api/equipment/sickle HTTP/1.1" 301 60
2026-09-12 15:14:42,428 - urllib3.connectionpool - DEBUG - https://www.dnd5eapi.co:443 "GET /api/2014/monsters/merfolk HTTP/1.1" 200 1656
2026-09-12 15:14:42,430 - src.core.cache - DEBUG - Cached value for key: dnd_item_monsters_merfolk
2026-09-12 15:14:42,431 - urllib3.connectionpool - DEBUG - https://www.dnd5eapi.co:443 "GET /api/2014/spells/mass-heal HTTP/1.1" 200 865
2026-09-12 15:14:42,432 - src.core.cache - DEBUG - Cached value for key: dnd_item_spells_mass-heal
2026-09-12 15:14:42,439 - src.core.cache - DEBUG - Cache miss for key: dnd_item_spells_mass-healing-word
2026-09-12 15:14:42,439 - src.core.resources - DEBUG - Prefetching item details: spells/mass-healing-word
2026-09-12 15:14:42,439 - src.core.cache - DEBUG - Cache miss for key: dnd_item_monsters_merrow
2026-09-12 15:14:42,440 - src.core.resources - DEBUG - Prefetching item details: monsters/merrow
2026-09-12 15:14:42,440 - urllib3.connectionpool - DEBUG - Starting new HTTPS connection (1): www.dnd5eapi.co:443
2026-09-12 15:14:42,441 - urllib3.connectionpool - DEBUG - Starting new HTTPS connection (1): www.dnd5eapi.co:443
2026-09-12 15:14:42,447 - urllib3.connectionpool - DEBUG - https://www.dnd5eapi.co:443 "GET /api/2014/equipment/sickle HTTP/1.1" 200 682
2026-09-12 15:14:42,449 - src.core.cache - DEBUG - Cached value for key: dnd_item_equipment_sickle
2026-09-12 15:14:42,457 - src.core.cache - DEBUG - Cache miss for key: dnd_item_equipment_signal-whistle
2026-09-12 15:14:42,457 - src.core.resources - DEBUG - Prefetching item details: equipment/signal-whistle
2026-09-12 15:14:42,458 - urllib3.connectionpool - DEBUG - Starting new HTTPS connection (1): www.dnd5eapi.co:443
2026-09-12 15:14:42,768 - urllib3.connectionpool - DEBUG - https://www.dnd5eapi.co:443 "GET /api/monsters/merrow HTTP/1.1" 301 59
2026-09-12 15:14:42,769 - urllib3.connectionpool - DEBUG - https://www.dnd5eapi.co:443 "GET /api/spells/mass-healing-word HTTP/1.1" 301 68
2026-09-12 15:14:42,787 - urllib3.connectionpool - DEBUG - https://www.dnd5eapi.co:443 "GET /api/equipment/signal-whistle HTTP/1.1" 301 68
2026-09-12 15:14:42,877 - urllib3.connectionpool - DEBUG - https://www.dnd5eapi.co:443 "GET /api/2014/monsters/merrow HTTP/1.1" 200 2700
2026-09-12 15:14:42,878 - src.core.cache - DEBUG - Cached value for key: dnd_item_monsters_merrow
2026-09-12 15:14:42,879 - urllib3.connectionpool - DEBUG - https://www.dnd5eapi.co:443 "GET /api/2014/spells/mass-healing-word HTTP/1.1" 200 1049
2026-09-12 15:14:42,880 - src.core.cache - DEBUG - Cached value for key: dnd_item_spells_mass-healing-word
2026-09-12 15:14:42,886 - src.core.cache - DEBUG - Cache miss for key: dnd_item_spells_mass-suggestion
2026-09-12 15:14:42,886 - src.core.resources - DEBUG - Prefetching item details: spells/mass-suggestion
2026-09-12 15:14:42,886 - src.core.cache - DEBUG - Cache miss for key: dnd_item_monsters_mimic
2026-09-12 15:14:42,886 - src.core.resources - DEBUG - Prefetching item details: monsters/mimic
2026-09-12 15:14:42,887 - urllib3.connectionpool - DEBUG - Starting new HTTPS connection (1): www.dnd5eapi.co:443
2026-09-12 15:14:42,887 - urllib3.connectionpool - DEBUG - Starting new HTTPS connection (1): www.dnd5eapi.co:443
2026-09-12 15:14:42,899 - urllib3.connectionpool - DEBUG - https://www.dnd5eapi.co:443 "GET /api/2014/equipment/signal-whistle HTTP/1.1" 200 481
2026-09-12 15:14:42,900 - src.core.cache - DEBUG - Cached value for key: dnd_item_equipment_signal-whistle
2026-09-12 15:14:42,906 - src.core.cache - DEBUG - Cache miss for key: dnd_item_equipment_signet-ring
2026-09-12 15:14:42,906 - src.core.resources - DEBUG - Prefetching item details: equipment/signet-ring
2026-09-12 15:14:42,907 - urllib3.connectionpool - DEBUG - Starting new HTTPS connection (1): www.dnd5eapi.co:443
2026-09-12 15:14:43,216 - urllib3.connectionpool - DEBUG - https://www.dnd5eapi.co:443 "GET /api/monsters/mimic HTTP/1.1" 301 58
2026-09-12 15:14:43,219 - urllib3.connectionpool - DEBUG - https://www.dnd5eapi.co:443 "GET /api/spells/mass-suggestion HTTP/1.1" 301 66
2026-09-12 15:14:43,232 - urllib3.connectionpool - DEBUG - https://www.dnd5eapi.co:443 "GET /api/equipment/signet-ring HTTP/1.1" 301 65
2026-09-12 15:14:43,326 - urllib3.connectionpool - DEBUG - https://www.dnd5eapi.co:443 "GET /api/2014/monsters/mimic HTTP/1.1" 200 2554
2026-09-12 15:14:43,327 - src.core.cache - DEBUG - Cached value for key: dnd_item_monsters_mimic
2026-09-12 15:14:43,331 - urllib3.connectionpool - DEBUG - https://www.dnd5eapi.co:443 "GET /api/2014/spells/mass-suggestion HTTP/1.1" 200 2344
2026-09-12 15:14:43,332 - src.core.cache - DEBUG - Cached value for key: dnd_item_spells_mass-suggestion
2026-09-12 15:14:43,334 - src.core.cache - DEBUG - Cache miss for key: dnd_item_monsters_minotaur
2026-09-12 15:14:43,334 - src.core.cache - DEBUG - Cache miss for key: dnd_item_spells_maze
2026-09-12 15:14:43,334 - src.core.resources - DEBUG - Prefetching item details: monsters/minotaur
2026-09-12 15:14:43,334 - src.core.resources - DEBUG - Prefetching item details: spells/maze
2026-09-12 15:14:43,335 - urllib3.connectionpool - DEBUG - Starting new HTTPS connection (1): www.dnd5eapi.co:443
2026-09-12 15:14:43,336 - urllib3.connectionpool - DEBUG - Starting new HTTPS connection (1): www.dnd5eapi.co:443
2026-09-12 15:14:43,349 - urllib3.connectionpool - DEBUG - https://www.dnd5eapi.co:443 "GET /api/2014/equipment/signet-ring HTTP/1.1" 200 472
2026-09-12 15:14:43,350 - src.core.cache - DEBUG - Cached value for key: dnd_item_equipment_signet-ring
2026-09-12 15:14:43,357 - src.core.cache - DEBUG - Cache miss for key: dnd_item_equipment_sled
2026-09-12 15:14:43,357 - src.core.resources - DEBUG - Prefetching item details: equipment/sled
2026-09-12 15:14:43,358 - urllib3.connectionpool - DEBUG - Starting new HTTPS connection (1): www.dnd5eapi.co:443
2026-09-12 15:14:43,661 - urllib3.connectionpool - DEBUG - https://www.dnd5eapi.co:443 "GET /api/monsters/minotaur HTTP/1.1" 301 61
2026-09-12 15:14:43,666 - urllib3.connectionpool - DEBUG - https://www.dnd5eapi.co:443 "GET /api/spells/maze HTTP/1.1" 301 55
2026-09-12 15:14:43,706 - urllib3.connectionpool - DEBUG - https://www.dnd5eapi.co:443 "GET /api/equipment/sled HTTP/1.1" 301 58
2026-09-12 15:14:43,770 - urllib3.connectionpool - DEBUG - https://www.dnd5eapi.co:443 "GET /api/2014/monsters/minotaur HTTP/1.1" 200 2147
2026-09-12 15:14:43,771 - src.core.cache - DEBUG - Cached value for key: dnd_item_monsters_minotaur
2026-09-12 15:14:43,773 - urllib3.connectionpool - DEBUG - https://www.dnd5eapi.co:443 "GET /api/2014/spells/maze HTTP/1.1" 200 960
2026-09-12 15:14:43,774 - src.core.cache - DEBUG - Cached value for key: dnd_item_spells_maze
2026-09-12 15:14:43,778 - src.core.cache - DEBUG - Cache miss for key: dnd_item_spells_meld-into-stone
2026-09-12 15:14:43,778 - src.core.resources - DEBUG - Prefetching item details: spells/meld-into-stone
2026-09-12 15:14:43,778 - src.core.cache - DEBUG - Cache miss for key: dnd_item_monsters_minotaur-skeleton
2026-09-12 15:14:43,779 - urllib3.connectionpool - DEBUG - Starting new HTTPS connection (1): www.dnd5eapi.co:443
2026-09-12 15:14:43,779 - src.core.resources - DEBUG - Prefetching item details: monsters/minotaur-skeleton
2026-09-12 15:14:43,779 - urllib3.connectionpool - DEBUG - Starting new HTTPS connection (1): www.dnd5eapi.co:443
2026-09-12 15:14:43,813 - urllib3.connectionpool - DEBUG - https://www.dnd5eapi.co:443 "GET /api/2014/equipment/sled HTTP/1.1" 200 400
2026-09-12 15:14:43,814 - src.core.cache - DEBUG - Cached value for key: dnd_item_equipment_sled
2026-09-12 15:14:43,821 - src.core.cache - DEBUG - Cache miss for key: dnd_item_equipment_sling
2026-09-12 15:14:43,821 - src.core.resources - DEBUG - Prefetching item details: equipment/sling
2026-09-12 15:14:43,822 - urllib3.connectionpool - DEBUG - Starting new HTTPS connection (1): www.dnd5eapi.co:443
2026-09-12 15:14:44,104 - urllib3.connectionpool - DEBUG - https://www.dnd5eapi.co:443 "GET /api/spells/meld-into-stone HTTP/1.1" 301 66
2026-09-12 15:14:44,110 - urllib3.connectionpool - DEBUG - https://www.dnd5eapi.co:443 "GET /api/monsters/minotaur-skeleton HTTP/1.1" 301 70
2026-09-12 15:14:44,147 - urllib3.connectionpool - DEBUG - https://www.dnd5eapi.co:443 "GET /api/equipment/sling HTTP/1.1" 301 59
2026-09-12 15:14:44,214 - urllib3.connectionpool - DEBUG - https://www.dnd5eapi.co:443 "GET /api/2014/spells/meld-into-stone HTTP/1.1" 200 1751
2026-09-12 15:14:44,215 - src.core.cache - DEBUG - Cached value for key: dnd_item_spells_meld-into-stone
2026-09-12 15:14:44,219 - urllib3.connectionpool - DEBUG - https://www.dnd5eapi.co:443 "GET /api/2014/monsters/minotaur-skeleton HTTP/1.1" 200 1907
2026-09-12 15:14:44,220 - src.core.cache - DEBUG - Cached value for key: dnd_item_monsters_minotaur-skeleton
2026-09-12 15:14:44,222 - src.core.cache - DEBUG - Cache miss for key: dnd_item_monsters_mule
2026-09-12 15:14:44,223 - src.core.resources - DEBUG - Prefetching item details: monsters/mule
2026-09-12 15:14:44,223 - src.core.cache - DEBUG - Cache miss for key: dnd_item_spells_mending
2026-09-12 15:14:44,223 - src.core.resources - DEBUG - Prefetching item details: spells/mending
2026-09-12 15:14:44,224 - urllib3.connectionpool - DEBUG - Starting new HTTPS connection (1): www.dnd5eapi.co:443
2026-09-12 15:14:44,224 - urllib3.connectionpool - DEBUG - Starting new HTTPS connection (1): www.dnd5eapi.co:443
2026-09-12 15:14:44,255 - urllib3.connectionpool - DEBUG - https://www.dnd5eapi.co:443 "GET /api/2014/equipment/sling HTTP/1.1" 200 645
2026-09-12 15:14:44,256 - src.core.cache - DEBUG - Cached value for key: dnd_item_equipment_sling
2026-09-12 15:14:44,263 - src.core.cache - DEBUG - Cache miss for key: dnd_item_equipment_sling-bullet
2026-09-12 15:14:44,263 - src.core.resources - DEBUG - Prefetching item details: equipment/sling-bullet
2026-09-12 15:14:44,263 - urllib3.connectionpool - DEBUG - Starting new HTTPS connection (1): www.dnd5eapi.co:443
2026-09-12 15:14:44,551 - urllib3.connectionpool - DEBUG - https://www.dnd5eapi.co:443 "GET /api/spells/mending HTTP/1.1" 301 58
2026-09-12 15:14:44,553 - urllib3.connectionpool - DEBUG - https://www.dnd5eapi.co:443 "GET /api/monsters/mule HTTP/1.1" 301 57
2026-09-12 15:14:44,587 - urllib3.connectionpool - DEBUG - https://www.dnd5eapi.co:443 "GET /api/equipment/sling-bullet HTTP/1.1" 301 66
2026-09-12 15:14:44,659 - urllib3.connectionpool - DEBUG - https://www.dnd5eapi.co:443 "GET /api/2014/spells/mending HTTP/1.1" 200 1207
2026-09-12 15:14:44,659 - urllib3.connectionpool - DEBUG - https://www.dnd5eapi.co:443 "GET /api/2014/monsters/mule HTTP/1.1" 200 1310
2026-09-12 15:14:44,662 - src.core.cache - DEBUG - Cached value for key: dnd_item_spells_mending
2026-09-12 15:14:44,662 - src.core.cache - DEBUG - Cached value for key: dnd_item_monsters_mule
2026-09-12 15:14:44,669 - src.core.cache - DEBUG - Cache miss for key: dnd_item_monsters_mummy
2026-09-12 15:14:44,669 - src.core.resources - DEBUG - Prefetching item details: monsters/mummy
2026-09-12 15:14:44,670 - src.core.cache - DEBUG - Cache miss for key: dnd_item_spells_message
2026-09-12 15:14:44,670 - src.core.resources - DEBUG - Prefetching item details: spells/message
2026-09-12 15:14:44,670 - urllib3.connectionpool - DEBUG - Starting new HTTPS connection (1): www.dnd5eapi.co:443
2026-09-12 15:14:44,671 - urllib3.connectionpool - DEBUG - Starting new HTTPS connection (1): www.dnd5eapi.co:443
2026-09-12 15:14:44,694 - urllib3.connectionpool - DEBUG - https://www.dnd5eapi.co:443 "GET /api/2014/equipment/sling-bullet HTTP/1.1" 200 482
2026-09-12 15:14:44,695 - src.core.cache - DEBUG - Cached value for key: dnd_item_equipment_sling-bullet
2026-09-12 15:14:44,701 - src.core.cache - DEBUG - Cache miss for key: dnd_item_equipment_small-knife
2026-09-12 15:14:44,701 - src.core.resources - DEBUG - Prefetching item details: equipment/small-knife
2026-09-12 15:14:44,702 - urllib3.connectionpool - DEBUG - Starting new HTTPS connection (1): www.dnd5eapi.co:443
2026-09-12 15:14:45,003 - urllib3.connectionpool - DEBUG - https://www.dnd5eapi.co:443 "GET /api/monsters/mummy HTTP/1.1" 301 58
2026-09-12 15:14:45,004 - urllib3.connectionpool - DEBUG - https://www.dnd5eapi.co:443 "GET /api/spells/message HTTP/1.1" 301 58
2026-09-12 15:14:45,027 - urllib3.connectionpool - DEBUG - https://www.dnd5eapi.co:443 "GET /api/equipment/small-knife HTTP/1.1" 301 65
2026-09-12 15:14:45,112 - urllib3.connectionpool - DEBUG - https://www.dnd5eapi.co:443 "GET /api/2014/spells/message HTTP/1.1" 200 1241
2026-09-12 15:14:45,112 - urllib3.connectionpool - DEBUG - https://www.dnd5eapi.co:443 "GET /api/2014/monsters/mummy HTTP/1.1" 200 3161
2026-09-12 15:14:45,114 - src.core.cache - DEBUG - Cached value for key: dnd_item_spells_message
2026-09-12 15:14:45,115 - src.core.cache - DEBUG - Cached value for key: dnd_item_monsters_mummy
2026-09-12 15:14:45,125 - src.core.cache - DEBUG - Cache miss for key: dnd_item_spells_meteor-swarm
2026-09-12 15:14:45,125 - src.core.resources - DEBUG - Prefetching item details: spells/meteor-swarm
2026-09-12 15:14:45,125 - src.core.cache - DEBUG - Cache miss for key: dnd_item_monsters_mummy-lord
2026-09-12 15:14:45,126 - src.core.resources - DEBUG - Prefetching item details: monsters/mummy-lord
2026-09-12 15:14:45,127 - urllib3.connectionpool - DEBUG - Starting new HTTPS connection (1): www.dnd5eapi.co:443
2026-09-12 15:14:45,127 - urllib3.connectionpool - DEBUG - Starting new HTTPS connection (1): www.dnd5eapi.co:443
2026-09-12 15:14:45,133 - urllib3.connectionpool - DEBUG - https://www.dnd5eapi.co:443 "GET /api/2014/equipment/small-knife HTTP/1.1" 200 525
2026-09-12 15:14:45,135 - src.core.cache - DEBUG - Cached value for key: dnd_item_equipment_small-knife
2026-09-12 15:14:45,141 - src.core.cache - DEBUG - Cache miss for key: dnd_item_equipment_smiths-tools
2026-09-12 15:14:45,141 - src.core.resources - DEBUG - Prefetching item details: equipment/smiths-tools
2026-09-12 15:14:45,142 - urllib3.connectionpool - DEBUG - Starting new HTTPS connection (1): www.dnd5eapi.co:443
2026-09-12 15:14:45,453 - urllib3.connectionpool - DEBUG - https://www.dnd5eapi.co:443 "GET /api/spells/meteor-swarm HTTP/1.1" 301 63
2026-09-12 15:14:45,468 - urllib3.connectionpool - DEBUG - https://www.dnd5eapi.co:443 "GET /api/monsters/mummy-lord HTTP/1.1" 301 63
2026-09-12 15:14:45,472 - urllib3.connectionpool - DEBUG - https://www.dnd5eapi.co:443 "GET /api/equipment/smiths-tools HTTP/1.1" 301 66
2026-09-12 15:14:45,560 - urllib3.connectionpool - DEBUG - https://www.dnd5eapi.co:443 "GET /api/2014/spells/meteor-swarm HTTP/1.1" 200 1382
2026-09-12 15:14:45,562 - src.core.cache - DEBUG - Cached value for key: dnd_item_spells_meteor-swarm
2026-09-12 15:14:45,568 - src.core.cache - DEBUG - Cache miss for key: dnd_item_spells_mind-blank
2026-09-12 15:14:45,568 - src.core.resources - DEBUG - Prefetching item details: spells/mind-blank
2026-09-12 15:14:45,569 - urllib3.connectionpool - DEBUG - Starting new HTTPS connection (1): www.dnd5eapi.co:443
2026-09-12 15:14:45,577 - urllib3.connectionpool - DEBUG - https://www.dnd5eapi.co:443 "GET /api/2014/monsters/mummy-lord HTTP/1.1" 200 7707
2026-09-12 15:14:45,579 - src.core.cache - DEBUG - Cached value for key: dnd_item_monsters_mummy-lord
2026-09-12 15:14:45,579 - urllib3.connectionpool - DEBUG - https://www.dnd5eapi.co:443 "GET /api/2014/equipment/smiths-tools HTTP/1.1" 200 744
2026-09-12 15:14:45,581 - src.core.cache - DEBUG - Cached value for key: dnd_item_equipment_smiths-tools
2026-09-12 15:14:45,588 - src.core.cache - DEBUG - Cache miss for key: dnd_item_monsters_nalfeshnee
2026-09-12 15:14:45,589 - src.core.resources - DEBUG - Prefetching item details: monsters/nalfeshnee
2026-09-12 15:14:45,589 - src.core.cache - DEBUG - Cache miss for key: dnd_item_equipment_soap
2026-09-12 15:14:45,589 - src.core.resources - DEBUG - Prefetching item details: equipment/soap
2026-09-12 15:14:45,591 - urllib3.connectionpool - DEBUG - Starting new HTTPS connection (1): www.dnd5eapi.co:443
2026-09-12 15:14:45,591 - urllib3.connectionpool - DEBUG - Starting new HTTPS connection (1): www.dnd5eapi.co:443
2026-09-12 15:14:45,899 - urllib3.connectionpool - DEBUG - https://www.dnd5eapi.co:443 "GET /api/spells/mind-blank HTTP/1.1" 301 61
2026-09-12 15:14:45,921 - urllib3.connectionpool - DEBUG - https://www.dnd5eapi.co:443 "GET /api/equipment/soap HTTP/1.1" 301 58
2026-09-12 15:14:45,931 - urllib3.connectionpool - DEBUG - https://www.dnd5eapi.co:443 "GET /api/monsters/nalfeshnee HTTP/1.1" 301 63
2026-09-12 15:14:46,006 - urllib3.connectionpool - DEBUG - https://www.dnd5eapi.co:443 "GET /api/2014/spells/mind-blank HTTP/1.1" 200 871
2026-09-12 15:14:46,007 - src.core.cache - DEBUG - Cached value for key: dnd_item_spells_mind-blank
2026-09-12 15:14:46,014 - src.core.cache - DEBUG - Cache miss for key: dnd_item_spells_minor-illusion
2026-09-12 15:14:46,014 - src.core.resources - DEBUG - Prefetching item details: spells/minor-illusion
2026-09-12 15:14:46,014 - urllib3.connectionpool - DEBUG - Starting new HTTPS connection (1): www.dnd5eapi.co:443
2026-09-12 15:14:46,028 - urllib3.connectionpool - DEBUG - https://www.dnd5eapi.co:443 "GET /api/2014/equipment/soap HTTP/1.1" 200 451
2026-09-12 15:14:46,030 - src.core.cache - DEBUG - Cached value for key: dnd_item_equipment_soap
2026-09-12 15:14:46,037 - src.core.cache - DEBUG - Cache miss for key: dnd_item_equipment_spear
2026-09-12 15:14:46,037 - src.core.resources - DEBUG - Prefetching item details: equipment/spear
2026-09-12 15:14:46,038 - urllib3.connectionpool - DEBUG - Starting new HTTPS connection (1): www.dnd5eapi.co:443
2026-09-12 15:14:46,039 - urllib3.connectionpool - DEBUG - https://www.dnd5eapi.co:443 "GET /api/2014/monsters/nalfeshnee HTTP/1.1" 200 3499
2026-09-12 15:14:46,040 - src.core.cache - DEBUG - Cached value for key: dnd_item_monsters_nalfeshnee
2026-09-12 15:14:46,047 - src.core.cache - DEBUG - Cache miss for key: dnd_item_monsters_night-hag
2026-09-12 15:14:46,047 - src.core.resources - DEBUG - Prefetching item details: monsters/night-hag
2026-09-12 15:14:46,048 - urllib3.connectionpool - DEBUG - Starting new HTTPS connection (1): www.dnd5eapi.co:443
2026-09-12 15:14:46,338 - urllib3.connectionpool - DEBUG - https://www.dnd5eapi.co:443 "GET /api/spells/minor-illusion HTTP/1.1" 301 65
2026-09-12 15:14:46,365 - urllib3.connectionpool - DEBUG - https://www.dnd5eapi.co:443 "GET /api/equipment/spear HTTP/1.1" 301 59
2026-09-12 15:14:46,374 - urllib3.connectionpool - DEBUG - https://www.dnd5eapi.co:443 "GET /api/monsters/night-hag HTTP/1.1" 301 62
2026-09-12 15:14:46,446 - urllib3.connectionpool - DEBUG - https://www.dnd5eapi.co:443 "GET /api/2014/spells/minor-illusion HTTP/1.1" 200 1857
2026-09-12 15:14:46,447 - src.core.cache - DEBUG - Cached value for key: dnd_item_spells_minor-illusion
2026-09-12 15:14:46,454 - src.core.cache - DEBUG - Cache miss for key: dnd_item_spells_mirage-arcane
2026-09-12 15:14:46,454 - src.core.resources - DEBUG - Prefetching item details: spells/mirage-arcane
2026-09-12 15:14:46,455 - urllib3.connectionpool - DEBUG - Starting new HTTPS connection (1): www.dnd5eapi.co:443
2026-09-12 15:14:46,472 - urllib3.connectionpool - DEBUG - https://www.dnd5eapi.co:443 "GET /api/2014/equipment/spear HTTP/1.1" 200 942
2026-09-12 15:14:46,473 - src.core.cache - DEBUG - Cached value for key: dnd_item_equipment_spear
2026-09-12 15:14:46,479 - src.core.cache - DEBUG - Cache miss for key: dnd_item_equipment_spellbook
2026-09-12 15:14:46,479 - src.core.resources - DEBUG - Prefetching item details: equipment/spellbook
2026-09-12 15:14:46,480 - urllib3.connectionpool - DEBUG - Starting new HTTPS connection (1): www.dnd5eapi.co:443
2026-09-12 15:14:46,481 - urllib3.connectionpool - DEBUG - https://www.dnd5eapi.co:443 "GET /api/2014/monsters/night-hag HTTP/1.1" 200 5112
2026-09-12 15:14:46,482 - src.core.cache - DEBUG - Cached value for key: dnd_item_monsters_night-hag
2026-09-12 15:14:46,489 - src.core.cache - DEBUG - Cache miss for key: dnd_item_monsters_nightmare
2026-09-12 15:14:46,489 - src.core.resources - DEBUG - Prefetching item details: monsters/nightmare
2026-09-12 15:14:46,489 - urllib3.connectionpool - DEBUG - Starting new HTTPS connection (1): www.dnd5eapi.co:443
2026-09-12 15:14:46,793 - urllib3.connectionpool - DEBUG - https://www.dnd5eapi.co:443 "GET /api/spells/mirage-arcane HTTP/1.1" 301 64
2026-09-12 15:14:46,807 - urllib3.connectionpool - DEBUG - https://www.dnd5eapi.co:443 "GET /api/equipment/spellbook HTTP/1.1" 301 63
2026-09-12 15:14:46,814 - urllib3.connectionpool - DEBUG - https://www.dnd5eapi.co:443 "GET /api/monsters/nightmare HTTP/1.1" 301 62
2026-09-12 15:14:46,901 - urllib3.connectionpool - DEBUG - https://www.dnd5eapi.co:443 "GET /api/2014/spells/mirage-arcane HTTP/1.1" 200 1787
2026-09-12 15:14:46,902 - src.core.cache - DEBUG - Cached value for key: dnd_item_spells_mirage-arcane
2026-09-12 15:14:46,910 - src.core.cache - DEBUG - Cache miss for key: dnd_item_spells_mirror-image
2026-09-12 15:14:46,910 - src.core.resources - DEBUG - Prefetching item details: spells/mirror-image
2026-09-12 15:14:46,910 - urllib3.connectionpool - DEBUG - Starting new HTTPS connection (1): www.dnd5eapi.co:443
2026-09-12 15:14:46,915 - urllib3.connectionpool - DEBUG - https://www.dnd5eapi.co:443 "GET /api/2014/equipment/spellbook HTTP/1.1" 200 586
2026-09-12 15:14:46,916 - src.core.cache - DEBUG - Cached value for key: dnd_item_equipment_spellbook
2026-09-12 15:14:46,921 - urllib3.connectionpool - DEBUG - https://www.dnd5eapi.co:443 "GET /api/2014/monsters/nightmare HTTP/1.1" 200 1713
2026-09-12 15:14:46,923 - src.core.cache - DEBUG - Cached value for key: dnd_item_monsters_nightmare
2026-09-12 15:14:46,924 - src.core.cache - DEBUG - Cache miss for key: dnd_item_equipment_spike-iron
2026-09-12 15:14:46,924 - src.core.resources - DEBUG - Prefetching item details: equipment/spike-iron
2026-09-12 15:14:46,924 - src.core.cache - DEBUG - Cache miss for key: dnd_item_monsters_noble
2026-09-12 15:14:46,924 - src.core.resources - DEBUG - Prefetching item details: monsters/noble
2026-09-12 15:14:46,925 - urllib3.connectionpool - DEBUG - Starting new HTTPS connection (1): www.dnd5eapi.co:443
2026-09-12 15:14:46,925 - urllib3.connectionpool - DEBUG - Starting new HTTPS connection (1): www.dnd5eapi.co:443
2026-09-12 15:14:47,235 - urllib3.connectionpool - DEBUG - https://www.dnd5eapi.co:443 "GET /api/spells/mirror-image HTTP/1.1" 301 63
2026-09-12 15:14:47,276 - urllib3.connectionpool - DEBUG - https://www.dnd5eapi.co:443 "GET /api/equipment/spike-iron HTTP/1.1" 301 64
2026-09-12 15:14:47,277 - urllib3.connectionpool - DEBUG - https://www.dnd5eapi.co:443 "GET /api/monsters/noble HTTP/1.1" 301 58
2026-09-12 15:14:47,343 - urllib3.connectionpool - DEBUG - https://www.dnd5eapi.co:443 "GET /api/2014/spells/mirror-image HTTP/1.1" 200 1830
2026-09-12 15:14:47,345 - src.core.cache - DEBUG - Cached value for key: dnd_item_spells_mirror-image
2026-09-12 15:14:47,353 - src.core.cache - DEBUG - Cache miss for key: dnd_item_spells_mislead
2026-09-12 15:14:47,353 - src.core.resources - DEBUG - Prefetching item details: spells/mislead
2026-09-12 15:14:47,354 - urllib3.connectionpool - DEBUG - Starting new HTTPS connection (1): www.dnd5eapi.co:443
2026-09-12 15:14:47,384 - urllib3.connectionpool - DEBUG - https://www.dnd5eapi.co:443 "GET /api/2014/equipment/spike-iron HTTP/1.1" 200 470
2026-09-12 15:14:47,385 - urllib3.connectionpool - DEBUG - https://www.dnd5eapi.co:443 "GET /api/2014/monsters/noble HTTP/1.1" 200 2059
2026-09-12 15:14:47,385 - src.core.cache - DEBUG - Cached value for key: dnd_item_equipment_spike-iron
2026-09-12 15:14:47,387 - src.core.cache - DEBUG - Cached value for key: dnd_item_monsters_noble
2026-09-12 15:14:47,393 - src.core.cache - DEBUG - Cache miss for key: dnd_item_monsters_ochre-jelly
2026-09-12 15:14:47,394 - src.core.cache - DEBUG - Cache miss for key: dnd_item_equipment_splint-armor
2026-09-12 15:14:47,394 - src.core.resources - DEBUG - Prefetching item details: equipment/splint-armor
2026-09-12 15:14:47,394 - src.core.resources - DEBUG - Prefetching item details: monsters/ochre-jelly
2026-09-12 15:14:47,395 - urllib3.connectionpool - DEBUG - Starting new HTTPS connection (1): www.dnd5eapi.co:443
2026-09-12 15:14:47,395 - urllib3.connectionpool - DEBUG - Starting new HTTPS connection (1): www.dnd5eapi.co:443
2026-09-12 15:14:47,677 - urllib3.connectionpool - DEBUG - https://www.dnd5eapi.co:443 "GET /api/spells/mislead HTTP/1.1" 301 58
2026-09-12 15:14:47,720 - urllib3.connectionpool - DEBUG - https://www.dnd5eapi.co:443 "GET /api/equipment/splint-armor HTTP/1.1" 301 66
2026-09-12 15:14:47,740 - urllib3.connectionpool - DEBUG - https://www.dnd5eapi.co:443 "GET /api/monsters/ochre-jelly HTTP/1.1" 301 64
2026-09-12 15:14:47,783 - urllib3.connectionpool - DEBUG - https://www.dnd5eapi.co:443 "GET /api/2014/spells/mislead HTTP/1.1" 200 1157
2026-09-12 15:14:47,784 - src.core.cache - DEBUG - Cached value for key: dnd_item_spells_mislead
2026-09-12 15:14:47,791 - src.core.cache - DEBUG - Cache miss for key: dnd_item_spells_misty-step
2026-09-12 15:14:47,791 - src.core.resources - DEBUG - Prefetching item details: spells/misty-step
2026-09-12 15:14:47,792 - urllib3.connectionpool - DEBUG - Starting new HTTPS connection (1): www.dnd5eapi.co:443
2026-09-12 15:14:47,828 - urllib3.connectionpool - DEBUG - https://www.dnd5eapi.co:443 "GET /api/2014/equipment/splint-armor HTTP/1.1" 200 441
2026-09-12 15:14:47,829 - src.core.cache - DEBUG - Cached value for key: dnd_item_equipment_splint-armor
2026-09-12 15:14:47,836 - src.core.cache - DEBUG - Cache miss for key: dnd_item_equipment_sprig-of-mistletoe
2026-09-12 15:14:47,836 - src.core.resources - DEBUG - Prefetching item details: equipment/sprig-of-mistletoe
2026-09-12 15:14:47,837 - urllib3.connectionpool - DEBUG - Starting new HTTPS connection (1): www.dnd5eapi.co:443
2026-09-12 15:14:47,848 - urllib3.connectionpool - DEBUG - https://www.dnd5eapi.co:443 "GET /api/2014/monsters/ochre-jelly HTTP/1.1" 200 2306
2026-09-12 15:14:47,849 - src.core.cache - DEBUG - Cached value for key: dnd_item_monsters_ochre-jelly
2026-09-12 15:14:47,856 - src.core.cache - DEBUG - Cache miss for key: dnd_item_monsters_octopus
2026-09-12 15:14:47,856 - src.core.resources - DEBUG - Prefetching item details: monsters/octopus
2026-09-12 15:14:47,857 - urllib3.connectionpool - DEBUG - Starting new HTTPS connection (1): www.dnd5eapi.co:443
2026-09-12 15:14:48,123 - urllib3.connectionpool - DEBUG - https://www.dnd5eapi.co:443 "GET /api/spells/misty-step HTTP/1.1" 301 61
2026-09-12 15:14:48,160 - urllib3.connectionpool - DEBUG - https://www.dnd5eapi.co:443 "GET /api/equipment/sprig-of-mistletoe HTTP/1.1" 301 72
2026-09-12 15:14:48,200 - urllib3.connectionpool - DEBUG - https://www.dnd5eapi.co:443 "GET /api/monsters/octopus HTTP/1.1" 301 60
2026-09-12 15:14:48,232 - urllib3.connectionpool - DEBUG - https://www.dnd5eapi.co:443 "GET /api/2014/spells/misty-step HTTP/1.1" 200 859
2026-09-12 15:14:48,233 - src.core.cache - DEBUG - Cached value for key: dnd_item_spells_misty-step
2026-09-12 15:14:48,239 - src.core.cache - DEBUG - Cache miss for key: dnd_item_spells_modify-memory
2026-09-12 15:14:48,240 - src.core.resources - DEBUG - Prefetching item details: spells/modify-memory
2026-09-12 15:14:48,240 - urllib3.connectionpool - DEBUG - Starting new HTTPS connection (1): www.dnd5eapi.co:443
2026-09-12 15:14:48,266 - urllib3.connectionpool - DEBUG - https://www.dnd5eapi.co:443 "GET /api/2014/equipment/sprig-of-mistletoe HTTP/1.1" 200 785
2026-09-12 15:14:48,267 - src.core.cache - DEBUG - Cached value for key: dnd_item_equipment_sprig-of-mistletoe
2026-09-12 15:14:48,274 - src.core.cache - DEBUG - Cache miss for key: dnd_item_equipment_spyglass
2026-09-12 15:14:48,274 - src.core.resources - DEBUG - Prefetching item details: equipment/spyglass
2026-09-12 15:14:48,275 - urllib3.connectionpool - DEBUG - Starting new HTTPS connection (1): www.dnd5eapi.co:443
2026-09-12 15:14:48,309 - urllib3.connectionpool - DEBUG - https://www.dnd5eapi.co:443 "GET /api/2014/monsters/octopus HTTP/1.1" 200 2145
2026-09-12 15:14:48,310 - src.core.cache - DEBUG - Cached value for key: dnd_item_monsters_octopus
2026-09-12 15:14:48,316 - src.core.cache - DEBUG - Cache miss for key: dnd_item_monsters_ogre
2026-09-12 15:14:48,316 - src.core.resources - DEBUG - Prefetching item details: monsters/ogre
2026-09-12 15:14:48,317 - urllib3.connectionpool - DEBUG - Starting new HTTPS connection (1): www.dnd5eapi.co:443
2026-09-12 15:14:48,602 - urllib3.connectionpool - DEBUG - https://www.dnd5eapi.co:443 "GET /api/equipment/spyglass HTTP/1.1" 301 62
2026-09-12 15:14:48,603 - urllib3.connectionpool - DEBUG - https://www.dnd5eapi.co:443 "GET /api/spells/modify-memory HTTP/1.1" 301 64
2026-09-12 15:14:48,645 - urllib3.connectionpool - DEBUG - https://www.dnd5eapi.co:443 "GET /api/monsters/ogre HTTP/1.1" 301 57
2026-09-12 15:14:48,710 - urllib3.connectionpool - DEBUG - https://www.dnd5eapi.co:443 "GET /api/2014/spells/modify-memory HTTP/1.1" 200 2697
2026-09-12 15:14:48,711 - urllib3.connectionpool - DEBUG - https://www.dnd5eapi.co:443 "GET /api/2014/equipment/spyglass HTTP/1.1" 200 536
2026-09-12 15:14:48,713 - src.core.cache - DEBUG - Cached value for key: dnd_item_equipment_spyglass
2026-09-12 15:14:48,714 - src.core.cache - DEBUG - Cached value for key: dnd_item_spells_modify-memory
2026-09-12 15:14:48,721 - src.core.cache - DEBUG - Cache miss for key: dnd_item_equipment_stabling-1-day
2026-09-12 15:14:48,721 - src.core.resources - DEBUG - Prefetching item details: equipment/stabling-1-day
2026-09-12 15:14:48,721 - src.core.cache - DEBUG - Cache miss for key: dnd_item_spells_moonbeam
2026-09-12 15:14:48,721 - src.core.resources - DEBUG - Prefetching item details: spells/moonbeam
2026-09-12 15:14:48,722 - urllib3.connectionpool - DEBUG - Starting new HTTPS connection (1): www.dnd5eapi.co:443
2026-09-12 15:14:48,723 - urllib3.connectionpool - DEBUG - Starting new HTTPS connection (1): www.dnd5eapi.co:443
2026-09-12 15:14:48,755 - urllib3.connectionpool - DEBUG - https://www.dnd5eapi.co:443 "GET /api/2014/monsters/ogre HTTP/1.1" 200 1450
2026-09-12 15:14:48,757 - src.core.cache - DEBUG - Cached value for key: dnd_item_monsters_ogre
2026-09-12 15:14:48,764 - src.core.cache - DEBUG - Cache miss for key: dnd_item_monsters_ogre-zombie
2026-09-12 15:14:48,764 - src.core.resources - DEBUG - Prefetching item details: monsters/ogre-zombie
2026-09-12 15:14:48,765 - urllib3.connectionpool - DEBUG - Starting new HTTPS connection (1): www.dnd5eapi.co:443
2026-09-12 15:14:49,050 - urllib3.connectionpool - DEBUG - https://www.dnd5eapi.co:443 "GET /api/equipment/stabling-1-day HTTP/1.1" 301 68
2026-09-12 15:14:49,068 - urllib3.connectionpool - DEBUG - https://www.dnd5eapi.co:443 "GET /api/spells/moonbeam HTTP/1.1" 301 59
2026-09-12 15:14:49,090 - urllib3.connectionpool - DEBUG - https://www.dnd5eapi.co:443 "GET /api/monsters/ogre-zombie HTTP/1.1" 301 64
2026-09-12 15:14:49,156 - urllib3.connectionpool - DEBUG - https://www.dnd5eapi.co:443 "GET /api/2014/equipment/stabling-1-day HTTP/1.1" 200 429
2026-09-12 15:14:49,157 - src.core.cache - DEBUG - Cached value for key: dnd_item_equipment_stabling-1-day
2026-09-12 15:14:49,166 - src.core.cache - DEBUG - Cache miss for key: dnd_item_equipment_staff
2026-09-12 15:14:49,166 - src.core.resources - DEBUG - Prefetching item details: equipment/staff
2026-09-12 15:14:49,167 - urllib3.connectionpool - DEBUG - Starting new HTTPS connection (1): www.dnd5eapi.co:443
2026-09-12 15:14:49,175 - urllib3.connectionpool - DEBUG - https://www.dnd5eapi.co:443 "GET /api/2014/spells/moonbeam HTTP/1.1" 200 1878
2026-09-12 15:14:49,176 - src.core.cache - DEBUG - Cached value for key: dnd_item_spells_moonbeam
2026-09-12 15:14:49,183 - src.core.cache - DEBUG - Cache miss for key: dnd_item_spells_move-earth
2026-09-12 15:14:49,183 - src.core.resources - DEBUG - Prefetching item details: spells/move-earth
2026-09-12 15:14:49,184 - urllib3.connectionpool - DEBUG - Starting new HTTPS connection (1): www.dnd5eapi.co:443
2026-09-12 15:14:49,197 - urllib3.connectionpool - DEBUG - https://www.dnd5eapi.co:443 "GET /api/2014/monsters/ogre-zombie HTTP/1.1" 200 1599
2026-09-12 15:14:49,198 - src.core.cache - DEBUG - Cached value for key: dnd_item_monsters_ogre-zombie
2026-09-12 15:14:49,208 - src.core.cache - DEBUG - Cache miss for key: dnd_item_monsters_oni
2026-09-12 15:14:49,208 - src.core.resources - DEBUG - Prefetching item details: monsters/oni
2026-09-12 15:14:49,209 - urllib3.connectionpool - DEBUG - Starting new HTTPS connection (1): www.dnd5eapi.co:443
2026-09-12 15:14:49,495 - urllib3.connectionpool - DEBUG - https://www.dnd5eapi.co:443 "GET /api/equipment/staff HTTP/1.1" 301 59
2026-09-12 15:14:49,535 - urllib3.connectionpool - DEBUG - https://www.dnd5eapi.co:443 "GET /api/spells/move-earth HTTP/1.1" 301 61
2026-09-12 15:14:49,536 - urllib3.connectionpool - DEBUG - https://www.dnd5eapi.co:443 "GET /api/monsters/oni HTTP/1.1" 301 56
2026-09-12 15:14:49,603 - urllib3.connectionpool - DEBUG - https://www.dnd5eapi.co:443 "GET /api/2014/equipment/staff HTTP/1.1" 200 716
2026-09-12 15:14:49,605 - src.core.cache - DEBUG - Cached value for key: dnd_item_equipment_staff
2026-09-12 15:14:49,610 - src.core.cache - DEBUG - Cache miss for key: dnd_item_equipment_string-10-feet
2026-09-12 15:14:49,611 - src.core.resources - DEBUG - Prefetching item details: equipment/string-10-feet
2026-09-12 15:14:49,611 - urllib3.connectionpool - DEBUG - Starting new HTTPS connection (1): www.dnd5eapi.co:443
2026-09-12 15:14:49,644 - urllib3.connectionpool - DEBUG - https://www.dnd5eapi.co:443 "GET /api/2014/monsters/oni HTTP/1.1" 200 4827
2026-09-12 15:14:49,645 - src.core.cache - DEBUG - Cached value for key: dnd_item_monsters_oni
2026-09-12 15:14:49,646 - urllib3.connectionpool - DEBUG - https://www.dnd5eapi.co:443 "GET /api/2014/spells/move-earth HTTP/1.1" 200 1940
2026-09-12 15:14:49,648 - src.core.cache - DEBUG - Cached value for key: dnd_item_spells_move-earth
2026-09-12 15:14:49,654 - src.core.cache - DEBUG - Cache miss for key: dnd_item_monsters_orc
2026-09-12 15:14:49,654 - src.core.resources - DEBUG - Prefetching item details: monsters/orc
2026-09-12 15:14:49,655 - src.core.cache - DEBUG - Cache miss for key: dnd_item_spells_nondetection
2026-09-12 15:14:49,655 - src.core.resources - DEBUG - Prefetching item details: spells/nondetection
2026-09-12 15:14:49,656 - urllib3.connectionpool - DEBUG - Starting new HTTPS connection (1): www.dnd5eapi.co:443
2026-09-12 15:14:49,656 - urllib3.connectionpool - DEBUG - Starting new HTTPS connection (1): www.dnd5eapi.co:443
2026-09-12 15:14:49,953 - urllib3.connectionpool - DEBUG - https://www.dnd5eapi.co:443 "GET /api/equipment/string-10-feet HTTP/1.1" 301 68
2026-09-12 15:14:49,984 - urllib3.connectionpool - DEBUG - https://www.dnd5eapi.co:443 "GET /api/spells/nondetection HTTP/1.1" 301 63
2026-09-12 15:14:49,985 - urllib3.connectionpool - DEBUG - https://www.dnd5eapi.co:443 "GET /api/monsters/orc HTTP/1.1" 301 56
2026-09-12 15:14:50,059 - urllib3.connectionpool - DEBUG - https://www.dnd5eapi.co:443 "GET /api/2014/equipment/string-10-feet HTTP/1.1" 200 549
2026-09-12 15:14:50,060 - src.core.cache - DEBUG - Cached value for key: dnd_item_equipment_string-10-feet
2026-09-12 15:14:50,067 - src.core.cache - DEBUG - Cache miss for key: dnd_item_equipment_studded-leather-armor
2026-09-12 15:14:50,067 - src.core.resources - DEBUG - Prefetching item details: equipment/studded-leather-armor
2026-09-12 15:14:50,068 - urllib3.connectionpool - DEBUG - Starting new HTTPS connection (1): www.dnd5eapi.co:443
2026-09-12 15:14:50,090 - urllib3.connectionpool - DEBUG - https://www.dnd5eapi.co:443 "GET /api/2014/spells/nondetection HTTP/1.1" 200 1052
2026-09-12 15:14:50,092 - src.core.cache - DEBUG - Cached value for key: dnd_item_spells_nondetection
2026-09-12 15:14:50,093 - urllib3.connectionpool - DEBUG - https://www.dnd5eapi.co:443 "GET /api/2014/monsters/orc HTTP/1.1" 200 1727
2026-09-12 15:14:50,094 - src.core.cache - DEBUG - Cached value for key: dnd_item_monsters_orc
2026-09-12 15:14:50,099 - src.core.cache - DEBUG - Cache miss for key: dnd_item_spells_pass-without-trace
2026-09-12 15:14:50,099 - src.core.cache - DEBUG - Cache miss for key: dnd_item_monsters_otyugh
2026-09-12 15:14:50,099 - src.core.resources - DEBUG - Prefetching item details: monsters/otyugh
2026-09-12 15:14:50,099 - src.core.resources - DEBUG - Prefetching item details: spells/pass-without-trace
2026-09-12 15:14:50,100 - urllib3.connectionpool - DEBUG - Starting new HTTPS connection (1): www.dnd5eapi.co:443
2026-09-12 15:14:50,100 - urllib3.connectionpool - DEBUG - Starting new HTTPS connection (1): www.dnd5eapi.co:443
2026-09-12 15:14:50,414 - urllib3.connectionpool - DEBUG - https://www.dnd5eapi.co:443 "GET /api/equipment/studded-leather-armor HTTP/1.1" 301 75
2026-09-12 15:14:50,431 - urllib3.connectionpool - DEBUG - https://www.dnd5eapi.co:443 "GET /api/monsters/otyugh HTTP/1.1" 301 59
2026-09-12 15:14:50,431 - urllib3.connectionpool - DEBUG - https://www.dnd5eapi.co:443 "GET /api/spells/pass-without-trace HTTP/1.1" 301 69
2026-09-12 15:14:50,522 - urllib3.connectionpool - DEBUG - https://www.dnd5eapi.co:443 "GET /api/2014/equipment/studded-leather-armor HTTP/1.1" 200 466
2026-09-12 15:14:50,523 - src.core.cache - DEBUG - Cached value for key: dnd_item_equipment_studded-leather-armor
2026-09-12 15:14:50,530 - src.core.cache - DEBUG - Cache miss for key: dnd_item_equipment_tent-two-person
2026-09-12 15:14:50,530 - src.core.resources - DEBUG - Prefetching item details: equipment/tent-two-person
2026-09-12 15:14:50,530 - urllib3.connectionpool - DEBUG - Starting new HTTPS connection (1): www.dnd5eapi.co:443
2026-09-12 15:14:50,541 - urllib3.connectionpool - DEBUG - https://www.dnd5eapi.co:443 "GET /api/2014/monsters/otyugh HTTP/1.1" 200 3273
2026-09-12 15:14:50,542 - src.core.cache - DEBUG - Cached value for key: dnd_item_monsters_otyugh
2026-09-12 15:14:50,543 - urllib3.connectionpool - DEBUG - https://www.dnd5eapi.co:443 "GET /api/2014/spells/pass-without-trace HTTP/1.1" 200 1132
2026-09-12 15:14:50,544 - src.core.cache - DEBUG - Cached value for key: dnd_item_spells_pass-without-trace
2026-09-12 15:14:50,549 - src.core.cache - DEBUG - Cache miss for key: dnd_item_monsters_owl
2026-09-12 15:14:50,549 - src.core.resources - DEBUG - Prefetching item details: monsters/owl
2026-09-12 15:14:50,549 - src.core.cache - DEBUG - Cache miss for key: dnd_item_spells_passwall
2026-09-12 15:14:50,549 - src.core.resources - DEBUG - Prefetching item details: spells/passwall
2026-09-12 15:14:50,550 - urllib3.connectionpool - DEBUG - Starting new HTTPS connection (1): www.dnd5eapi.co:443
2026-09-12 15:14:50,551 - urllib3.connectionpool - DEBUG - Starting new HTTPS connection (1): www.dnd5eapi.co:443
2026-09-12 15:14:50,858 - urllib3.connectionpool - DEBUG - https://www.dnd5eapi.co:443 "GET /api/equipment/tent-two-person HTTP/1.1" 301 69
2026-09-12 15:14:50,884 - urllib3.connectionpool - DEBUG - https://www.dnd5eapi.co:443 "GET /api/monsters/owl HTTP/1.1" 301 56
2026-09-12 15:14:50,887 - urllib3.connectionpool - DEBUG - https://www.dnd5eapi.co:443 "GET /api/spells/passwall HTTP/1.1" 301 59
2026-09-12 15:14:50,965 - urllib3.connectionpool - DEBUG - https://www.dnd5eapi.co:443 "GET /api/2014/equipment/tent-two-person HTTP/1.1" 200 544
2026-09-12 15:14:50,966 - src.core.cache - DEBUG - Cached value for key: dnd_item_equipment_tent-two-person
2026-09-12 15:14:50,973 - src.core.cache - DEBUG - Cache miss for key: dnd_item_equipment_thieves-tools
2026-09-12 15:14:50,973 - src.core.resources - DEBUG - Prefetching item details: equipment/thieves-tools
2026-09-12 15:14:50,974 - urllib3.connectionpool - DEBUG - Starting new HTTPS connection (1): www.dnd5eapi.co:443
2026-09-12 15:14:50,993 - urllib3.connectionpool - DEBUG - https://www.dnd5eapi.co:443 "GET /api/2014/monsters/owl HTTP/1.1" 200 1518
2026-09-12 15:14:50,994 - src.core.cache - DEBUG - Cached value for key: dnd_item_monsters_owl
2026-09-12 15:14:50,996 - urllib3.connectionpool - DEBUG - https://www.dnd5eapi.co:443 "GET /api/2014/spells/passwall HTTP/1.1" 200 1108
2026-09-12 15:14:50,997 - src.core.cache - DEBUG - Cached value for key: dnd_item_spells_passwall
2026-09-12 15:14:51,001 - src.core.cache - DEBUG - Cache miss for key: dnd_item_spells_phantasmal-killer
2026-09-12 15:14:51,001 - src.core.resources - DEBUG - Prefetching item details: spells/phantasmal-killer
2026-09-12 15:14:51,001 - src.core.cache - DEBUG - Cache miss for key: dnd_item_monsters_owlbear
2026-09-12 15:14:51,002 - src.core.resources - DEBUG - Prefetching item details: monsters/owlbear
2026-09-12 15:14:51,003 - urllib3.connectionpool - DEBUG - Starting new HTTPS connection (1): www.dnd5eapi.co:443
2026-09-12 15:14:51,003 - urllib3.connectionpool - DEBUG - Starting new HTTPS connection (1): www.dnd5eapi.co:443
2026-09-12 15:14:51,305 - urllib3.connectionpool - DEBUG - https://www.dnd5eapi.co:443 "GET /api/equipment/thieves-tools HTTP/1.1" 301 67
2026-09-12 15:14:51,329 - urllib3.connectionpool - DEBUG - https://www.dnd5eapi.co:443 "GET /api/monsters/owlbear HTTP/1.1" 301 60
2026-09-12 15:14:51,341 - urllib3.connectionpool - DEBUG - https://www.dnd5eapi.co:443 "GET /api/spells/phantasmal-killer HTTP/1.1" 301 68
2026-09-12 15:14:51,412 - urllib3.connectionpool - DEBUG - https://www.dnd5eapi.co:443 "GET /api/2014/equipment/thieves-tools HTTP/1.1" 200 646
2026-09-12 15:14:51,413 - src.core.cache - DEBUG - Cached value for key: dnd_item_equipment_thieves-tools
2026-09-12 15:14:51,420 - src.core.cache - DEBUG - Cache miss for key: dnd_item_equipment_tinderbox
2026-09-12 15:14:51,420 - src.core.resources - DEBUG - Prefetching item details: equipment/tinderbox
2026-09-12 15:14:51,421 - urllib3.connectionpool - DEBUG - Starting new HTTPS connection (1): www.dnd5eapi.co:443
2026-09-12 15:14:51,437 - urllib3.connectionpool - DEBUG - https://www.dnd5eapi.co:443 "GET /api/2014/monsters/owlbear HTTP/1.1" 200 1846
2026-09-12 15:14:51,439 - src.core.cache - DEBUG - Cached value for key: dnd_item_monsters_owlbear
2026-09-12 15:14:51,445 - src.core.cache - DEBUG - Cache miss for key: dnd_item_monsters_panther
2026-09-12 15:14:51,446 - src.core.resources - DEBUG - Prefetching item details: monsters/panther
2026-09-12 15:14:51,446 - urllib3.connectionpool - DEBUG - Starting new HTTPS connection (1): www.dnd5eapi.co:443
2026-09-12 15:14:51,448 - urllib3.connectionpool - DEBUG - https://www.dnd5eapi.co:443 "GET /api/2014/spells/phantasmal-killer HTTP/1.1" 200 1313
2026-09-12 15:14:51,450 - src.core.cache - DEBUG - Cached value for key: dnd_item_spells_phantasmal-killer
2026-09-12 15:14:51,457 - src.core.cache - DEBUG - Cache miss for key: dnd_item_spells_phantom-steed
2026-09-12 15:14:51,457 - src.core.resources - DEBUG - Prefetching item details: spells/phantom-steed
2026-09-12 15:14:51,458 - urllib3.connectionpool - DEBUG - Starting new HTTPS connection (1): www.dnd5eapi.co:443
2026-09-12 15:14:51,757 - urllib3.connectionpool - DEBUG - https://www.dnd5eapi.co:443 "GET /api/equipment/tinderbox HTTP/1.1" 301 63
2026-09-12 15:14:51,772 - urllib3.connectionpool - DEBUG - https://www.dnd5eapi.co:443 "GET /api/monsters/panther HTTP/1.1" 301 60
2026-09-12 15:14:51,783 - urllib3.connectionpool - DEBUG - https://www.dnd5eapi.co:443 "GET /api/spells/phantom-steed HTTP/1.1" 301 64
2026-09-12 15:14:51,864 - urllib3.connectionpool - DEBUG - https://www.dnd5eapi.co:443 "GET /api/2014/equipment/tinderbox HTTP/1.1" 200 719
2026-09-12 15:14:51,865 - src.core.cache - DEBUG - Cached value for key: dnd_item_equipment_tinderbox
2026-09-12 15:14:51,872 - src.core.cache - DEBUG - Cache miss for key: dnd_item_equipment_tinkers-tools
2026-09-12 15:14:51,872 - src.core.resources - DEBUG - Prefetching item details: equipment/tinkers-tools
2026-09-12 15:14:51,873 - urllib3.connectionpool - DEBUG - Starting new HTTPS connection (1): www.dnd5eapi.co:443
2026-09-12 15:14:51,880 - urllib3.connectionpool - DEBUG - https://www.dnd5eapi.co:443 "GET /api/2014/monsters/panther HTTP/1.1" 200 2112
2026-09-12 15:14:51,882 - src.core.cache - DEBUG - Cached value for key: dnd_item_monsters_panther
2026-09-12 15:14:51,888 - src.core.cache - DEBUG - Cache miss for key: dnd_item_monsters_pegasus
2026-09-12 15:14:51,888 - src.core.resources - DEBUG - Prefetching item details: monsters/pegasus
2026-09-12 15:14:51,889 - urllib3.connectionpool - DEBUG - Starting new HTTPS connection (1): www.dnd5eapi.co:443
2026-09-12 15:14:51,890 - urllib3.connectionpool - DEBUG - https://www.dnd5eapi.co:443 "GET /api/2014/spells/phantom-steed HTTP/1.1" 200 1257
2026-09-12 15:14:51,891 - src.core.cache - DEBUG - Cached value for key: dnd_item_spells_phantom-steed
2026-09-12 15:14:51,899 - src.core.cache - DEBUG - Cache miss for key: dnd_item_spells_planar-ally
2026-09-12 15:14:51,899 - src.core.resources - DEBUG - Prefetching item details: spells/planar-ally
2026-09-12 15:14:51,900 - urllib3.connectionpool - DEBUG - Starting new HTTPS connection (1): www.dnd5eapi.co:443
2026-09-12 15:14:52,205 - urllib3.connectionpool - DEBUG - https://www.dnd5eapi.co:443 "GET /api/equipment/tinkers-tools HTTP/1.1" 301 67
2026-09-12 15:14:52,217 - urllib3.connectionpool - DEBUG - https://www.dnd5eapi.co:443 "GET /api/monsters/pegasus HTTP/1.1" 301 60
2026-09-12 15:14:52,225 - urllib3.connectionpool - DEBUG - https://www.dnd5eapi.co:443 "GET /api/spells/planar-ally HTTP/1.1" 301 62
2026-09-12 15:14:52,318 - urllib3.connectionpool - DEBUG - https://www.dnd5eapi.co:443 "GET /api/2014/equipment/tinkers-tools HTTP/1.1" 200 748
2026-09-12 15:14:52,320 - src.core.cache - DEBUG - Cached value for key: dnd_item_equipment_tinkers-tools
2026-09-12 15:14:52,325 - urllib3.connectionpool - DEBUG - https://www.dnd5eapi.co:443 "GET /api/2014/monsters/pegasus HTTP/1.1" 200 1634
2026-09-12 15:14:52,327 - src.core.cache - DEBUG - Cached value for key: dnd_item_monsters_pegasus
2026-09-12 15:14:52,328 - src.core.cache - DEBUG - Cache miss for key: dnd_item_equipment_torch
2026-09-12 15:14:52,328 - src.core.resources - DEBUG - Prefetching item details: equipment/torch
2026-09-12 15:14:52,329 - urllib3.connectionpool - DEBUG - Starting new HTTPS connection (1): www.dnd5eapi.co:443
2026-09-12 15:14:52,329 - src.core.cache - DEBUG - Cache miss for key: dnd_item_monsters_phase-spider
2026-09-12 15:14:52,329 - src.core.resources - DEBUG - Prefetching item details: monsters/phase-spider
2026-09-12 15:14:52,330 - urllib3.connectionpool - DEBUG - Starting new HTTPS connection (1): www.dnd5eapi.co:443
2026-09-12 15:14:52,332 - urllib3.connectionpool - DEBUG - https://www.dnd5eapi.co:443 "GET /api/2014/spells/planar-ally HTTP/1.1" 200 2722
2026-09-12 15:14:52,334 - src.core.cache - DEBUG - Cached value for key: dnd_item_spells_planar-ally
2026-09-12 15:14:52,340 - src.core.cache - DEBUG - Cache miss for key: dnd_item_spells_planar-binding
2026-09-12 15:14:52,340 - src.core.resources - DEBUG - Prefetching item details: spells/planar-binding
2026-09-12 15:14:52,341 - urllib3.connectionpool - DEBUG - Starting new HTTPS connection (1): www.dnd5eapi.co:443
2026-09-12 15:14:52,655 - urllib3.connectionpool - DEBUG - https://www.dnd5eapi.co:443 "GET /api/equipment/torch HTTP/1.1" 301 59
2026-09-12 15:14:52,660 - urllib3.connectionpool - DEBUG - https://www.dnd5eapi.co:443 "GET /api/monsters/phase-spider HTTP/1.1" 301 65
2026-09-12 15:14:52,685 - urllib3.connectionpool - DEBUG - https://www.dnd5eapi.co:443 "GET /api/spells/planar-binding HTTP/1.1" 301 65
2026-09-12 15:14:52,762 - urllib3.connectionpool - DEBUG - https://www.dnd5eapi.co:443 "GET /api/2014/equipment/torch HTTP/1.1" 200 646
2026-09-12 15:14:52,763 - src.core.cache - DEBUG - Cached value for key: dnd_item_equipment_torch
2026-09-12 15:14:52,767 - urllib3.connectionpool - DEBUG - https://www.dnd5eapi.co:443 "GET /api/2014/monsters/phase-spider HTTP/1.1" 200 2238
2026-09-12 15:14:52,768 - src.core.cache - DEBUG - Cached value for key: dnd_item_monsters_phase-spider
2026-09-12 15:14:52,769 - src.core.cache - DEBUG - Cache miss for key: dnd_item_equipment_totem
2026-09-12 15:14:52,769 - src.core.resources - DEBUG - Prefetching item details: equipment/totem
2026-09-12 15:14:52,770 - urllib3.connectionpool - DEBUG - Starting new HTTPS connection (1): www.dnd5eapi.co:443
2026-09-12 15:14:52,775 - src.core.cache - DEBUG - Cache miss for key: dnd_item_monsters_pit-fiend
2026-09-12 15:14:52,775 - src.core.resources - DEBUG - Prefetching item details: monsters/pit-fiend
2026-09-12 15:14:52,775 - urllib3.connectionpool - DEBUG - Starting new HTTPS connection (1): www.dnd5eapi.co:443
2026-09-12 15:14:52,793 - urllib3.connectionpool - DEBUG - https://www.dnd5eapi.co:443 "GET /api/2014/spells/planar-binding HTTP/1.1" 200 2315
2026-09-12 15:14:52,794 - src.core.cache - DEBUG - Cached value for key: dnd_item_spells_planar-binding
2026-09-12 15:14:52,800 - src.core.cache - DEBUG - Cache miss for key: dnd_item_spells_plane-shift
2026-09-12 15:14:52,800 - src.core.resources - DEBUG - Prefetching item details: spells/plane-shift
2026-09-12 15:14:52,801 - urllib3.connectionpool - DEBUG - Starting new HTTPS connection (1): www.dnd5eapi.co:443
2026-09-12 15:14:53,097 - urllib3.connectionpool - DEBUG - https://www.dnd5eapi.co:443 "GET /api/equipment/totem HTTP/1.1" 301 59
2026-09-12 15:14:53,102 - urllib3.connectionpool - DEBUG - https://www.dnd5eapi.co:443 "GET /api/monsters/pit-fiend HTTP/1.1" 301 62
2026-09-12 15:14:53,127 - urllib3.connectionpool - DEBUG - https://www.dnd5eapi.co:443 "GET /api/spells/plane-shift HTTP/1.1" 301 62
2026-09-12 15:14:53,207 - urllib3.connectionpool - DEBUG - https://www.dnd5eapi.co:443 "GET /api/2014/equipment/totem HTTP/1.1" 200 746
2026-09-12 15:14:53,208 - src.core.cache - DEBUG - Cached value for key: dnd_item_equipment_totem
2026-09-12 15:14:53,210 - urllib3.connectionpool - DEBUG - https://www.dnd5eapi.co:443 "GET /api/2014/monsters/pit-fiend HTTP/1.1" 200 4964
2026-09-12 15:14:53,212 - src.core.cache - DEBUG - Cached value for key: dnd_item_monsters_pit-fiend
2026-09-12 15:14:53,216 - src.core.cache - DEBUG - Cache miss for key: dnd_item_monsters_planetar
2026-09-12 15:14:53,216 - src.core.cache - DEBUG - Cache miss for key: dnd_item_equipment_trident
2026-09-12 15:14:53,216 - src.core.resources - DEBUG - Prefetching item details: equipment/trident
2026-09-12 15:14:53,216 - src.core.resources - DEBUG - Prefetching item details: monsters/planetar
2026-09-12 15:14:53,217 - urllib3.connectionpool - DEBUG - Starting new HTTPS connection (1): www.dnd5eapi.co:443
2026-09-12 15:14:53,218 - urllib3.connectionpool - DEBUG - Starting new HTTPS connection (1): www.dnd5eapi.co:443
2026-09-12 15:14:53,235 - urllib3.connectionpool - DEBUG - https://www.dnd5eapi.co:443 "GET /api/2014/spells/plane-shift HTTP/1.1" 200 2443
2026-09-12 15:14:53,236 - src.core.cache - DEBUG - Cached value for key: dnd_item_spells_plane-shift
2026-09-12 15:14:53,242 - src.core.cache - DEBUG - Cache miss for key: dnd_item_spells_plant-growth
2026-09-12 15:14:53,243 - src.core.resources - DEBUG - Prefetching item details: spells/plant-growth
2026-09-12 15:14:53,243 - urllib3.connectionpool - DEBUG - Starting new HTTPS connection (1): www.dnd5eapi.co:443
2026-09-12 15:14:53,547 - urllib3.connectionpool - DEBUG - https://www.dnd5eapi.co:443 "GET /api/equipment/trident HTTP/1.1" 301 61
2026-09-12 15:14:53,548 - urllib3.connectionpool - DEBUG - https://www.dnd5eapi.co:443 "GET /api/monsters/planetar HTTP/1.1" 301 61
2026-09-12 15:14:53,580 - urllib3.connectionpool - DEBUG - https://www.dnd5eapi.co:443 "GET /api/spells/plant-growth HTTP/1.1" 301 63
2026-09-12 15:14:53,654 - urllib3.connectionpool - DEBUG - https://www.dnd5eapi.co:443 "GET /api/2014/equipment/trident HTTP/1.1" 200 878
2026-09-12 15:14:53,655 - src.core.cache - DEBUG - Cached value for key: dnd_item_equipment_trident
2026-09-12 15:14:53,657 - urllib3.connectionpool - DEBUG - https://www.dnd5eapi.co:443 "GET /api/2014/monsters/planetar HTTP/1.1" 200 4626
2026-09-12 15:14:53,658 - src.core.cache - DEBUG - Cached value for key: dnd_item_monsters_planetar
2026-09-12 15:14:53,661 - src.core.cache - DEBUG - Cache miss for key: dnd_item_equipment_vestments
2026-09-12 15:14:53,662 - src.core.cache - DEBUG - Cache miss for key: dnd_item_monsters_plesiosaurus
2026-09-12 15:14:53,662 - src.core.resources - DEBUG - Prefetching item details: monsters/plesiosaurus
2026-09-12 15:14:53,662 - src.core.resources - DEBUG - Prefetching item details: equipment/vestments
2026-09-12 15:14:53,663 - urllib3.connectionpool - DEBUG - Starting new HTTPS connection (1): www.dnd5eapi.co:443
2026-09-12 15:14:53,663 - urllib3.connectionpool - DEBUG - Starting new HTTPS connection (1): www.dnd5eapi.co:443
2026-09-12 15:14:53,687 - urllib3.connectionpool - DEBUG - https://www.dnd5eapi.co:443 "GET /api/2014/spells/plant-growth HTTP/1.1" 200 1472
2026-09-12 15:14:53,688 - src.core.cache - DEBUG - Cached value for key: dnd_item_spells_plant-growth
2026-09-12 15:14:53,695 - src.core.cache - DEBUG - Cache miss for key: dnd_item_spells_poison-spray
2026-09-12 15:14:53,695 - src.core.resources - DEBUG - Prefetching item details: spells/poison-spray
2026-09-12 15:14:53,696 - urllib3.connectionpool - DEBUG - Starting new HTTPS connection (1): www.dnd5eapi.co:443
2026-09-12 15:14:53,990 - urllib3.connectionpool - DEBUG - https://www.dnd5eapi.co:443 "GET /api/equipment/vestments HTTP/1.1" 301 63
2026-09-12 15:14:53,991 - urllib3.connectionpool - DEBUG - https://www.dnd5eapi.co:443 "GET /api/monsters/plesiosaurus HTTP/1.1" 301 65
2026-09-12 15:14:54,022 - urllib3.connectionpool - DEBUG - https://www.dnd5eapi.co:443 "GET /api/spells/poison-spray HTTP/1.1" 301 63
2026-09-12 15:14:54,100 - urllib3.connectionpool - DEBUG - https://www.dnd5eapi.co:443 "GET /api/2014/equipment/vestments HTTP/1.1" 200 523
2026-09-12 15:14:54,101 - src.core.cache - DEBUG - Cached value for key: dnd_item_equipment_vestments
2026-09-12 15:14:54,101 - urllib3.connectionpool - DEBUG - https://www.dnd5eapi.co:443 "GET /api/2014/monsters/plesiosaurus HTTP/1.1" 200 1393
2026-09-12 15:14:54,103 - src.core.cache - DEBUG - Cached value for key: dnd_item_monsters_plesiosaurus
2026-09-12 15:14:54,109 - src.core.cache - DEBUG - Cache miss for key: dnd_item_monsters_poisonous-snake
2026-09-12 15:14:54,109 - src.core.resources - DEBUG - Prefetching item details: monsters/poisonous-snake
2026-09-12 15:14:54,110 - src.core.cache - DEBUG - Cache miss for key: dnd_item_equipment_vial
2026-09-12 15:14:54,110 - src.core.resources - DEBUG - Prefetching item details: equipment/vial
2026-09-12 15:14:54,111 - urllib3.connectionpool - DEBUG - Starting new HTTPS connection (1): www.dnd5eapi.co:443
2026-09-12 15:14:54,111 - urllib3.connectionpool - DEBUG - Starting new HTTPS connection (1): www.dnd5eapi.co:443
2026-09-12 15:14:54,140 - urllib3.connectionpool - DEBUG - https://www.dnd5eapi.co:443 "GET /api/2014/spells/poison-spray HTTP/1.1" 200 1289
2026-09-12 15:14:54,141 - src.core.cache - DEBUG - Cached value for key: dnd_item_spells_poison-spray
2026-09-12 15:14:54,148 - src.core.cache - DEBUG - Cache miss for key: dnd_item_spells_polymorph
2026-09-12 15:14:54,148 - src.core.resources - DEBUG - Prefetching item details: spells/polymorph
2026-09-12 15:14:54,149 - urllib3.connectionpool - DEBUG - Starting new HTTPS connection (1): www.dnd5eapi.co:443
2026-09-12 15:14:54,442 - urllib3.connectionpool - DEBUG - https://www.dnd5eapi.co:443 "GET /api/equipment/vial HTTP/1.1" 301 58
2026-09-12 15:14:54,459 - urllib3.connectionpool - DEBUG - https://www.dnd5eapi.co:443 "GET /api/monsters/poisonous-snake HTTP/1.1" 301 68
2026-09-12 15:14:54,492 - urllib3.connectionpool - DEBUG - https://www.dnd5eapi.co:443 "GET /api/spells/polymorph HTTP/1.1" 301 60
2026-09-12 15:14:54,550 - urllib3.connectionpool - DEBUG - https://www.dnd5eapi.co:443 "GET /api/2014/equipment/vial HTTP/1.1" 200 451
2026-09-12 15:14:54,552 - src.core.cache - DEBUG - Cached value for key: dnd_item_equipment_vial
2026-09-12 15:14:54,558 - src.core.cache - DEBUG - Cache miss for key: dnd_item_equipment_viol
2026-09-12 15:14:54,559 - src.core.resources - DEBUG - Prefetching item details: equipment/viol
2026-09-12 15:14:54,559 - urllib3.connectionpool - DEBUG - Starting new HTTPS connection (1): www.dnd5eapi.co:443
2026-09-12 15:14:54,567 - urllib3.connectionpool - DEBUG - https://www.dnd5eapi.co:443 "GET /api/2014/monsters/poisonous-snake HTTP/1.1" 200 1209
2026-09-12 15:14:54,568 - src.core.cache - DEBUG - Cached value for key: dnd_item_monsters_poisonous-snake
2026-09-12 15:14:54,574 - src.core.cache - DEBUG - Cache miss for key: dnd_item_monsters_polar-bear
2026-09-12 15:14:54,574 - src.core.resources - DEBUG - Prefetching item details: monsters/polar-bear
2026-09-12 15:14:54,574 - urllib3.connectionpool - DEBUG - Starting new HTTPS connection (1): www.dnd5eapi.co:443
2026-09-12 15:14:54,609 - urllib3.connectionpool - DEBUG - https://www.dnd5eapi.co:443 "GET /api/2014/spells/polymorph HTTP/1.1" 200 2151
2026-09-12 15:14:54,611 - src.core.cache - DEBUG - Cached value for key: dnd_item_spells_polymorph
2026-09-12 15:14:54,617 - src.core.cache - DEBUG - Cache miss for key: dnd_item_spells_power-word-kill
2026-09-12 15:14:54,617 - src.core.resources - DEBUG - Prefetching item details: spells/power-word-kill
2026-09-12 15:14:54,618 - urllib3.connectionpool - DEBUG - Starting new HTTPS connection (1): www.dnd5eapi.co:443
2026-09-12 15:14:54,885 - urllib3.connectionpool - DEBUG - https://www.dnd5eapi.co:443 "GET /api/equipment/viol HTTP/1.1" 301 58
2026-09-12 15:14:54,923 - urllib3.connectionpool - DEBUG - https://www.dnd5eapi.co:443 "GET /api/monsters/polar-bear HTTP/1.1" 301 63
2026-09-12 15:14:54,953 - urllib3.connectionpool - DEBUG - https://www.dnd5eapi.co:443 "GET /api/spells/power-word-kill HTTP/1.1" 301 66
2026-09-12 15:14:54,994 - urllib3.connectionpool - DEBUG - https://www.dnd5eapi.co:443 "GET /api/2014/equipment/viol HTTP/1.1" 200 715
2026-09-12 15:14:54,995 - src.core.cache - DEBUG - Cached value for key: dnd_item_equipment_viol
2026-09-12 15:14:55,001 - src.core.cache - DEBUG - Cache miss for key: dnd_item_equipment_wagon
2026-09-12 15:14:55,001 - src.core.resources - DEBUG - Prefetching item details: equipment/wagon
2026-09-12 15:14:55,002 - urllib3.connectionpool - DEBUG - Starting new HTTPS connection (1): www.dnd5eapi.co:443
2026-09-12 15:14:55,032 - urllib3.connectionpool - DEBUG - https://www.dnd5eapi.co:443 "GET /api/2014/monsters/polar-bear HTTP/1.1" 200 1816
2026-09-12 15:14:55,033 - src.core.cache - DEBUG - Cached value for key: dnd_item_monsters_polar-bear
2026-09-12 15:14:55,039 - src.core.cache - DEBUG - Cache miss for key: dnd_item_monsters_pony
2026-09-12 15:14:55,039 - src.core.resources - DEBUG - Prefetching item details: monsters/pony
2026-09-12 15:14:55,040 - urllib3.connectionpool - DEBUG - Starting new HTTPS connection (1): www.dnd5eapi.co:443
2026-09-12 15:14:55,061 - urllib3.connectionpool - DEBUG - https://www.dnd5eapi.co:443 "GET /api/2014/spells/power-word-kill HTTP/1.1" 200 899
2026-09-12 15:14:55,062 - src.core.cache - DEBUG - Cached value for key: dnd_item_spells_power-word-kill
2026-09-12 15:14:55,069 - src.core.cache - DEBUG - Cache miss for key: dnd_item_spells_power-word-stun
2026-09-12 15:14:55,069 - src.core.resources - DEBUG - Prefetching item details: spells/power-word-stun
2026-09-12 15:14:55,070 - urllib3.connectionpool - DEBUG - Starting new HTTPS connection (1): www.dnd5eapi.co:443
2026-09-12 15:14:55,335 - urllib3.connectionpool - DEBUG - https://www.dnd5eapi.co:443 "GET /api/equipment/wagon HTTP/1.1" 301 59
2026-09-12 15:14:55,377 - urllib3.connectionpool - DEBUG - https://www.dnd5eapi.co:443 "GET /api/monsters/pony HTTP/1.1" 301 57
2026-09-12 15:14:55,397 - urllib3.connectionpool - DEBUG - https://www.dnd5eapi.co:443 "GET /api/spells/power-word-stun HTTP/1.1" 301 66
2026-09-12 15:14:55,443 - urllib3.connectionpool - DEBUG - https://www.dnd5eapi.co:443 "GET /api/2014/equipment/wagon HTTP/1.1" 200 403
2026-09-12 15:14:55,444 - src.core.cache - DEBUG - Cached value for key: dnd_item_equipment_wagon
2026-09-12 15:14:55,452 - src.core.cache - DEBUG - Cache miss for key: dnd_item_equipment_wand
2026-09-12 15:14:55,452 - src.core.resources - DEBUG - Prefetching item details: equipment/wand
2026-09-12 15:14:55,453 - urllib3.connectionpool - DEBUG - Starting new HTTPS connection (1): www.dnd5eapi.co:443
2026-09-12 15:14:55,486 - urllib3.connectionpool - DEBUG - https://www.dnd5eapi.co:443 "GET /api/2014/monsters/pony HTTP/1.1" 200 1010
2026-09-12 15:14:55,487 - src.core.cache - DEBUG - Cached value for key: dnd_item_monsters_pony
2026-09-12 15:14:55,493 - src.core.cache - DEBUG - Cache miss for key: dnd_item_monsters_priest
2026-09-12 15:14:55,493 - src.core.resources - DEBUG - Prefetching item details: monsters/priest
2026-09-12 15:14:55,494 - urllib3.connectionpool - DEBUG - Starting new HTTPS connection (1): www.dnd5eapi.co:443
2026-09-12 15:14:55,506 - urllib3.connectionpool - DEBUG - https://www.dnd5eapi.co:443 "GET /api/2014/spells/power-word-stun HTTP/1.1" 200 1055
2026-09-12 15:14:55,507 - src.core.cache - DEBUG - Cached value for key: dnd_item_spells_power-word-stun
2026-09-12 15:14:55,514 - src.core.cache - DEBUG - Cache miss for key: dnd_item_spells_prayer-of-healing
2026-09-12 15:14:55,515 - src.core.resources - DEBUG - Prefetching item details: spells/prayer-of-healing
2026-09-12 15:14:55,516 - urllib3.connectionpool - DEBUG - Starting new HTTPS connection (1): www.dnd5eapi.co:443
2026-09-12 15:14:55,780 - urllib3.connectionpool - DEBUG - https://www.dnd5eapi.co:443 "GET /api/equipment/wand HTTP/1.1" 301 58
2026-09-12 15:14:55,819 - urllib3.connectionpool - DEBUG - https://www.dnd5eapi.co:443 "GET /api/monsters/priest HTTP/1.1" 301 59
2026-09-12 15:14:55,843 - urllib3.connectionpool - DEBUG - https://www.dnd5eapi.co:443 "GET /api/spells/prayer-of-healing HTTP/1.1" 301 68
2026-09-12 15:14:55,889 - urllib3.connectionpool - DEBUG - https://www.dnd5eapi.co:443 "GET /api/2014/equipment/wand HTTP/1.1" 200 714
2026-09-12 15:14:55,890 - src.core.cache - DEBUG - Cached value for key: dnd_item_equipment_wand
2026-09-12 15:14:55,896 - src.core.cache - DEBUG - Cache miss for key: dnd_item_equipment_war-pick
2026-09-12 15:14:55,896 - src.core.resources - DEBUG - Prefetching item details: equipment/war-pick
2026-09-12 15:14:55,897 - urllib3.connectionpool - DEBUG - Starting new HTTPS connection (1): www.dnd5eapi.co:443
2026-09-12 15:14:55,927 - urllib3.connectionpool - DEBUG - https://www.dnd5eapi.co:443 "GET /api/2014/monsters/priest HTTP/1.1" 200 3754
2026-09-12 15:14:55,928 - src.core.cache - DEBUG - Cached value for key: dnd_item_monsters_priest
2026-09-12 15:14:55,935 - src.core.cache - DEBUG - Cache miss for key: dnd_item_monsters_pseudodragon
2026-09-12 15:14:55,935 - src.core.resources - DEBUG - Prefetching item details: monsters/pseudodragon
2026-09-12 15:14:55,936 - urllib3.connectionpool - DEBUG - Starting new HTTPS connection (1): www.dnd5eapi.co:443
2026-09-12 15:14:55,949 - urllib3.connectionpool - DEBUG - https://www.dnd5eapi.co:443 "GET /api/2014/spells/prayer-of-healing HTTP/1.1" 200 1028
2026-09-12 15:14:55,951 - src.core.cache - DEBUG - Cached value for key: dnd_item_spells_prayer-of-healing
2026-09-12 15:14:55,958 - src.core.cache - DEBUG - Cache miss for key: dnd_item_spells_prestidigitation
2026-09-12 15:14:55,958 - src.core.resources - DEBUG - Prefetching item details: spells/prestidigitation
2026-09-12 15:14:55,958 - urllib3.connectionpool - DEBUG - Starting new HTTPS connection (1): www.dnd5eapi.co:443
2026-09-12 15:14:56,239 - urllib3.connectionpool - DEBUG - https://www.dnd5eapi.co:443 "GET /api/equipment/war-pick HTTP/1.1" 301 62
2026-09-12 15:14:56,262 - urllib3.connectionpool - DEBUG - https://www.dnd5eapi.co:443 "GET /api/monsters/pseudodragon HTTP/1.1" 301 65
2026-09-12 15:14:56,285 - urllib3.connectionpool - DEBUG - https://www.dnd5eapi.co:443 "GET /api/spells/prestidigitation HTTP/1.1" 301 67
2026-09-12 15:14:56,346 - urllib3.connectionpool - DEBUG - https://www.dnd5eapi.co:443 "GET /api/2014/equipment/war-pick HTTP/1.1" 200 544
2026-09-12 15:14:56,348 - src.core.cache - DEBUG - Cached value for key: dnd_item_equipment_war-pick
2026-09-12 15:14:56,354 - src.core.cache - DEBUG - Cache miss for key: dnd_item_equipment_warhammer
2026-09-12 15:14:56,354 - src.core.resources - DEBUG - Prefetching item details: equipment/warhammer
2026-09-12 15:14:56,355 - urllib3.connectionpool - DEBUG - Starting new HTTPS connection (1): www.dnd5eapi.co:443
2026-09-12 15:14:56,371 - urllib3.connectionpool - DEBUG - https://www.dnd5eapi.co:443 "GET /api/2014/monsters/pseudodragon HTTP/1.1" 200 2431
2026-09-12 15:14:56,372 - src.core.cache - DEBUG - Cached value for key: dnd_item_monsters_pseudodragon
2026-09-12 15:14:56,378 - src.core.cache - DEBUG - Cache miss for key: dnd_item_monsters_purple-worm
2026-09-12 15:14:56,379 - src.core.resources - DEBUG - Prefetching item details: monsters/purple-worm
2026-09-12 15:14:56,379 - urllib3.connectionpool - DEBUG - Starting new HTTPS connection (1): www.dnd5eapi.co:443
2026-09-12 15:14:56,392 - urllib3.connectionpool - DEBUG - https://www.dnd5eapi.co:443 "GET /api/2014/spells/prestidigitation HTTP/1.1" 200 1674
2026-09-12 15:14:56,393 - src.core.cache - DEBUG - Cached value for key: dnd_item_spells_prestidigitation
2026-09-12 15:14:56,400 - src.core.cache - DEBUG - Cache miss for key: dnd_item_spells_prismatic-spray
2026-09-12 15:14:56,401 - src.core.resources - DEBUG - Prefetching item details: spells/prismatic-spray
2026-09-12 15:14:56,401 - urllib3.connectionpool - DEBUG - Starting new HTTPS connection (1): www.dnd5eapi.co:443
2026-09-12 15:14:56,683 - urllib3.connectionpool - DEBUG - https://www.dnd5eapi.co:443 "GET /api/equipment/warhammer HTTP/1.1" 301 63
2026-09-12 15:14:56,726 - urllib3.connectionpool - DEBUG - https://www.dnd5eapi.co:443 "GET /api/monsters/purple-worm HTTP/1.1" 301 64
2026-09-12 15:14:56,729 - urllib3.connectionpool - DEBUG - https://www.dnd5eapi.co:443 "GET /api/spells/prismatic-spray HTTP/1.1" 301 66
2026-09-12 15:14:56,789 - urllib3.connectionpool - DEBUG - https://www.dnd5eapi.co:443 "GET /api/2014/equipment/warhammer HTTP/1.1" 200 788
2026-09-12 15:14:56,790 - src.core.cache - DEBUG - Cached value for key: dnd_item_equipment_warhammer
2026-09-12 15:14:56,797 - src.core.cache - DEBUG - Cache miss for key: dnd_item_equipment_warhorse
2026-09-12 15:14:56,797 - src.core.resources - DEBUG - Prefetching item details: equipment/warhorse
2026-09-12 15:14:56,798 - urllib3.connectionpool - DEBUG - Starting new HTTPS connection (1): www.dnd5eapi.co:443
2026-09-12 15:14:56,835 - urllib3.connectionpool - DEBUG - https://www.dnd5eapi.co:443 "GET /api/2014/monsters/purple-worm HTTP/1.1" 200 2951
2026-09-12 15:14:56,837 - src.core.cache - DEBUG - Cached value for key: dnd_item_monsters_purple-worm
2026-09-12 15:14:56,838 - urllib3.connectionpool - DEBUG - https://www.dnd5eapi.co:443 "GET /api/2014/spells/prismatic-spray HTTP/1.1" 200 2641
2026-09-12 15:14:56,839 - src.core.cache - DEBUG - Cached value for key: dnd_item_spells_prismatic-spray
2026-09-12 15:14:56,844 - src.core.cache - DEBUG - Cache miss for key: dnd_item_spells_prismatic-wall
2026-09-12 15:14:56,844 - src.core.resources - DEBUG - Prefetching item details: spells/prismatic-wall
2026-09-12 15:14:56,844 - src.core.cache - DEBUG - Cache miss for key: dnd_item_monsters_quasit
2026-09-12 15:14:56,844 - src.core.resources - DEBUG - Prefetching item details: monsters/quasit
2026-09-12 15:14:56,845 - urllib3.connectionpool - DEBUG - Starting new HTTPS connection (1): www.dnd5eapi.co:443
2026-09-12 15:14:56,845 - urllib3.connectionpool - DEBUG - Starting new HTTPS connection (1): www.dnd5eapi.co:443
2026-09-12 15:14:57,143 - urllib3.connectionpool - DEBUG - https://www.dnd5eapi.co:443 "GET /api/equipment/warhorse HTTP/1.1" 301 62
2026-09-12 15:14:57,174 - urllib3.connectionpool - DEBUG - https://www.dnd5eapi.co:443 "GET /api/spells/prismatic-wall HTTP/1.1" 301 65
2026-09-12 15:14:57,175 - urllib3.connectionpool - DEBUG - https://www.dnd5eapi.co:443 "GET /api/monsters/quasit HTTP/1.1" 301 59
2026-09-12 15:14:57,250 - urllib3.connectionpool - DEBUG - https://www.dnd5eapi.co:443 "GET /api/2014/equipment/warhorse HTTP/1.1" 200 454
2026-09-12 15:14:57,251 - src.core.cache - DEBUG - Cached value for key: dnd_item_equipment_warhorse
2026-09-12 15:14:57,258 - src.core.cache - DEBUG - Cache miss for key: dnd_item_equipment_warship
2026-09-12 15:14:57,258 - src.core.resources - DEBUG - Prefetching item details: equipment/warship
2026-09-12 15:14:57,259 - urllib3.connectionpool - DEBUG - Starting new HTTPS connection (1): www.dnd5eapi.co:443
2026-09-12 15:14:57,281 - urllib3.connectionpool - DEBUG - https://www.dnd5eapi.co:443 "GET /api/2014/spells/prismatic-wall HTTP/1.1" 200 4368
2026-09-12 15:14:57,282 - src.core.cache - DEBUG - Cached value for key: dnd_item_spells_prismatic-wall
2026-09-12 15:14:57,283 - urllib3.connectionpool - DEBUG - https://www.dnd5eapi.co:443 "GET /api/2014/monsters/quasit HTTP/1.1" 200 2939
2026-09-12 15:14:57,285 - src.core.cache - DEBUG - Cached value for key: dnd_item_monsters_quasit
2026-09-12 15:14:57,289 - src.core.cache - DEBUG - Cache miss for key: dnd_item_spells_private-sanctum
2026-09-12 15:14:57,289 - src.core.cache - DEBUG - Cache miss for key: dnd_item_monsters_quipper
2026-09-12 15:14:57,289 - src.core.resources - DEBUG - Prefetching item details: spells/private-sanctum
2026-09-12 15:14:57,289 - src.core.resources - DEBUG - Prefetching item details: monsters/quipper
2026-09-12 15:14:57,290 - urllib3.connectionpool - DEBUG - Starting new HTTPS connection (1): www.dnd5eapi.co:443
2026-09-12 15:14:57,291 - urllib3.connectionpool - DEBUG - Starting new HTTPS connection (1): www.dnd5eapi.co:443
2026-09-12 15:14:57,608 - urllib3.connectionpool - DEBUG - https://www.dnd5eapi.co:443 "GET /api/equipment/warship HTTP/1.1" 301 61
2026-09-12 15:14:57,622 - urllib3.connectionpool - DEBUG - https://www.dnd5eapi.co:443 "GET /api/spells/private-sanctum HTTP/1.1" 301 66
2026-09-12 15:14:57,638 - urllib3.connectionpool - DEBUG - https://www.dnd5eapi.co:443 "GET /api/monsters/quipper HTTP/1.1" 301 60
2026-09-12 15:14:57,717 - urllib3.connectionpool - DEBUG - https://www.dnd5eapi.co:443 "GET /api/2014/equipment/warship HTTP/1.1" 200 423
2026-09-12 15:14:57,718 - src.core.cache - DEBUG - Cached value for key: dnd_item_equipment_warship
2026-09-12 15:14:57,725 - src.core.cache - DEBUG - Cache miss for key: dnd_item_equipment_waterskin
2026-09-12 15:14:57,725 - src.core.resources - DEBUG - Prefetching item details: equipment/waterskin
2026-09-12 15:14:57,726 - urllib3.connectionpool - DEBUG - Starting new HTTPS connection (1): www.dnd5eapi.co:443
2026-09-12 15:14:57,729 - urllib3.connectionpool - DEBUG - https://www.dnd5eapi.co:443 "GET /api/2014/spells/private-sanctum HTTP/1.1" 200 1822
2026-09-12 15:14:57,730 - src.core.cache - DEBUG - Cached value for key: dnd_item_spells_private-sanctum
2026-09-12 15:14:57,737 - src.core.cache - DEBUG - Cache miss for key: dnd_item_spells_produce-flame
2026-09-12 15:14:57,737 - src.core.resources - DEBUG - Prefetching item details: spells/produce-flame
2026-09-12 15:14:57,738 - urllib3.connectionpool - DEBUG - Starting new HTTPS connection (1): www.dnd5eapi.co:443
2026-09-12 15:14:57,745 - urllib3.connectionpool - DEBUG - https://www.dnd5eapi.co:443 "GET /api/2014/monsters/quipper HTTP/1.1" 200 1490
2026-09-12 15:14:57,747 - src.core.cache - DEBUG - Cached value for key: dnd_item_monsters_quipper
2026-09-12 15:14:57,754 - src.core.cache - DEBUG - Cache miss for key: dnd_item_monsters_rakshasa
2026-09-12 15:14:57,754 - src.core.resources - DEBUG - Prefetching item details: monsters/rakshasa
2026-09-12 15:14:57,755 - urllib3.connectionpool - DEBUG - Starting new HTTPS connection (1): www.dnd5eapi.co:443
2026-09-12 15:14:58,055 - urllib3.connectionpool - DEBUG - https://www.dnd5eapi.co:443 "GET /api/equipment/waterskin HTTP/1.1" 301 63
2026-09-12 15:14:58,063 - urllib3.connectionpool - DEBUG - https://www.dnd5eapi.co:443 "GET /api/spells/produce-flame HTTP/1.1" 301 64
2026-09-12 15:14:58,081 - urllib3.connectionpool - DEBUG - https://www.dnd5eapi.co:443 "GET /api/monsters/rakshasa HTTP/1.1" 301 61
2026-09-12 15:14:58,164 - urllib3.connectionpool - DEBUG - https://www.dnd5eapi.co:443 "GET /api/2014/equipment/waterskin HTTP/1.1" 200 466
2026-09-12 15:14:58,165 - src.core.cache - DEBUG - Cached value for key: dnd_item_equipment_waterskin
2026-09-12 15:14:58,171 - urllib3.connectionpool - DEBUG - https://www.dnd5eapi.co:443 "GET /api/2014/spells/produce-flame HTTP/1.1" 200 1392
2026-09-12 15:14:58,172 - src.core.cache - DEBUG - Cached value for key: dnd_item_spells_produce-flame
2026-09-12 15:14:58,174 - src.core.cache - DEBUG - Cache miss for key: dnd_item_equipment_weavers-tools
2026-09-12 15:14:58,174 - src.core.resources - DEBUG - Prefetching item details: equipment/weavers-tools
2026-09-12 15:14:58,175 - urllib3.connectionpool - DEBUG - Starting new HTTPS connection (1): www.dnd5eapi.co:443
2026-09-12 15:14:58,175 - src.core.cache - DEBUG - Cache miss for key: dnd_item_spells_programmed-illusion
2026-09-12 15:14:58,175 - src.core.resources - DEBUG - Prefetching item details: spells/programmed-illusion
2026-09-12 15:14:58,176 - urllib3.connectionpool - DEBUG - Starting new HTTPS connection (1): www.dnd5eapi.co:443
2026-09-12 15:14:58,189 - urllib3.connectionpool - DEBUG - https://www.dnd5eapi.co:443 "GET /api/2014/monsters/rakshasa HTTP/1.1" 200 4350
2026-09-12 15:14:58,191 - src.core.cache - DEBUG - Cached value for key: dnd_item_monsters_rakshasa
2026-09-12 15:14:58,198 - src.core.cache - DEBUG - Cache miss for key: dnd_item_monsters_rat
2026-09-12 15:14:58,198 - src.core.resources - DEBUG - Prefetching item details: monsters/rat
2026-09-12 15:14:58,199 - urllib3.connectionpool - DEBUG - Starting new HTTPS connection (1): www.dnd5eapi.co:443
2026-09-12 15:14:58,501 - urllib3.connectionpool - DEBUG - https://www.dnd5eapi.co:443 "GET /api/spells/programmed-illusion HTTP/1.1" 301 70
2026-09-12 15:14:58,513 - urllib3.connectionpool - DEBUG - https://www.dnd5eapi.co:443 "GET /api/equipment/weavers-tools HTTP/1.1" 301 67
2026-09-12 15:14:58,545 - urllib3.connectionpool - DEBUG - https://www.dnd5eapi.co:443 "GET /api/monsters/rat HTTP/1.1" 301 56
2026-09-12 15:14:58,610 - urllib3.connectionpool - DEBUG - https://www.dnd5eapi.co:443 "GET /api/2014/spells/programmed-illusion HTTP/1.1" 200 2113
2026-09-12 15:14:58,611 - src.core.cache - DEBUG - Cached value for key: dnd_item_spells_programmed-illusion
2026-09-12 15:14:58,618 - src.core.cache - DEBUG - Cache miss for key: dnd_item_spells_project-image
2026-09-12 15:14:58,618 - src.core.resources - DEBUG - Prefetching item details: spells/project-image
2026-09-12 15:14:58,618 - urllib3.connectionpool - DEBUG - Starting new HTTPS connection (1): www.dnd5eapi.co:443
2026-09-12 15:14:58,621 - urllib3.connectionpool - DEBUG - https://www.dnd5eapi.co:443 "GET /api/2014/equipment/weavers-tools HTTP/1.1" 200 746
2026-09-12 15:14:58,622 - src.core.cache - DEBUG - Cached value for key: dnd_item_equipment_weavers-tools
2026-09-12 15:14:58,628 - src.core.cache - DEBUG - Cache miss for key: dnd_item_equipment_whetstone
2026-09-12 15:14:58,628 - src.core.resources - DEBUG - Prefetching item details: equipment/whetstone
2026-09-12 15:14:58,629 - urllib3.connectionpool - DEBUG - Starting new HTTPS connection (1): www.dnd5eapi.co:443
2026-09-12 15:14:58,653 - urllib3.connectionpool - DEBUG - https://www.dnd5eapi.co:443 "GET /api/2014/monsters/rat HTTP/1.1" 200 1105
2026-09-12 15:14:58,654 - src.core.cache - DEBUG - Cached value for key: dnd_item_monsters_rat
2026-09-12 15:14:58,660 - src.core.cache - DEBUG - Cache miss for key: dnd_item_monsters_raven
2026-09-12 15:14:58,660 - src.core.resources - DEBUG - Prefetching item details: monsters/raven
2026-09-12 15:14:58,661 - urllib3.connectionpool - DEBUG - Starting new HTTPS connection (1): www.dnd5eapi.co:443
2026-09-12 15:14:58,944 - urllib3.connectionpool - DEBUG - https://www.dnd5eapi.co:443 "GET /api/spells/project-image HTTP/1.1" 301 64
2026-09-12 15:14:58,952 - urllib3.connectionpool - DEBUG - https://www.dnd5eapi.co:443 "GET /api/equipment/whetstone HTTP/1.1" 301 63
2026-09-12 15:14:58,991 - urllib3.connectionpool - DEBUG - https://www.dnd5eapi.co:443 "GET /api/monsters/raven HTTP/1.1" 301 58
2026-09-12 15:14:59,052 - urllib3.connectionpool - DEBUG - https://www.dnd5eapi.co:443 "GET /api/2014/spells/project-image HTTP/1.1" 200 1819
2026-09-12 15:14:59,053 - src.core.cache - DEBUG - Cached value for key: dnd_item_spells_project-image
2026-09-12 15:14:59,059 - src.core.cache - DEBUG - Cache miss for key: dnd_item_spells_protection-from-energy
2026-09-12 15:14:59,059 - src.core.resources - DEBUG - Prefetching item details: spells/protection-from-energy
2026-09-12 15:14:59,060 - urllib3.connectionpool - DEBUG - Starting new HTTPS connection (1): www.dnd5eapi.co:443
2026-09-12 15:14:59,060 - urllib3.connectionpool - DEBUG - https://www.dnd5eapi.co:443 "GET /api/2014/equipment/whetstone HTTP/1.1" 200 466
2026-09-12 15:14:59,061 - src.core.cache - DEBUG - Cached value for key: dnd_item_equipment_whetstone
2026-09-12 15:14:59,068 - src.core.cache - DEBUG - Cache miss for key: dnd_item_equipment_whip
2026-09-12 15:14:59,068 - src.core.resources - DEBUG - Prefetching item details: equipment/whip
2026-09-12 15:14:59,069 - urllib3.connectionpool - DEBUG - Starting new HTTPS connection (1): www.dnd5eapi.co:443
2026-09-12 15:14:59,101 - urllib3.connectionpool - DEBUG - https://www.dnd5eapi.co:443 "GET /api/2014/monsters/raven HTTP/1.1" 200 1388
2026-09-12 15:14:59,102 - src.core.cache - DEBUG - Cached value for key: dnd_item_monsters_raven
2026-09-12 15:14:59,108 - src.core.cache - DEBUG - Cache miss for key: dnd_item_monsters_red-dragon-wyrmling
2026-09-12 15:14:59,109 - src.core.resources - DEBUG - Prefetching item details: monsters/red-dragon-wyrmling
2026-09-12 15:14:59,109 - urllib3.connectionpool - DEBUG - Starting new HTTPS connection (1): www.dnd5eapi.co:443
2026-09-12 15:14:59,397 - urllib3.connectionpool - DEBUG - https://www.dnd5eapi.co:443 "GET /api/equipment/whip HTTP/1.1" 301 58
2026-09-12 15:14:59,405 - urllib3.connectionpool - DEBUG - https://www.dnd5eapi.co:443 "GET /api/spells/protection-from-energy HTTP/1.1" 301 73
2026-09-12 15:14:59,437 - urllib3.connectionpool - DEBUG - https://www.dnd5eapi.co:443 "GET /api/monsters/red-dragon-wyrmling HTTP/1.1" 301 72
2026-09-12 15:14:59,506 - urllib3.connectionpool - DEBUG - https://www.dnd5eapi.co:443 "GET /api/2014/equipment/whip HTTP/1.1" 200 687
2026-09-12 15:14:59,507 - src.core.cache - DEBUG - Cached value for key: dnd_item_equipment_whip
2026-09-12 15:14:59,512 - urllib3.connectionpool - DEBUG - https://www.dnd5eapi.co:443 "GET /api/2014/spells/protection-from-energy HTTP/1.1" 200 1055
2026-09-12 15:14:59,513 - src.core.cache - DEBUG - Cached value for key: dnd_item_spells_protection-from-energy
2026-09-12 15:14:59,514 - src.core.cache - DEBUG - Cache miss for key: dnd_item_equipment_woodcarvers-tools
2026-09-12 15:14:59,514 - src.core.resources - DEBUG - Prefetching item details: equipment/woodcarvers-tools
2026-09-12 15:14:59,515 - urllib3.connectionpool - DEBUG - Starting new HTTPS connection (1): www.dnd5eapi.co:443
2026-09-12 15:14:59,519 - src.core.cache - DEBUG - Cache miss for key: dnd_item_spells_protection-from-evil-and-good
2026-09-12 15:14:59,519 - src.core.resources - DEBUG - Prefetching item details: spells/protection-from-evil-and-good
2026-09-12 15:14:59,520 - urllib3.connectionpool - DEBUG - Starting new HTTPS connection (1): www.dnd5eapi.co:443
2026-09-12 15:14:59,544 - urllib3.connectionpool - DEBUG - https://www.dnd5eapi.co:443 "GET /api/2014/monsters/red-dragon-wyrmling HTTP/1.1" 200 2606
2026-09-12 15:14:59,545 - src.core.cache - DEBUG - Cached value for key: dnd_item_monsters_red-dragon-wyrmling
2026-09-12 15:14:59,553 - src.core.cache - DEBUG - Cache miss for key: dnd_item_monsters_reef-shark
2026-09-12 15:14:59,553 - src.core.resources - DEBUG - Prefetching item details: monsters/reef-shark
2026-09-12 15:14:59,554 - urllib3.connectionpool - DEBUG - Starting new HTTPS connection (1): www.dnd5eapi.co:443
2026-09-12 15:14:59,839 - urllib3.connectionpool - DEBUG - https://www.dnd5eapi.co:443 "GET /api/equipment/woodcarvers-tools HTTP/1.1" 301 71
2026-09-12 15:14:59,848 - urllib3.connectionpool - DEBUG - https://www.dnd5eapi.co:443 "GET /api/spells/protection-from-evil-and-good HTTP/1.1" 301 80
2026-09-12 15:14:59,880 - urllib3.connectionpool - DEBUG - https://www.dnd5eapi.co:443 "GET /api/monsters/reef-shark HTTP/1.1" 301 63
2026-09-12 15:14:59,946 - urllib3.connectionpool - DEBUG - https://www.dnd5eapi.co:443 "GET /api/2014/equipment/woodcarvers-tools HTTP/1.1" 200 758
2026-09-12 15:14:59,947 - src.core.cache - DEBUG - Cached value for key: dnd_item_equipment_woodcarvers-tools
2026-09-12 15:14:59,955 - urllib3.connectionpool - DEBUG - https://www.dnd5eapi.co:443 "GET /api/2014/spells/protection-from-evil-and-good HTTP/1.1" 200 1480
2026-09-12 15:14:59,955 - src.core.cache - DEBUG - Cache miss for key: dnd_item_equipment_wooden-staff
2026-09-12 15:14:59,955 - src.core.resources - DEBUG - Prefetching item details: equipment/wooden-staff
2026-09-12 15:14:59,956 - src.core.cache - DEBUG - Cached value for key: dnd_item_spells_protection-from-evil-and-good
2026-09-12 15:14:59,957 - urllib3.connectionpool - DEBUG - Starting new HTTPS connection (1): www.dnd5eapi.co:443
2026-09-12 15:14:59,964 - src.core.cache - DEBUG - Cache miss for key: dnd_item_spells_protection-from-poison
2026-09-12 15:14:59,964 - src.core.resources - DEBUG - Prefetching item details: spells/protection-from-poison
2026-09-12 15:14:59,964 - urllib3.connectionpool - DEBUG - Starting new HTTPS connection (1): www.dnd5eapi.co:443
2026-09-12 15:14:59,987 - urllib3.connectionpool - DEBUG - https://www.dnd5eapi.co:443 "GET /api/2014/monsters/reef-shark HTTP/1.1" 200 1661
2026-09-12 15:14:59,988 - src.core.cache - DEBUG - Cached value for key: dnd_item_monsters_reef-shark
2026-09-12 15:14:59,995 - src.core.cache - DEBUG - Cache miss for key: dnd_item_monsters_remorhaz
2026-09-12 15:14:59,995 - src.core.resources - DEBUG - Prefetching item details: monsters/remorhaz
2026-09-12 15:14:59,995 - urllib3.connectionpool - DEBUG - Starting new HTTPS connection (1): www.dnd5eapi.co:443
2026-09-12 15:15:00,282 - urllib3.connectionpool - DEBUG - https://www.dnd5eapi.co:443 "GET /api/equipment/wooden-staff HTTP/1.1" 301 66
2026-09-12 15:15:00,290 - urllib3.connectionpool - DEBUG - https://www.dnd5eapi.co:443 "GET /api/spells/protection-from-poison HTTP/1.1" 301 73
2026-09-12 15:15:00,336 - urllib3.connectionpool - DEBUG - https://www.dnd5eapi.co:443 "GET /api/monsters/remorhaz HTTP/1.1" 301 61
2026-09-12 15:15:00,391 - urllib3.connectionpool - DEBUG - https://www.dnd5eapi.co:443 "GET /api/2014/equipment/wooden-staff HTTP/1.1" 200 767
2026-09-12 15:15:00,392 - src.core.cache - DEBUG - Cached value for key: dnd_item_equipment_wooden-staff
2026-09-12 15:15:00,396 - urllib3.connectionpool - DEBUG - https://www.dnd5eapi.co:443 "GET /api/2014/spells/protection-from-poison HTTP/1.1" 200 1098
2026-09-12 15:15:00,397 - src.core.cache - DEBUG - Cached value for key: dnd_item_spells_protection-from-poison
2026-09-12 15:15:00,399 - src.core.cache - DEBUG - Cache miss for key: dnd_item_equipment_yew-wand
2026-09-12 15:15:00,399 - src.core.resources - DEBUG - Prefetching item details: equipment/yew-wand
2026-09-12 15:15:00,399 - src.core.cache - DEBUG - Cache miss for key: dnd_item_spells_purify-food-and-drink
2026-09-12 15:15:00,399 - src.core.resources - DEBUG - Prefetching item details: spells/purify-food-and-drink
2026-09-12 15:15:00,400 - urllib3.connectionpool - DEBUG - Starting new HTTPS connection (1): www.dnd5eapi.co:443
2026-09-12 15:15:00,400 - urllib3.connectionpool - DEBUG - Starting new HTTPS connection (1): www.dnd5eapi.co:443
2026-09-12 15:15:00,444 - urllib3.connectionpool - DEBUG - https://www.dnd5eapi.co:443 "GET /api/2014/monsters/remorhaz HTTP/1.1" 200 2528
2026-09-12 15:15:00,445 - src.core.cache - DEBUG - Cached value for key: dnd_item_monsters_remorhaz
2026-09-12 15:15:00,451 - src.core.cache - DEBUG - Cache miss for key: dnd_item_monsters_rhinoceros
2026-09-12 15:15:00,451 - src.core.resources - DEBUG - Prefetching item details: monsters/rhinoceros
2026-09-12 15:15:00,452 - urllib3.connectionpool - DEBUG - Starting new HTTPS connection (1): www.dnd5eapi.co:443
2026-09-12 15:15:00,725 - urllib3.connectionpool - DEBUG - https://www.dnd5eapi.co:443 "GET /api/spells/purify-food-and-drink HTTP/1.1" 301 72
2026-09-12 15:15:00,751 - urllib3.connectionpool - DEBUG - https://www.dnd5eapi.co:443 "GET /api/equipment/yew-wand HTTP/1.1" 301 62
2026-09-12 15:15:00,778 - urllib3.connectionpool - DEBUG - https://www.dnd5eapi.co:443 "GET /api/monsters/rhinoceros HTTP/1.1" 301 63
2026-09-12 15:15:00,831 - urllib3.connectionpool - DEBUG - https://www.dnd5eapi.co:443 "GET /api/2014/spells/purify-food-and-drink HTTP/1.1" 200 881
2026-09-12 15:15:00,832 - src.core.cache - DEBUG - Cached value for key: dnd_item_spells_purify-food-and-drink
2026-09-12 15:15:00,839 - src.core.cache - DEBUG - Cache miss for key: dnd_item_spells_raise-dead
2026-09-12 15:15:00,840 - src.core.resources - DEBUG - Prefetching item details: spells/raise-dead
2026-09-12 15:15:00,840 - urllib3.connectionpool - DEBUG - Starting new HTTPS connection (1): www.dnd5eapi.co:443
2026-09-12 15:15:00,859 - urllib3.connectionpool - DEBUG - https://www.dnd5eapi.co:443 "GET /api/2014/equipment/yew-wand HTTP/1.1" 200 756
2026-09-12 15:15:00,860 - src.core.cache - DEBUG - Cached value for key: dnd_item_equipment_yew-wand
2026-09-12 15:15:00,886 - urllib3.connectionpool - DEBUG - https://www.dnd5eapi.co:443 "GET /api/2014/monsters/rhinoceros HTTP/1.1" 200 1345
2026-09-12 15:15:00,887 - src.core.cache - DEBUG - Cached value for key: dnd_item_monsters_rhinoceros
2026-09-12 15:15:00,894 - src.core.cache - DEBUG - Cache miss for key: dnd_item_monsters_riding-horse
2026-09-12 15:15:00,894 - src.core.resources - DEBUG - Prefetching item details: monsters/riding-horse
2026-09-12 15:15:00,894 - urllib3.connectionpool - DEBUG - Starting new HTTPS connection (1): www.dnd5eapi.co:443
2026-09-12 15:15:01,169 - urllib3.connectionpool - DEBUG - https://www.dnd5eapi.co:443 "GET /api/spells/raise-dead HTTP/1.1" 301 61
2026-09-12 15:15:01,221 - urllib3.connectionpool - DEBUG - https://www.dnd5eapi.co:443 "GET /api/monsters/riding-horse HTTP/1.1" 301 65
2026-09-12 15:15:01,278 - urllib3.connectionpool - DEBUG - https://www.dnd5eapi.co:443 "GET /api/2014/spells/raise-dead HTTP/1.1" 200 1765
2026-09-12 15:15:01,280 - src.core.cache - DEBUG - Cached value for key: dnd_item_spells_raise-dead
2026-09-12 15:15:01,286 - src.core.cache - DEBUG - Cache miss for key: dnd_item_spells_ray-of-enfeeblement
2026-09-12 15:15:01,286 - src.core.resources - DEBUG - Prefetching item details: spells/ray-of-enfeeblement
2026-09-12 15:15:01,287 - urllib3.connectionpool - DEBUG - Starting new HTTPS connection (1): www.dnd5eapi.co:443
2026-09-12 15:15:01,328 - urllib3.connectionpool - DEBUG - https://www.dnd5eapi.co:443 "GET /api/2014/monsters/riding-horse HTTP/1.1" 200 1042
2026-09-12 15:15:01,330 - src.core.cache - DEBUG - Cached value for key: dnd_item_monsters_riding-horse
2026-09-12 15:15:01,336 - src.core.cache - DEBUG - Cache miss for key: dnd_item_monsters_roc
2026-09-12 15:15:01,336 - src.core.resources - DEBUG - Prefetching item details: monsters/roc
2026-09-12 15:15:01,337 - urllib3.connectionpool - DEBUG - Starting new HTTPS connection (1): www.dnd5eapi.co:443
2026-09-12 15:15:01,627 - urllib3.connectionpool - DEBUG - https://www.dnd5eapi.co:443 "GET /api/spells/ray-of-enfeeblement HTTP/1.1" 301 70
2026-09-12 15:15:01,665 - urllib3.connectionpool - DEBUG - https://www.dnd5eapi.co:443 "GET /api/monsters/roc HTTP/1.1" 301 56
2026-09-12 15:15:01,734 - urllib3.connectionpool - DEBUG - https://www.dnd5eapi.co:443 "GET /api/2014/spells/ray-of-enfeeblement HTTP/1.1" 200 1142
2026-09-12 15:15:01,735 - src.core.cache - DEBUG - Cached value for key: dnd_item_spells_ray-of-enfeeblement
2026-09-12 15:15:01,742 - src.core.cache - DEBUG - Cache miss for key: dnd_item_spells_ray-of-frost
2026-09-12 15:15:01,742 - src.core.resources - DEBUG - Prefetching item details: spells/ray-of-frost
2026-09-12 15:15:01,742 - urllib3.connectionpool - DEBUG - Starting new HTTPS connection (1): www.dnd5eapi.co:443
2026-09-12 15:15:01,774 - urllib3.connectionpool - DEBUG - https://www.dnd5eapi.co:443 "GET /api/2014/monsters/roc HTTP/1.1" 200 2481
2026-09-12 15:15:01,775 - src.core.cache - DEBUG - Cached value for key: dnd_item_monsters_roc
2026-09-12 15:15:01,782 - src.core.cache - DEBUG - Cache miss for key: dnd_item_monsters_roper
2026-09-12 15:15:01,782 - src.core.resources - DEBUG - Prefetching item details: monsters/roper
2026-09-12 15:15:01,783 - urllib3.connectionpool - DEBUG - Starting new HTTPS connection (1): www.dnd5eapi.co:443
2026-09-12 15:15:02,093 - urllib3.connectionpool - DEBUG - https://www.dnd5eapi.co:443 "GET /api/spells/ray-of-frost HTTP/1.1" 301 63
2026-09-12 15:15:02,108 - urllib3.connectionpool - DEBUG - https://www.dnd5eapi.co:443 "GET /api/monsters/roper HTTP/1.1" 301 58
2026-09-12 15:15:02,202 - urllib3.connectionpool - DEBUG - https://www.dnd5eapi.co:443 "GET /api/2014/spells/ray-of-frost HTTP/1.1" 200 1145
2026-09-12 15:15:02,203 - src.core.cache - DEBUG - Cached value for key: dnd_item_spells_ray-of-frost
2026-09-12 15:15:02,210 - src.core.cache - DEBUG - Cache miss for key: dnd_item_spells_regenerate
2026-09-12 15:15:02,210 - src.core.resources - DEBUG - Prefetching item details: spells/regenerate
2026-09-12 15:15:02,211 - urllib3.connectionpool - DEBUG - Starting new HTTPS connection (1): www.dnd5eapi.co:443
2026-09-12 15:15:02,217 - urllib3.connectionpool - DEBUG - https://www.dnd5eapi.co:443 "GET /api/2014/monsters/roper HTTP/1.1" 200 2852
2026-09-12 15:15:02,219 - src.core.cache - DEBUG - Cached value for key: dnd_item_monsters_roper
2026-09-12 15:15:02,225 - src.core.cache - DEBUG - Cache miss for key: dnd_item_monsters_rug-of-smothering
2026-09-12 15:15:02,225 - src.core.resources - DEBUG - Prefetching item details: monsters/rug-of-smothering
2026-09-12 15:15:02,226 - urllib3.connectionpool - DEBUG - Starting new HTTPS connection (1): www.dnd5eapi.co:443
2026-09-12 15:15:02,537 - urllib3.connectionpool - DEBUG - https://www.dnd5eapi.co:443 "GET /api/spells/regenerate HTTP/1.1" 301 61
2026-09-12 15:15:02,552 - urllib3.connectionpool - DEBUG - https://www.dnd5eapi.co:443 "GET /api/monsters/rug-of-smothering HTTP/1.1" 301 70
2026-09-12 15:15:02,645 - urllib3.connectionpool - DEBUG - https://www.dnd5eapi.co:443 "GET /api/2014/spells/regenerate HTTP/1.1" 200 1149
2026-09-12 15:15:02,647 - src.core.cache - DEBUG - Cached value for key: dnd_item_spells_regenerate
2026-09-12 15:15:02,653 - src.core.cache - DEBUG - Cache miss for key: dnd_item_spells_reincarnate
2026-09-12 15:15:02,653 - src.core.resources - DEBUG - Prefetching item details: spells/reincarnate
2026-09-12 15:15:02,654 - urllib3.connectionpool - DEBUG - Starting new HTTPS connection (1): www.dnd5eapi.co:443
2026-09-12 15:15:02,664 - urllib3.connectionpool - DEBUG - https://www.dnd5eapi.co:443 "GET /api/2014/monsters/rug-of-smothering HTTP/1.1" 200 2397
2026-09-12 15:15:02,665 - src.core.cache - DEBUG - Cached value for key: dnd_item_monsters_rug-of-smothering
2026-09-12 15:15:02,672 - src.core.cache - DEBUG - Cache miss for key: dnd_item_monsters_rust-monster
2026-09-12 15:15:02,672 - src.core.resources - DEBUG - Prefetching item details: monsters/rust-monster
2026-09-12 15:15:02,673 - urllib3.connectionpool - DEBUG - Starting new HTTPS connection (1): www.dnd5eapi.co:443
2026-09-12 15:15:03,009 - urllib3.connectionpool - DEBUG - https://www.dnd5eapi.co:443 "GET /api/spells/reincarnate HTTP/1.1" 301 62
2026-09-12 15:15:03,010 - urllib3.connectionpool - DEBUG - https://www.dnd5eapi.co:443 "GET /api/monsters/rust-monster HTTP/1.1" 301 65
2026-09-12 15:15:03,121 - urllib3.connectionpool - DEBUG - https://www.dnd5eapi.co:443 "GET /api/2014/spells/reincarnate HTTP/1.1" 200 1721
2026-09-12 15:15:03,123 - src.core.cache - DEBUG - Cached value for key: dnd_item_spells_reincarnate
2026-09-12 15:15:03,123 - urllib3.connectionpool - DEBUG - https://www.dnd5eapi.co:443 "GET /api/2014/monsters/rust-monster HTTP/1.1" 200 2254
2026-09-12 15:15:03,124 - src.core.cache - DEBUG - Cached value for key: dnd_item_monsters_rust-monster
2026-09-12 15:15:03,131 - src.core.cache - DEBUG - Cache miss for key: dnd_item_spells_remove-curse
2026-09-12 15:15:03,131 - src.core.resources - DEBUG - Prefetching item details: spells/remove-curse
2026-09-12 15:15:03,131 - src.core.cache - DEBUG - Cache miss for key: dnd_item_monsters_saber-toothed-tiger
2026-09-12 15:15:03,131 - src.core.resources - DEBUG - Prefetching item details: monsters/saber-toothed-tiger
2026-09-12 15:15:03,132 - urllib3.connectionpool - DEBUG - Starting new HTTPS connection (1): www.dnd5eapi.co:443
2026-09-12 15:15:03,133 - urllib3.connectionpool - DEBUG - Starting new HTTPS connection (1): www.dnd5eapi.co:443
2026-09-12 15:15:03,460 - urllib3.connectionpool - DEBUG - https://www.dnd5eapi.co:443 "GET /api/monsters/saber-toothed-tiger HTTP/1.1" 301 72
2026-09-12 15:15:03,460 - urllib3.connectionpool - DEBUG - https://www.dnd5eapi.co:443 "GET /api/spells/remove-curse HTTP/1.1" 301 63
2026-09-12 15:15:03,569 - urllib3.connectionpool - DEBUG - https://www.dnd5eapi.co:443 "GET /api/2014/spells/remove-curse HTTP/1.1" 200 971
2026-09-12 15:15:03,570 - src.core.cache - DEBUG - Cached value for key: dnd_item_spells_remove-curse
2026-09-12 15:15:03,570 - urllib3.connectionpool - DEBUG - https://www.dnd5eapi.co:443 "GET /api/2014/monsters/saber-toothed-tiger HTTP/1.1" 200 2143
2026-09-12 15:15:03,572 - src.core.cache - DEBUG - Cached value for key: dnd_item_monsters_saber-toothed-tiger
2026-09-12 15:15:03,578 - src.core.cache - DEBUG - Cache miss for key: dnd_item_spells_resilient-sphere
2026-09-12 15:15:03,578 - src.core.cache - DEBUG - Cache miss for key: dnd_item_monsters_sahuagin
2026-09-12 15:15:03,578 - src.core.resources - DEBUG - Prefetching item details: spells/resilient-sphere
2026-09-12 15:15:03,579 - src.core.resources - DEBUG - Prefetching item details: monsters/sahuagin
2026-09-12 15:15:03,579 - urllib3.connectionpool - DEBUG - Starting new HTTPS connection (1): www.dnd5eapi.co:443
2026-09-12 15:15:03,580 - urllib3.connectionpool - DEBUG - Starting new HTTPS connection (1): www.dnd5eapi.co:443
2026-09-12 15:15:03,913 - urllib3.connectionpool - DEBUG - https://www.dnd5eapi.co:443 "GET /api/monsters/sahuagin HTTP/1.1" 301 61
2026-09-12 15:15:03,913 - urllib3.connectionpool - DEBUG - https://www.dnd5eapi.co:443 "GET /api/spells/resilient-sphere HTTP/1.1" 301 67
2026-09-12 15:15:04,022 - urllib3.connectionpool - DEBUG - https://www.dnd5eapi.co:443 "GET /api/2014/monsters/sahuagin HTTP/1.1" 200 3277
2026-09-12 15:15:04,023 - src.core.cache - DEBUG - Cached value for key: dnd_item_monsters_sahuagin
2026-09-12 15:15:04,023 - urllib3.connectionpool - DEBUG - https://www.dnd5eapi.co:443 "GET /api/2014/spells/resilient-sphere HTTP/1.1" 200 1661
2026-09-12 15:15:04,024 - src.core.cache - DEBUG - Cached value for key: dnd_item_spells_resilient-sphere
2026-09-12 15:15:04,031 - src.core.cache - DEBUG - Cache miss for key: dnd_item_spells_resistance
2026-09-12 15:15:04,031 - src.core.cache - DEBUG - Cache miss for key: dnd_item_monsters_salamander
2026-09-12 15:15:04,031 - src.core.resources - DEBUG - Prefetching item details: spells/resistance
2026-09-12 15:15:04,031 - src.core.resources - DEBUG - Prefetching item details: monsters/salamander
2026-09-12 15:15:04,032 - urllib3.connectionpool - DEBUG - Starting new HTTPS connection (1): www.dnd5eapi.co:443
2026-09-12 15:15:04,032 - urllib3.connectionpool - DEBUG - Starting new HTTPS connection (1): www.dnd5eapi.co:443
2026-09-12 15:15:04,362 - urllib3.connectionpool - DEBUG - https://www.dnd5eapi.co:443 "GET /api/spells/resistance HTTP/1.1" 301 61
2026-09-12 15:15:04,362 - urllib3.connectionpool - DEBUG - https://www.dnd5eapi.co:443 "GET /api/monsters/salamander HTTP/1.1" 301 63
2026-09-12 15:15:04,470 - urllib3.connectionpool - DEBUG - https://www.dnd5eapi.co:443 "GET /api/2014/spells/resistance HTTP/1.1" 200 870
2026-09-12 15:15:04,471 - src.core.cache - DEBUG - Cached value for key: dnd_item_spells_resistance
2026-09-12 15:15:04,472 - urllib3.connectionpool - DEBUG - https://www.dnd5eapi.co:443 "GET /api/2014/monsters/salamander HTTP/1.1" 200 2993
2026-09-12 15:15:04,474 - src.core.cache - DEBUG - Cached value for key: dnd_item_monsters_salamander
2026-09-12 15:15:04,478 - src.core.cache - DEBUG - Cache miss for key: dnd_item_monsters_satyr
2026-09-12 15:15:04,479 - src.core.cache - DEBUG - Cache miss for key: dnd_item_spells_resurrection
2026-09-12 15:15:04,479 - src.core.resources - DEBUG - Prefetching item details: monsters/satyr
2026-09-12 15:15:04,479 - src.core.resources - DEBUG - Prefetching item details: spells/resurrection
2026-09-12 15:15:04,480 - urllib3.connectionpool - DEBUG - Starting new HTTPS connection (1): www.dnd5eapi.co:443
2026-09-12 15:15:04,480 - urllib3.connectionpool - DEBUG - Starting new HTTPS connection (1): www.dnd5eapi.co:443
2026-09-12 15:15:04,810 - urllib3.connectionpool - DEBUG - https://www.dnd5eapi.co:443 "GET /api/monsters/satyr HTTP/1.1" 301 58
2026-09-12 15:15:04,811 - urllib3.connectionpool - DEBUG - https://www.dnd5eapi.co:443 "GET /api/spells/resurrection HTTP/1.1" 301 63
2026-09-12 15:15:04,920 - urllib3.connectionpool - DEBUG - https://www.dnd5eapi.co:443 "GET /api/2014/monsters/satyr HTTP/1.1" 200 2220
2026-09-12 15:15:04,920 - urllib3.connectionpool - DEBUG - https://www.dnd5eapi.co:443 "GET /api/2014/spells/resurrection HTTP/1.1" 200 1653
2026-09-12 15:15:04,921 - src.core.cache - DEBUG - Cached value for key: dnd_item_monsters_satyr
2026-09-12 15:15:04,922 - src.core.cache - DEBUG - Cached value for key: dnd_item_spells_resurrection
2026-09-12 15:15:04,928 - src.core.cache - DEBUG - Cache miss for key: dnd_item_monsters_scorpion
2026-09-12 15:15:04,928 - src.core.resources - DEBUG - Prefetching item details: monsters/scorpion
2026-09-12 15:15:04,928 - src.core.cache - DEBUG - Cache miss for key: dnd_item_spells_reverse-gravity
2026-09-12 15:15:04,929 - src.core.resources - DEBUG - Prefetching item details: spells/reverse-gravity
2026-09-12 15:15:04,930 - urllib3.connectionpool - DEBUG - Starting new HTTPS connection (1): www.dnd5eapi.co:443
2026-09-12 15:15:04,930 - urllib3.connectionpool - DEBUG - Starting new HTTPS connection (1): www.dnd5eapi.co:443
2026-09-12 15:15:05,260 - urllib3.connectionpool - DEBUG - https://www.dnd5eapi.co:443 "GET /api/spells/reverse-gravity HTTP/1.1" 301 66
2026-09-12 15:15:05,260 - urllib3.connectionpool - DEBUG - https://www.dnd5eapi.co:443 "GET /api/monsters/scorpion HTTP/1.1" 301 61
2026-09-12 15:15:05,371 - urllib3.connectionpool - DEBUG - https://www.dnd5eapi.co:443 "GET /api/2014/spells/reverse-gravity HTTP/1.1" 200 1704
2026-09-12 15:15:05,372 - src.core.cache - DEBUG - Cached value for key: dnd_item_spells_reverse-gravity
2026-09-12 15:15:05,373 - urllib3.connectionpool - DEBUG - https://www.dnd5eapi.co:443 "GET /api/2014/monsters/scorpion HTTP/1.1" 200 1166
2026-09-12 15:15:05,374 - src.core.cache - DEBUG - Cached value for key: dnd_item_monsters_scorpion
2026-09-12 15:15:05,380 - src.core.cache - DEBUG - Cache miss for key: dnd_item_spells_revivify
2026-09-12 15:15:05,380 - src.core.resources - DEBUG - Prefetching item details: spells/revivify
2026-09-12 15:15:05,380 - src.core.cache - DEBUG - Cache miss for key: dnd_item_monsters_scout
2026-09-12 15:15:05,380 - src.core.resources - DEBUG - Prefetching item details: monsters/scout
2026-09-12 15:15:05,381 - urllib3.connectionpool - DEBUG - Starting new HTTPS connection (1): www.dnd5eapi.co:443
2026-09-12 15:15:05,382 - urllib3.connectionpool - DEBUG - Starting new HTTPS connection (1): www.dnd5eapi.co:443
2026-09-12 15:15:05,708 - urllib3.connectionpool - DEBUG - https://www.dnd5eapi.co:443 "GET /api/monsters/scout HTTP/1.1" 301 58
2026-09-12 15:15:05,708 - urllib3.connectionpool - DEBUG - https://www.dnd5eapi.co:443 "GET /api/spells/revivify HTTP/1.1" 301 59
2026-09-12 15:15:05,818 - urllib3.connectionpool - DEBUG - https://www.dnd5eapi.co:443 "GET /api/2014/spells/revivify HTTP/1.1" 200 958
2026-09-12 15:15:05,819 - urllib3.connectionpool - DEBUG - https://www.dnd5eapi.co:443 "GET /api/2014/monsters/scout HTTP/1.1" 200 2686
2026-09-12 15:15:05,820 - src.core.cache - DEBUG - Cached value for key: dnd_item_spells_revivify
2026-09-12 15:15:05,822 - src.core.cache - DEBUG - Cached value for key: dnd_item_monsters_scout
2026-09-12 15:15:05,829 - src.core.cache - DEBUG - Cache miss for key: dnd_item_spells_rope-trick
2026-09-12 15:15:05,830 - src.core.resources - DEBUG - Prefetching item details: spells/rope-trick
2026-09-12 15:15:05,830 - src.core.cache - DEBUG - Cache miss for key: dnd_item_monsters_sea-hag
2026-09-12 15:15:05,830 - src.core.resources - DEBUG - Prefetching item details: monsters/sea-hag
2026-09-12 15:15:05,831 - urllib3.connectionpool - DEBUG - Starting new HTTPS connection (1): www.dnd5eapi.co:443
2026-09-12 15:15:05,832 - urllib3.connectionpool - DEBUG - Starting new HTTPS connection (1): www.dnd5eapi.co:443
2026-09-12 15:15:06,156 - urllib3.connectionpool - DEBUG - https://www.dnd5eapi.co:443 "GET /api/spells/rope-trick HTTP/1.1" 301 61
2026-09-12 15:15:06,175 - urllib3.connectionpool - DEBUG - https://www.dnd5eapi.co:443 "GET /api/monsters/sea-hag HTTP/1.1" 301 60
2026-09-12 15:15:06,278 - urllib3.connectionpool - DEBUG - https://www.dnd5eapi.co:443 "GET /api/2014/spells/rope-trick HTTP/1.1" 200 1399
2026-09-12 15:15:06,279 - src.core.cache - DEBUG - Cached value for key: dnd_item_spells_rope-trick
2026-09-12 15:15:06,285 - src.core.cache - DEBUG - Cache miss for key: dnd_item_spells_sacred-flame
2026-09-12 15:15:06,285 - src.core.resources - DEBUG - Prefetching item details: spells/sacred-flame
2026-09-12 15:15:06,286 - urllib3.connectionpool - DEBUG - https://www.dnd5eapi.co:443 "GET /api/2014/monsters/sea-hag HTTP/1.1" 200 3013
2026-09-12 15:15:06,287 - src.core.cache - DEBUG - Cached value for key: dnd_item_monsters_sea-hag
2026-09-12 15:15:06,287 - urllib3.connectionpool - DEBUG - Starting new HTTPS connection (1): www.dnd5eapi.co:443
2026-09-12 15:15:06,293 - src.core.cache - DEBUG - Cache miss for key: dnd_item_monsters_sea-horse
2026-09-12 15:15:06,293 - src.core.resources - DEBUG - Prefetching item details: monsters/sea-horse
2026-09-12 15:15:06,294 - urllib3.connectionpool - DEBUG - Starting new HTTPS connection (1): www.dnd5eapi.co:443
2026-09-12 15:15:06,618 - urllib3.connectionpool - DEBUG - https://www.dnd5eapi.co:443 "GET /api/spells/sacred-flame HTTP/1.1" 301 63
2026-09-12 15:15:06,640 - urllib3.connectionpool - DEBUG - https://www.dnd5eapi.co:443 "GET /api/monsters/sea-horse HTTP/1.1" 301 62
2026-09-12 15:15:06,728 - urllib3.connectionpool - DEBUG - https://www.dnd5eapi.co:443 "GET /api/2014/spells/sacred-flame HTTP/1.1" 200 1148
2026-09-12 15:15:06,729 - src.core.cache - DEBUG - Cached value for key: dnd_item_spells_sacred-flame
2026-09-12 15:15:06,736 - src.core.cache - DEBUG - Cache miss for key: dnd_item_spells_sanctuary
2026-09-12 15:15:06,736 - src.core.resources - DEBUG - Prefetching item details: spells/sanctuary
2026-09-12 15:15:06,737 - urllib3.connectionpool - DEBUG - Starting new HTTPS connection (1): www.dnd5eapi.co:443
2026-09-12 15:15:06,749 - urllib3.connectionpool - DEBUG - https://www.dnd5eapi.co:443 "GET /api/2014/monsters/sea-horse HTTP/1.1" 200 823
2026-09-12 15:15:06,751 - src.core.cache - DEBUG - Cached value for key: dnd_item_monsters_sea-horse
2026-09-12 15:15:06,757 - src.core.cache - DEBUG - Cache miss for key: dnd_item_monsters_shadow
2026-09-12 15:15:06,757 - src.core.resources - DEBUG - Prefetching item details: monsters/shadow
2026-09-12 15:15:06,758 - urllib3.connectionpool - DEBUG - Starting new HTTPS connection (1): www.dnd5eapi.co:443
2026-09-12 15:15:07,071 - urllib3.connectionpool - DEBUG - https://www.dnd5eapi.co:443 "GET /api/spells/sanctuary HTTP/1.1" 301 60
2026-09-12 15:15:07,084 - urllib3.connectionpool - DEBUG - https://www.dnd5eapi.co:443 "GET /api/monsters/shadow HTTP/1.1" 301 59
2026-09-12 15:15:07,178 - urllib3.connectionpool - DEBUG - https://www.dnd5eapi.co:443 "GET /api/2014/spells/sanctuary HTTP/1.1" 200 1142
2026-09-12 15:15:07,179 - src.core.cache - DEBUG - Cached value for key: dnd_item_spells_sanctuary
2026-09-12 15:15:07,186 - src.core.cache - DEBUG - Cache miss for key: dnd_item_spells_scorching-ray
2026-09-12 15:15:07,186 - src.core.resources - DEBUG - Prefetching item details: spells/scorching-ray
2026-09-12 15:15:07,187 - urllib3.connectionpool - DEBUG - Starting new HTTPS connection (1): www.dnd5eapi.co:443
2026-09-12 15:15:07,193 - urllib3.connectionpool - DEBUG - https://www.dnd5eapi.co:443 "GET /api/2014/monsters/shadow HTTP/1.1" 200 2649
2026-09-12 15:15:07,194 - src.core.cache - DEBUG - Cached value for key: dnd_item_monsters_shadow
2026-09-12 15:15:07,200 - src.core.cache - DEBUG - Cache miss for key: dnd_item_monsters_shambling-mound
2026-09-12 15:15:07,200 - src.core.resources - DEBUG - Prefetching item details: monsters/shambling-mound
2026-09-12 15:15:07,201 - urllib3.connectionpool - DEBUG - Starting new HTTPS connection (1): www.dnd5eapi.co:443
2026-09-12 15:15:07,512 - urllib3.connectionpool - DEBUG - https://www.dnd5eapi.co:443 "GET /api/spells/scorching-ray HTTP/1.1" 301 64
2026-09-12 15:15:07,527 - urllib3.connectionpool - DEBUG - https://www.dnd5eapi.co:443 "GET /api/monsters/shambling-mound HTTP/1.1" 301 68
2026-09-12 15:15:07,619 - urllib3.connectionpool - DEBUG - https://www.dnd5eapi.co:443 "GET /api/2014/spells/scorching-ray HTTP/1.1" 200 1149
2026-09-12 15:15:07,620 - src.core.cache - DEBUG - Cached value for key: dnd_item_spells_scorching-ray
2026-09-12 15:15:07,627 - src.core.cache - DEBUG - Cache miss for key: dnd_item_spells_scrying
2026-09-12 15:15:07,627 - src.core.resources - DEBUG - Prefetching item details: spells/scrying
2026-09-12 15:15:07,628 - urllib3.connectionpool - DEBUG - Starting new HTTPS connection (1): www.dnd5eapi.co:443
2026-09-12 15:15:07,635 - urllib3.connectionpool - DEBUG - https://www.dnd5eapi.co:443 "GET /api/2014/monsters/shambling-mound HTTP/1.1" 200 2514
2026-09-12 15:15:07,636 - src.core.cache - DEBUG - Cached value for key: dnd_item_monsters_shambling-mound
2026-09-12 15:15:07,643 - src.core.cache - DEBUG - Cache miss for key: dnd_item_monsters_shield-guardian
2026-09-12 15:15:07,643 - src.core.resources - DEBUG - Prefetching item details: monsters/shield-guardian
2026-09-12 15:15:07,643 - urllib3.connectionpool - DEBUG - Starting new HTTPS connection (1): www.dnd5eapi.co:443
2026-09-12 15:15:07,973 - urllib3.connectionpool - DEBUG - https://www.dnd5eapi.co:443 "GET /api/monsters/shield-guardian HTTP/1.1" 301 68
2026-09-12 15:15:07,973 - urllib3.connectionpool - DEBUG - https://www.dnd5eapi.co:443 "GET /api/spells/scrying HTTP/1.1" 301 58
2026-09-12 15:15:08,082 - urllib3.connectionpool - DEBUG - https://www.dnd5eapi.co:443 "GET /api/2014/spells/scrying HTTP/1.1" 200 2382
2026-09-12 15:15:08,084 - src.core.cache - DEBUG - Cached value for key: dnd_item_spells_scrying
2026-09-12 15:15:08,084 - urllib3.connectionpool - DEBUG - https://www.dnd5eapi.co:443 "GET /api/2014/monsters/shield-guardian HTTP/1.1" 200 3111
2026-09-12 15:15:08,086 - src.core.cache - DEBUG - Cached value for key: dnd_item_monsters_shield-guardian
2026-09-12 15:15:08,095 - src.core.cache - DEBUG - Cache miss for key: dnd_item_monsters_shrieker
2026-09-12 15:15:08,095 - src.core.resources - DEBUG - Prefetching item details: monsters/shrieker
2026-09-12 15:15:08,095 - src.core.cache - DEBUG - Cache miss for key: dnd_item_spells_secret-chest
2026-09-12 15:15:08,095 - src.core.resources - DEBUG - Prefetching item details: spells/secret-chest
2026-09-12 15:15:08,096 - urllib3.connectionpool - DEBUG - Starting new HTTPS connection (1): www.dnd5eapi.co:443
2026-09-12 15:15:08,097 - urllib3.connectionpool - DEBUG - Starting new HTTPS connection (1): www.dnd5eapi.co:443
2026-09-12 15:15:08,427 - urllib3.connectionpool - DEBUG - https://www.dnd5eapi.co:443 "GET /api/spells/secret-chest HTTP/1.1" 301 63
2026-09-12 15:15:08,429 - urllib3.connectionpool - DEBUG - https://www.dnd5eapi.co:443 "GET /api/monsters/shrieker HTTP/1.1" 301 61
2026-09-12 15:15:08,534 - urllib3.connectionpool - DEBUG - https://www.dnd5eapi.co:443 "GET /api/2014/spells/secret-chest HTTP/1.1" 200 1558
2026-09-12 15:15:08,535 - src.core.cache - DEBUG - Cached value for key: dnd_item_spells_secret-chest
2026-09-12 15:15:08,536 - urllib3.connectionpool - DEBUG - https://www.dnd5eapi.co:443 "GET /api/2014/monsters/shrieker HTTP/1.1" 200 1404
2026-09-12 15:15:08,537 - src.core.cache - DEBUG - Cached value for key: dnd_item_monsters_shrieker
2026-09-12 15:15:08,542 - src.core.cache - DEBUG - Cache miss for key: dnd_item_monsters_silver-dragon-wyrmling
2026-09-12 15:15:08,542 - src.core.cache - DEBUG - Cache miss for key: dnd_item_spells_see-invisibility
2026-09-12 15:15:08,542 - src.core.resources - DEBUG - Prefetching item details: spells/see-invisibility
2026-09-12 15:15:08,542 - src.core.resources - DEBUG - Prefetching item details: monsters/silver-dragon-wyrmling
2026-09-12 15:15:08,544 - urllib3.connectionpool - DEBUG - Starting new HTTPS connection (1): www.dnd5eapi.co:443
2026-09-12 15:15:08,544 - urllib3.connectionpool - DEBUG - Starting new HTTPS connection (1): www.dnd5eapi.co:443
2026-09-12 15:15:08,872 - urllib3.connectionpool - DEBUG - https://www.dnd5eapi.co:443 "GET /api/monsters/silver-dragon-wyrmling HTTP/1.1" 301 75
2026-09-12 15:15:08,872 - urllib3.connectionpool - DEBUG - https://www.dnd5eapi.co:443 "GET /api/spells/see-invisibility HTTP/1.1" 301 67
2026-09-12 15:15:08,982 - urllib3.connectionpool - DEBUG - https://www.dnd5eapi.co:443 "GET /api/2014/spells/see-invisibility HTTP/1.1" 200 949
2026-09-12 15:15:08,983 - src.core.cache - DEBUG - Cached value for key: dnd_item_spells_see-invisibility
2026-09-12 15:15:08,984 - urllib3.connectionpool - DEBUG - https://www.dnd5eapi.co:443 "GET /api/2014/monsters/silver-dragon-wyrmling HTTP/1.1" 200 3167
2026-09-12 15:15:08,985 - src.core.cache - DEBUG - Cached value for key: dnd_item_monsters_silver-dragon-wyrmling
2026-09-12 15:15:08,992 - src.core.cache - DEBUG - Cache miss for key: dnd_item_spells_seeming
2026-09-12 15:15:08,992 - src.core.resources - DEBUG - Prefetching item details: spells/seeming
2026-09-12 15:15:08,992 - src.core.cache - DEBUG - Cache miss for key: dnd_item_monsters_skeleton
2026-09-12 15:15:08,993 - src.core.resources - DEBUG - Prefetching item details: monsters/skeleton
2026-09-12 15:15:08,994 - urllib3.connectionpool - DEBUG - Starting new HTTPS connection (1): www.dnd5eapi.co:443
2026-09-12 15:15:08,994 - urllib3.connectionpool - DEBUG - Starting new HTTPS connection (1): www.dnd5eapi.co:443
2026-09-12 15:15:09,340 - urllib3.connectionpool - DEBUG - https://www.dnd5eapi.co:443 "GET /api/monsters/skeleton HTTP/1.1" 301 61
2026-09-12 15:15:09,341 - urllib3.connectionpool - DEBUG - https://www.dnd5eapi.co:443 "GET /api/spells/seeming HTTP/1.1" 301 58
2026-09-12 15:15:09,450 - urllib3.connectionpool - DEBUG - https://www.dnd5eapi.co:443 "GET /api/2014/monsters/skeleton HTTP/1.1" 200 1586
2026-09-12 15:15:09,451 - src.core.cache - DEBUG - Cached value for key: dnd_item_monsters_skeleton
2026-09-12 15:15:09,452 - urllib3.connectionpool - DEBUG - https://www.dnd5eapi.co:443 "GET /api/2014/spells/seeming HTTP/1.1" 200 1919
2026-09-12 15:15:09,453 - src.core.cache - DEBUG - Cached value for key: dnd_item_spells_seeming
2026-09-12 15:15:09,459 - src.core.cache - DEBUG - Cache miss for key: dnd_item_spells_sending
2026-09-12 15:15:09,459 - src.core.resources - DEBUG - Prefetching item details: spells/sending
2026-09-12 15:15:09,460 - src.core.cache - DEBUG - Cache miss for key: dnd_item_monsters_solar
2026-09-12 15:15:09,460 - src.core.resources - DEBUG - Prefetching item details: monsters/solar
2026-09-12 15:15:09,460 - urllib3.connectionpool - DEBUG - Starting new HTTPS connection (1): www.dnd5eapi.co:443
2026-09-12 15:15:09,461 - urllib3.connectionpool - DEBUG - Starting new HTTPS connection (1): www.dnd5eapi.co:443
2026-09-12 15:15:09,786 - urllib3.connectionpool - DEBUG - https://www.dnd5eapi.co:443 "GET /api/monsters/solar HTTP/1.1" 301 58
2026-09-12 15:15:09,786 - urllib3.connectionpool - DEBUG - https://www.dnd5eapi.co:443 "GET /api/spells/sending HTTP/1.1" 301 58
2026-09-12 15:15:09,897 - urllib3.connectionpool - DEBUG - https://www.dnd5eapi.co:443 "GET /api/2014/monsters/solar HTTP/1.1" 200 6675
2026-09-12 15:15:09,898 - urllib3.connectionpool - DEBUG - https://www.dnd5eapi.co:443 "GET /api/2014/spells/sending HTTP/1.1" 200 1250
2026-09-12 15:15:09,899 - src.core.cache - DEBUG - Cached value for key: dnd_item_monsters_solar
2026-09-12 15:15:09,900 - src.core.cache - DEBUG - Cached value for key: dnd_item_spells_sending
2026-09-12 15:15:09,907 - src.core.cache - DEBUG - Cache miss for key: dnd_item_monsters_specter
2026-09-12 15:15:09,907 - src.core.cache - DEBUG - Cache miss for key: dnd_item_spells_sequester
2026-09-12 15:15:09,907 - src.core.resources - DEBUG - Prefetching item details: monsters/specter
2026-09-12 15:15:09,908 - src.core.resources - DEBUG - Prefetching item details: spells/sequester
2026-09-12 15:15:09,909 - urllib3.connectionpool - DEBUG - Starting new HTTPS connection (1): www.dnd5eapi.co:443
2026-09-12 15:15:09,909 - urllib3.connectionpool - DEBUG - Starting new HTTPS connection (1): www.dnd5eapi.co:443
2026-09-12 15:15:10,236 - urllib3.connectionpool - DEBUG - https://www.dnd5eapi.co:443 "GET /api/spells/sequester HTTP/1.1" 301 60
2026-09-12 15:15:10,244 - urllib3.connectionpool - DEBUG - https://www.dnd5eapi.co:443 "GET /api/monsters/specter HTTP/1.1" 301 60
2026-09-12 15:15:10,344 - urllib3.connectionpool - DEBUG - https://www.dnd5eapi.co:443 "GET /api/2014/spells/sequester HTTP/1.1" 200 1323
2026-09-12 15:15:10,345 - src.core.cache - DEBUG - Cached value for key: dnd_item_spells_sequester
2026-09-12 15:15:10,351 - src.core.cache - DEBUG - Cache miss for key: dnd_item_spells_shapechange
2026-09-12 15:15:10,351 - src.core.resources - DEBUG - Prefetching item details: spells/shapechange
2026-09-12 15:15:10,352 - urllib3.connectionpool - DEBUG - Starting new HTTPS connection (1): www.dnd5eapi.co:443
2026-09-12 15:15:10,353 - urllib3.connectionpool - DEBUG - https://www.dnd5eapi.co:443 "GET /api/2014/monsters/specter HTTP/1.1" 200 2604
2026-09-12 15:15:10,354 - src.core.cache - DEBUG - Cached value for key: dnd_item_monsters_specter
2026-09-12 15:15:10,360 - src.core.cache - DEBUG - Cache miss for key: dnd_item_monsters_spider
2026-09-12 15:15:10,360 - src.core.resources - DEBUG - Prefetching item details: monsters/spider
2026-09-12 15:15:10,361 - urllib3.connectionpool - DEBUG - Starting new HTTPS connection (1): www.dnd5eapi.co:443
2026-09-12 15:15:10,690 - urllib3.connectionpool - DEBUG - https://www.dnd5eapi.co:443 "GET /api/monsters/spider HTTP/1.1" 301 59
2026-09-12 15:15:10,694 - urllib3.connectionpool - DEBUG - https://www.dnd5eapi.co:443 "GET /api/spells/shapechange HTTP/1.1" 301 62
2026-09-12 15:15:10,798 - urllib3.connectionpool - DEBUG - https://www.dnd5eapi.co:443 "GET /api/2014/monsters/spider HTTP/1.1" 200 1662
2026-09-12 15:15:10,799 - src.core.cache - DEBUG - Cached value for key: dnd_item_monsters_spider
2026-09-12 15:15:10,801 - urllib3.connectionpool - DEBUG - https://www.dnd5eapi.co:443 "GET /api/2014/spells/shapechange HTTP/1.1" 200 3027
2026-09-12 15:15:10,802 - src.core.cache - DEBUG - Cached value for key: dnd_item_spells_shapechange
2026-09-12 15:15:10,805 - src.core.cache - DEBUG - Cache miss for key: dnd_item_monsters_spirit-naga
2026-09-12 15:15:10,805 - src.core.resources - DEBUG - Prefetching item details: monsters/spirit-naga
2026-09-12 15:15:10,805 - src.core.cache - DEBUG - Cache miss for key: dnd_item_spells_shatter
2026-09-12 15:15:10,806 - src.core.resources - DEBUG - Prefetching item details: spells/shatter
2026-09-12 15:15:10,806 - urllib3.connectionpool - DEBUG - Starting new HTTPS connection (1): www.dnd5eapi.co:443
2026-09-12 15:15:10,807 - urllib3.connectionpool - DEBUG - Starting new HTTPS connection (1): www.dnd5eapi.co:443
2026-09-12 15:15:11,132 - urllib3.connectionpool - DEBUG - https://www.dnd5eapi.co:443 "GET /api/monsters/spirit-naga HTTP/1.1" 301 64
2026-09-12 15:15:11,135 - urllib3.connectionpool - DEBUG - https://www.dnd5eapi.co:443 "GET /api/spells/shatter HTTP/1.1" 301 58
2026-09-12 15:15:11,240 - urllib3.connectionpool - DEBUG - https://www.dnd5eapi.co:443 "GET /api/2014/monsters/spirit-naga HTTP/1.1" 200 3846
2026-09-12 15:15:11,241 - src.core.cache - DEBUG - Cached value for key: dnd_item_monsters_spirit-naga
2026-09-12 15:15:11,243 - urllib3.connectionpool - DEBUG - https://www.dnd5eapi.co:443 "GET /api/2014/spells/shatter HTTP/1.1" 200 1783
2026-09-12 15:15:11,244 - src.core.cache - DEBUG - Cached value for key: dnd_item_spells_shatter
2026-09-12 15:15:11,248 - src.core.cache - DEBUG - Cache miss for key: dnd_item_monsters_sprite
2026-09-12 15:15:11,249 - src.core.resources - DEBUG - Prefetching item details: monsters/sprite
2026-09-12 15:15:11,249 - src.core.cache - DEBUG - Cache miss for key: dnd_item_spells_shield
2026-09-12 15:15:11,249 - src.core.resources - DEBUG - Prefetching item details: spells/shield
2026-09-12 15:15:11,250 - urllib3.connectionpool - DEBUG - Starting new HTTPS connection (1): www.dnd5eapi.co:443
2026-09-12 15:15:11,250 - urllib3.connectionpool - DEBUG - Starting new HTTPS connection (1): www.dnd5eapi.co:443
2026-09-12 15:15:11,577 - urllib3.connectionpool - DEBUG - https://www.dnd5eapi.co:443 "GET /api/monsters/sprite HTTP/1.1" 301 59
2026-09-12 15:15:11,578 - urllib3.connectionpool - DEBUG - https://www.dnd5eapi.co:443 "GET /api/spells/shield HTTP/1.1" 301 57
2026-09-12 15:15:11,685 - urllib3.connectionpool - DEBUG - https://www.dnd5eapi.co:443 "GET /api/2014/spells/shield HTTP/1.1" 200 808
2026-09-12 15:15:11,686 - src.core.cache - DEBUG - Cached value for key: dnd_item_spells_shield
2026-09-12 15:15:11,687 - urllib3.connectionpool - DEBUG - https://www.dnd5eapi.co:443 "GET /api/2014/monsters/sprite HTTP/1.1" 200 2627
2026-09-12 15:15:11,688 - src.core.cache - DEBUG - Cached value for key: dnd_item_monsters_sprite
2026-09-12 15:15:11,694 - src.core.cache - DEBUG - Cache miss for key: dnd_item_spells_shield-of-faith
2026-09-12 15:15:11,694 - src.core.cache - DEBUG - Cache miss for key: dnd_item_monsters_spy
2026-09-12 15:15:11,694 - src.core.resources - DEBUG - Prefetching item details: spells/shield-of-faith
2026-09-12 15:15:11,695 - urllib3.connectionpool - DEBUG - Starting new HTTPS connection (1): www.dnd5eapi.co:443
2026-09-12 15:15:11,694 - src.core.resources - DEBUG - Prefetching item details: monsters/spy
2026-09-12 15:15:11,696 - urllib3.connectionpool - DEBUG - Starting new HTTPS connection (1): www.dnd5eapi.co:443
2026-09-12 15:15:12,022 - urllib3.connectionpool - DEBUG - https://www.dnd5eapi.co:443 "GET /api/spells/shield-of-faith HTTP/1.1" 301 66
2026-09-12 15:15:12,024 - urllib3.connectionpool - DEBUG - https://www.dnd5eapi.co:443 "GET /api/monsters/spy HTTP/1.1" 301 56
2026-09-12 15:15:12,130 - urllib3.connectionpool - DEBUG - https://www.dnd5eapi.co:443 "GET /api/2014/spells/shield-of-faith HTTP/1.1" 200 839
2026-09-12 15:15:12,131 - urllib3.connectionpool - DEBUG - https://www.dnd5eapi.co:443 "GET /api/2014/monsters/spy HTTP/1.1" 200 3030
2026-09-12 15:15:12,132 - src.core.cache - DEBUG - Cached value for key: dnd_item_spells_shield-of-faith
2026-09-12 15:15:12,133 - src.core.cache - DEBUG - Cached value for key: dnd_item_monsters_spy
2026-09-12 15:15:12,139 - src.core.cache - DEBUG - Cache miss for key: dnd_item_spells_shillelagh
2026-09-12 15:15:12,139 - src.core.resources - DEBUG - Prefetching item details: spells/shillelagh
2026-09-12 15:15:12,140 - urllib3.connectionpool - DEBUG - Starting new HTTPS connection (1): www.dnd5eapi.co:443
2026-09-12 15:15:12,140 - src.core.cache - DEBUG - Cache miss for key: dnd_item_monsters_steam-mephit
2026-09-12 15:15:12,141 - src.core.resources - DEBUG - Prefetching item details: monsters/steam-mephit
2026-09-12 15:15:12,141 - urllib3.connectionpool - DEBUG - Starting new HTTPS connection (1): www.dnd5eapi.co:443
2026-09-12 15:15:12,470 - urllib3.connectionpool - DEBUG - https://www.dnd5eapi.co:443 "GET /api/monsters/steam-mephit HTTP/1.1" 301 65
2026-09-12 15:15:12,471 - urllib3.connectionpool - DEBUG - https://www.dnd5eapi.co:443 "GET /api/spells/shillelagh HTTP/1.1" 301 61
2026-09-12 15:15:12,585 - urllib3.connectionpool - DEBUG - https://www.dnd5eapi.co:443 "GET /api/2014/spells/shillelagh HTTP/1.1" 200 1013
2026-09-12 15:15:12,586 - src.core.cache - DEBUG - Cached value for key: dnd_item_spells_shillelagh
2026-09-12 15:15:12,587 - urllib3.connectionpool - DEBUG - https://www.dnd5eapi.co:443 "GET /api/2014/monsters/steam-mephit HTTP/1.1" 200 2711
2026-09-12 15:15:12,588 - src.core.cache - DEBUG - Cached value for key: dnd_item_monsters_steam-mephit
2026-09-12 15:15:12,593 - src.core.cache - DEBUG - Cache miss for key: dnd_item_monsters_stirge
2026-09-12 15:15:12,593 - src.core.resources - DEBUG - Prefetching item details: monsters/stirge
2026-09-12 15:15:12,593 - src.core.cache - DEBUG - Cache miss for key: dnd_item_spells_shocking-grasp
2026-09-12 15:15:12,594 - src.core.resources - DEBUG - Prefetching item details: spells/shocking-grasp
2026-09-12 15:15:12,594 - urllib3.connectionpool - DEBUG - Starting new HTTPS connection (1): www.dnd5eapi.co:443
2026-09-12 15:15:12,595 - urllib3.connectionpool - DEBUG - Starting new HTTPS connection (1): www.dnd5eapi.co:443
2026-09-12 15:15:12,923 - urllib3.connectionpool - DEBUG - https://www.dnd5eapi.co:443 "GET /api/spells/shocking-grasp HTTP/1.1" 301 65
2026-09-12 15:15:12,939 - urllib3.connectionpool - DEBUG - https://www.dnd5eapi.co:443 "GET /api/monsters/stirge HTTP/1.1" 301 59
2026-09-12 15:15:13,031 - urllib3.connectionpool - DEBUG - https://www.dnd5eapi.co:443 "GET /api/2014/spells/shocking-grasp HTTP/1.1" 200 1260
2026-09-12 15:15:13,032 - src.core.cache - DEBUG - Cached value for key: dnd_item_spells_shocking-grasp
2026-09-12 15:15:13,040 - src.core.cache - DEBUG - Cache miss for key: dnd_item_spells_silence
2026-09-12 15:15:13,040 - src.core.resources - DEBUG - Prefetching item details: spells/silence
2026-09-12 15:15:13,041 - urllib3.connectionpool - DEBUG - Starting new HTTPS connection (1): www.dnd5eapi.co:443
2026-09-12 15:15:13,047 - urllib3.connectionpool - DEBUG - https://www.dnd5eapi.co:443 "GET /api/2014/monsters/stirge HTTP/1.1" 200 1467
2026-09-12 15:15:13,048 - src.core.cache - DEBUG - Cached value for key: dnd_item_monsters_stirge
2026-09-12 15:15:13,054 - src.core.cache - DEBUG - Cache miss for key: dnd_item_monsters_stone-giant
2026-09-12 15:15:13,055 - src.core.resources - DEBUG - Prefetching item details: monsters/stone-giant
2026-09-12 15:15:13,055 - urllib3.connectionpool - DEBUG - Starting new HTTPS connection (1): www.dnd5eapi.co:443
2026-09-12 15:15:13,377 - urllib3.connectionpool - DEBUG - https://www.dnd5eapi.co:443 "GET /api/spells/silence HTTP/1.1" 301 58
2026-09-12 15:15:13,380 - urllib3.connectionpool - DEBUG - https://www.dnd5eapi.co:443 "GET /api/monsters/stone-giant HTTP/1.1" 301 64
2026-09-12 15:15:13,487 - urllib3.connectionpool - DEBUG - https://www.dnd5eapi.co:443 "GET /api/2014/spells/silence HTTP/1.1" 200 1108
2026-09-12 15:15:13,488 - src.core.cache - DEBUG - Cached value for key: dnd_item_spells_silence
2026-09-12 15:15:13,489 - urllib3.connectionpool - DEBUG - https://www.dnd5eapi.co:443 "GET /api/2014/monsters/stone-giant HTTP/1.1" 200 2639
2026-09-12 15:15:13,490 - src.core.cache - DEBUG - Cached value for key: dnd_item_monsters_stone-giant
2026-09-12 15:15:13,496 - src.core.cache - DEBUG - Cache miss for key: dnd_item_spells_silent-image
2026-09-12 15:15:13,496 - src.core.cache - DEBUG - Cache miss for key: dnd_item_monsters_stone-golem
2026-09-12 15:15:13,496 - src.core.resources - DEBUG - Prefetching item details: spells/silent-image
2026-09-12 15:15:13,497 - src.core.resources - DEBUG - Prefetching item details: monsters/stone-golem
2026-09-12 15:15:13,498 - urllib3.connectionpool - DEBUG - Starting new HTTPS connection (1): www.dnd5eapi.co:443
2026-09-12 15:15:13,499 - urllib3.connectionpool - DEBUG - Starting new HTTPS connection (1): www.dnd5eapi.co:443
2026-09-12 15:15:13,826 - urllib3.connectionpool - DEBUG - https://www.dnd5eapi.co:443 "GET /api/monsters/stone-golem HTTP/1.1" 301 64
2026-09-12 15:15:13,826 - urllib3.connectionpool - DEBUG - https://www.dnd5eapi.co:443 "GET /api/spells/silent-image HTTP/1.1" 301 63
2026-09-12 15:15:13,939 - urllib3.connectionpool - DEBUG - https://www.dnd5eapi.co:443 "GET /api/2014/monsters/stone-golem HTTP/1.1" 200 2942
2026-09-12 15:15:13,939 - urllib3.connectionpool - DEBUG - https://www.dnd5eapi.co:443 "GET /api/2014/spells/silent-image HTTP/1.1" 200 1717
2026-09-12 15:15:13,941 - src.core.cache - DEBUG - Cached value for key: dnd_item_monsters_stone-golem
2026-09-12 15:15:13,942 - src.core.cache - DEBUG - Cached value for key: dnd_item_spells_silent-image
2026-09-12 15:15:13,948 - src.core.cache - DEBUG - Cache miss for key: dnd_item_monsters_storm-giant
2026-09-12 15:15:13,948 - src.core.resources - DEBUG - Prefetching item details: monsters/storm-giant
2026-09-12 15:15:13,948 - src.core.cache - DEBUG - Cache miss for key: dnd_item_spells_simulacrum
2026-09-12 15:15:13,948 - src.core.resources - DEBUG - Prefetching item details: spells/simulacrum
2026-09-12 15:15:13,949 - urllib3.connectionpool - DEBUG - Starting new HTTPS connection (1): www.dnd5eapi.co:443
2026-09-12 15:15:13,949 - urllib3.connectionpool - DEBUG - Starting new HTTPS connection (1): www.dnd5eapi.co:443
2026-09-12 15:15:14,300 - urllib3.connectionpool - DEBUG - https://www.dnd5eapi.co:443 "GET /api/monsters/storm-giant HTTP/1.1" 301 64
2026-09-12 15:15:14,300 - urllib3.connectionpool - DEBUG - https://www.dnd5eapi.co:443 "GET /api/spells/simulacrum HTTP/1.1" 301 61
2026-09-12 15:15:14,415 - urllib3.connectionpool - DEBUG - https://www.dnd5eapi.co:443 "GET /api/2014/monsters/storm-giant HTTP/1.1" 200 4553
2026-09-12 15:15:14,415 - urllib3.connectionpool - DEBUG - https://www.dnd5eapi.co:443 "GET /api/2014/spells/simulacrum HTTP/1.1" 200 1958
2026-09-12 15:15:14,417 - src.core.cache - DEBUG - Cached value for key: dnd_item_spells_simulacrum
2026-09-12 15:15:14,417 - src.core.cache - DEBUG - Cached value for key: dnd_item_monsters_storm-giant
2026-09-12 15:15:14,424 - src.core.cache - DEBUG - Cache miss for key: dnd_item_spells_sleep
2026-09-12 15:15:14,424 - src.core.cache - DEBUG - Cache miss for key: dnd_item_monsters_succubus-incubus
2026-09-12 15:15:14,424 - src.core.resources - DEBUG - Prefetching item details: monsters/succubus-incubus
2026-09-12 15:15:14,424 - src.core.resources - DEBUG - Prefetching item details: spells/sleep
2026-09-12 15:15:14,425 - urllib3.connectionpool - DEBUG - Starting new HTTPS connection (1): www.dnd5eapi.co:443
2026-09-12 15:15:14,425 - urllib3.connectionpool - DEBUG - Starting new HTTPS connection (1): www.dnd5eapi.co:443
2026-09-12 15:15:14,764 - urllib3.connectionpool - DEBUG - https://www.dnd5eapi.co:443 "GET /api/monsters/succubus-incubus HTTP/1.1" 301 69
2026-09-12 15:15:14,765 - urllib3.connectionpool - DEBUG - https://www.dnd5eapi.co:443 "GET /api/spells/sleep HTTP/1.1" 301 56
2026-09-12 15:15:14,875 - urllib3.connectionpool - DEBUG - https://www.dnd5eapi.co:443 "GET /api/2014/spells/sleep HTTP/1.1" 200 1763
2026-09-12 15:15:14,877 - src.core.cache - DEBUG - Cached value for key: dnd_item_spells_sleep
2026-09-12 15:15:14,877 - urllib3.connectionpool - DEBUG - https://www.dnd5eapi.co:443 "GET /api/2014/monsters/succubus-incubus HTTP/1.1" 200 4016
2026-09-12 15:15:14,879 - src.core.cache - DEBUG - Cached value for key: dnd_item_monsters_succubus-incubus
2026-09-12 15:15:14,883 - src.core.cache - DEBUG - Cache miss for key: dnd_item_spells_sleet-storm
2026-09-12 15:15:14,883 - src.core.cache - DEBUG - Cache miss for key: dnd_item_monsters_swarm-of-bats
2026-09-12 15:15:14,883 - src.core.resources - DEBUG - Prefetching item details: monsters/swarm-of-bats
2026-09-12 15:15:14,883 - src.core.resources - DEBUG - Prefetching item details: spells/sleet-storm
2026-09-12 15:15:14,884 - urllib3.connectionpool - DEBUG - Starting new HTTPS connection (1): www.dnd5eapi.co:443
2026-09-12 15:15:14,885 - urllib3.connectionpool - DEBUG - Starting new HTTPS connection (1): www.dnd5eapi.co:443
2026-09-12 15:15:15,228 - urllib3.connectionpool - DEBUG - https://www.dnd5eapi.co:443 "GET /api/spells/sleet-storm HTTP/1.1" 301 62
2026-09-12 15:15:15,228 - urllib3.connectionpool - DEBUG - https://www.dnd5eapi.co:443 "GET /api/monsters/swarm-of-bats HTTP/1.1" 301 66
2026-09-12 15:15:15,344 - urllib3.connectionpool - DEBUG - https://www.dnd5eapi.co:443 "GET /api/2014/spells/sleet-storm HTTP/1.1" 200 1493
2026-09-12 15:15:15,345 - src.core.cache - DEBUG - Cached value for key: dnd_item_spells_sleet-storm
2026-09-12 15:15:15,345 - urllib3.connectionpool - DEBUG - https://www.dnd5eapi.co:443 "GET /api/2014/monsters/swarm-of-bats HTTP/1.1" 200 2279
2026-09-12 15:15:15,347 - src.core.cache - DEBUG - Cached value for key: dnd_item_monsters_swarm-of-bats
2026-09-12 15:15:15,353 - src.core.cache - DEBUG - Cache miss for key: dnd_item_spells_slow
2026-09-12 15:15:15,353 - src.core.resources - DEBUG - Prefetching item details: spells/slow
2026-09-12 15:15:15,354 - src.core.cache - DEBUG - Cache miss for key: dnd_item_monsters_swarm-of-beetles
2026-09-12 15:15:15,354 - src.core.resources - DEBUG - Prefetching item details: monsters/swarm-of-beetles
2026-09-12 15:15:15,354 - urllib3.connectionpool - DEBUG - Starting new HTTPS connection (1): www.dnd5eapi.co:443
2026-09-12 15:15:15,355 - urllib3.connectionpool - DEBUG - Starting new HTTPS connection (1): www.dnd5eapi.co:443
2026-09-12 15:15:15,699 - urllib3.connectionpool - DEBUG - https://www.dnd5eapi.co:443 "GET /api/spells/slow HTTP/1.1" 301 55
2026-09-12 15:15:15,700 - urllib3.connectionpool - DEBUG - https://www.dnd5eapi.co:443 "GET /api/monsters/swarm-of-beetles HTTP/1.1" 301 69
2026-09-12 15:15:15,811 - urllib3.connectionpool - DEBUG - https://www.dnd5eapi.co:443 "GET /api/2014/monsters/swarm-of-beetles HTTP/1.1" 200 2098
2026-09-12 15:15:15,812 - urllib3.connectionpool - DEBUG - https://www.dnd5eapi.co:443 "GET /api/2014/spells/slow HTTP/1.1" 200 1827
2026-09-12 15:15:15,813 - src.core.cache - DEBUG - Cached value for key: dnd_item_monsters_swarm-of-beetles
2026-09-12 15:15:15,815 - src.core.cache - DEBUG - Cached value for key: dnd_item_spells_slow
2026-09-12 15:15:15,820 - src.core.cache - DEBUG - Cache miss for key: dnd_item_spells_spare-the-dying
2026-09-12 15:15:15,820 - src.core.resources - DEBUG - Prefetching item details: spells/spare-the-dying
2026-09-12 15:15:15,820 - src.core.cache - DEBUG - Cache miss for key: dnd_item_monsters_swarm-of-centipedes
2026-09-12 15:15:15,821 - src.core.resources - DEBUG - Prefetching item details: monsters/swarm-of-centipedes
2026-09-12 15:15:15,821 - urllib3.connectionpool - DEBUG - Starting new HTTPS connection (1): www.dnd5eapi.co:443
2026-09-12 15:15:15,822 - urllib3.connectionpool - DEBUG - Starting new HTTPS connection (1): www.dnd5eapi.co:443
2026-09-12 15:15:16,161 - urllib3.connectionpool - DEBUG - https://www.dnd5eapi.co:443 "GET /api/monsters/swarm-of-centipedes HTTP/1.1" 301 72
2026-09-12 15:15:16,178 - urllib3.connectionpool - DEBUG - https://www.dnd5eapi.co:443 "GET /api/spells/spare-the-dying HTTP/1.1" 301 66
2026-09-12 15:15:16,273 - urllib3.connectionpool - DEBUG - https://www.dnd5eapi.co:443 "GET /api/2014/monsters/swarm-of-centipedes HTTP/1.1" 200 2264
2026-09-12 15:15:16,275 - src.core.cache - DEBUG - Cached value for key: dnd_item_monsters_swarm-of-centipedes
2026-09-12 15:15:16,281 - src.core.cache - DEBUG - Cache miss for key: dnd_item_monsters_swarm-of-insects
2026-09-12 15:15:16,281 - src.core.resources - DEBUG - Prefetching item details: monsters/swarm-of-insects
2026-09-12 15:15:16,282 - urllib3.connectionpool - DEBUG - Starting new HTTPS connection (1): www.dnd5eapi.co:443
2026-09-12 15:15:16,290 - urllib3.connectionpool - DEBUG - https://www.dnd5eapi.co:443 "GET /api/2014/spells/spare-the-dying HTTP/1.1" 200 622
2026-09-12 15:15:16,291 - src.core.cache - DEBUG - Cached value for key: dnd_item_spells_spare-the-dying
2026-09-12 15:15:16,298 - src.core.cache - DEBUG - Cache miss for key: dnd_item_spells_speak-with-animals
2026-09-12 15:15:16,298 - src.core.resources - DEBUG - Prefetching item details: spells/speak-with-animals
2026-09-12 15:15:16,299 - urllib3.connectionpool - DEBUG - Starting new HTTPS connection (1): www.dnd5eapi.co:443
2026-09-12 15:15:16,628 - urllib3.connectionpool - DEBUG - https://www.dnd5eapi.co:443 "GET /api/spells/speak-with-animals HTTP/1.1" 301 69
2026-09-12 15:15:16,632 - urllib3.connectionpool - DEBUG - https://www.dnd5eapi.co:443 "GET /api/monsters/swarm-of-insects HTTP/1.1" 301 69
2026-09-12 15:15:16,735 - urllib3.connectionpool - DEBUG - https://www.dnd5eapi.co:443 "GET /api/2014/spells/speak-with-animals HTTP/1.1" 200 1113
2026-09-12 15:15:16,736 - src.core.cache - DEBUG - Cached value for key: dnd_item_spells_speak-with-animals
2026-09-12 15:15:16,742 - src.core.cache - DEBUG - Cache miss for key: dnd_item_spells_speak-with-dead
2026-09-12 15:15:16,742 - src.core.resources - DEBUG - Prefetching item details: spells/speak-with-dead
2026-09-12 15:15:16,743 - urllib3.connectionpool - DEBUG - Starting new HTTPS connection (1): www.dnd5eapi.co:443
2026-09-12 15:15:16,745 - urllib3.connectionpool - DEBUG - https://www.dnd5eapi.co:443 "GET /api/2014/monsters/swarm-of-insects HTTP/1.1" 200 2081
2026-09-12 15:15:16,746 - src.core.cache - DEBUG - Cached value for key: dnd_item_monsters_swarm-of-insects
2026-09-12 15:15:16,753 - src.core.cache - DEBUG - Cache miss for key: dnd_item_monsters_swarm-of-poisonous-snakes
2026-09-12 15:15:16,753 - src.core.resources - DEBUG - Prefetching item details: monsters/swarm-of-poisonous-snakes
2026-09-12 15:15:16,753 - urllib3.connectionpool - DEBUG - Starting new HTTPS connection (1): www.dnd5eapi.co:443
2026-09-12 15:15:17,076 - urllib3.connectionpool - DEBUG - https://www.dnd5eapi.co:443 "GET /api/spells/speak-with-dead HTTP/1.1" 301 66
2026-09-12 15:15:17,092 - urllib3.connectionpool - DEBUG - https://www.dnd5eapi.co:443 "GET /api/monsters/swarm-of-poisonous-snakes HTTP/1.1" 301 78
2026-09-12 15:15:17,186 - urllib3.connectionpool - DEBUG - https://www.dnd5eapi.co:443 "GET /api/2014/spells/speak-with-dead HTTP/1.1" 200 1482
2026-09-12 15:15:17,187 - src.core.cache - DEBUG - Cached value for key: dnd_item_spells_speak-with-dead
2026-09-12 15:15:17,194 - src.core.cache - DEBUG - Cache miss for key: dnd_item_spells_speak-with-plants
2026-09-12 15:15:17,195 - src.core.resources - DEBUG - Prefetching item details: spells/speak-with-plants
2026-09-12 15:15:17,195 - urllib3.connectionpool - DEBUG - Starting new HTTPS connection (1): www.dnd5eapi.co:443
2026-09-12 15:15:17,203 - urllib3.connectionpool - DEBUG - https://www.dnd5eapi.co:443 "GET /api/2014/monsters/swarm-of-poisonous-snakes HTTP/1.1" 200 2260
2026-09-12 15:15:17,204 - src.core.cache - DEBUG - Cached value for key: dnd_item_monsters_swarm-of-poisonous-snakes
2026-09-12 15:15:17,210 - src.core.cache - DEBUG - Cache miss for key: dnd_item_monsters_swarm-of-quippers
2026-09-12 15:15:17,210 - src.core.resources - DEBUG - Prefetching item details: monsters/swarm-of-quippers
2026-09-12 15:15:17,211 - urllib3.connectionpool - DEBUG - Starting new HTTPS connection (1): www.dnd5eapi.co:443
2026-09-12 15:15:17,535 - urllib3.connectionpool - DEBUG - https://www.dnd5eapi.co:443 "GET /api/spells/speak-with-plants HTTP/1.1" 301 68
2026-09-12 15:15:17,547 - urllib3.connectionpool - DEBUG - https://www.dnd5eapi.co:443 "GET /api/monsters/swarm-of-quippers HTTP/1.1" 301 70
2026-09-12 15:15:17,652 - urllib3.connectionpool - DEBUG - https://www.dnd5eapi.co:443 "GET /api/2014/spells/speak-with-plants HTTP/1.1" 200 1841
2026-09-12 15:15:17,653 - src.core.cache - DEBUG - Cached value for key: dnd_item_spells_speak-with-plants
2026-09-12 15:15:17,658 - urllib3.connectionpool - DEBUG - https://www.dnd5eapi.co:443 "GET /api/2014/monsters/swarm-of-quippers HTTP/1.1" 200 2319
2026-09-12 15:15:17,659 - src.core.cache - DEBUG - Cached value for key: dnd_item_monsters_swarm-of-quippers
2026-09-12 15:15:17,660 - src.core.cache - DEBUG - Cache miss for key: dnd_item_spells_spider-climb
2026-09-12 15:15:17,660 - src.core.resources - DEBUG - Prefetching item details: spells/spider-climb
2026-09-12 15:15:17,661 - urllib3.connectionpool - DEBUG - Starting new HTTPS connection (1): www.dnd5eapi.co:443
2026-09-12 15:15:17,661 - src.core.cache - DEBUG - Cache miss for key: dnd_item_monsters_swarm-of-rats
2026-09-12 15:15:17,661 - src.core.resources - DEBUG - Prefetching item details: monsters/swarm-of-rats
2026-09-12 15:15:17,662 - urllib3.connectionpool - DEBUG - Starting new HTTPS connection (1): www.dnd5eapi.co:443
2026-09-12 15:15:18,000 - urllib3.connectionpool - DEBUG - https://www.dnd5eapi.co:443 "GET /api/spells/spider-climb HTTP/1.1" 301 63
2026-09-12 15:15:18,001 - urllib3.connectionpool - DEBUG - https://www.dnd5eapi.co:443 "GET /api/monsters/swarm-of-rats HTTP/1.1" 301 66
2026-09-12 15:15:18,113 - urllib3.connectionpool - DEBUG - https://www.dnd5eapi.co:443 "GET /api/2014/spells/spider-climb HTTP/1.1" 200 1060
2026-09-12 15:15:18,114 - src.core.cache - DEBUG - Cached value for key: dnd_item_spells_spider-climb
2026-09-12 15:15:18,114 - urllib3.connectionpool - DEBUG - https://www.dnd5eapi.co:443 "GET /api/2014/monsters/swarm-of-rats HTTP/1.1" 200 2164
2026-09-12 15:15:18,115 - src.core.cache - DEBUG - Cached value for key: dnd_item_monsters_swarm-of-rats
2026-09-12 15:15:18,121 - src.core.cache - DEBUG - Cache miss for key: dnd_item_monsters_swarm-of-ravens
2026-09-12 15:15:18,121 - src.core.resources - DEBUG - Prefetching item details: monsters/swarm-of-ravens
2026-09-12 15:15:18,121 - src.core.cache - DEBUG - Cache miss for key: dnd_item_spells_spike-growth
2026-09-12 15:15:18,122 - src.core.resources - DEBUG - Prefetching item details: spells/spike-growth
2026-09-12 15:15:18,123 - urllib3.connectionpool - DEBUG - Starting new HTTPS connection (1): www.dnd5eapi.co:443
2026-09-12 15:15:18,123 - urllib3.connectionpool - DEBUG - Starting new HTTPS connection (1): www.dnd5eapi.co:443
2026-09-12 15:15:18,471 - urllib3.connectionpool - DEBUG - https://www.dnd5eapi.co:443 "GET /api/spells/spike-growth HTTP/1.1" 301 63
2026-09-12 15:15:18,471 - urllib3.connectionpool - DEBUG - https://www.dnd5eapi.co:443 "GET /api/monsters/swarm-of-ravens HTTP/1.1" 301 68
2026-09-12 15:15:18,585 - urllib3.connectionpool - DEBUG - https://www.dnd5eapi.co:443 "GET /api/2014/monsters/swarm-of-ravens HTTP/1.1" 200 2050
2026-09-12 15:15:18,586 - src.core.cache - DEBUG - Cached value for key: dnd_item_monsters_swarm-of-ravens
2026-09-12 15:15:18,586 - urllib3.connectionpool - DEBUG - https://www.dnd5eapi.co:443 "GET /api/2014/spells/spike-growth HTTP/1.1" 200 1344
2026-09-12 15:15:18,588 - src.core.cache - DEBUG - Cached value for key: dnd_item_spells_spike-growth
2026-09-12 15:15:18,595 - src.core.cache - DEBUG - Cache miss for key: dnd_item_monsters_swarm-of-spiders
2026-09-12 15:15:18,595 - src.core.cache - DEBUG - Cache miss for key: dnd_item_spells_spirit-guardians
2026-09-12 15:15:18,595 - src.core.resources - DEBUG - Prefetching item details: monsters/swarm-of-spiders
2026-09-12 15:15:18,595 - src.core.resources - DEBUG - Prefetching item details: spells/spirit-guardians
2026-09-12 15:15:18,596 - urllib3.connectionpool - DEBUG - Starting new HTTPS connection (1): www.dnd5eapi.co:443
2026-09-12 15:15:18,596 - urllib3.connectionpool - DEBUG - Starting new HTTPS connection (1): www.dnd5eapi.co:443
2026-09-12 15:15:18,932 - urllib3.connectionpool - DEBUG - https://www.dnd5eapi.co:443 "GET /api/monsters/swarm-of-spiders HTTP/1.1" 301 69
2026-09-12 15:15:18,932 - urllib3.connectionpool - DEBUG - https://www.dnd5eapi.co:443 "GET /api/spells/spirit-guardians HTTP/1.1" 301 67
2026-09-12 15:15:19,044 - urllib3.connectionpool - DEBUG - https://www.dnd5eapi.co:443 "GET /api/2014/monsters/swarm-of-spiders HTTP/1.1" 200 2426
2026-09-12 15:15:19,045 - urllib3.connectionpool - DEBUG - https://www.dnd5eapi.co:443 "GET /api/2014/spells/spirit-guardians HTTP/1.1" 200 1427
2026-09-12 15:15:19,046 - src.core.cache - DEBUG - Cached value for key: dnd_item_monsters_swarm-of-spiders
2026-09-12 15:15:19,047 - src.core.cache - DEBUG - Cached value for key: dnd_item_spells_spirit-guardians
2026-09-12 15:15:19,053 - src.core.cache - DEBUG - Cache miss for key: dnd_item_monsters_swarm-of-wasps
2026-09-12 15:15:19,054 - src.core.cache - DEBUG - Cache miss for key: dnd_item_spells_spiritual-weapon
2026-09-12 15:15:19,054 - src.core.resources - DEBUG - Prefetching item details: monsters/swarm-of-wasps
2026-09-12 15:15:19,054 - src.core.resources - DEBUG - Prefetching item details: spells/spiritual-weapon
2026-09-12 15:15:19,055 - urllib3.connectionpool - DEBUG - Starting new HTTPS connection (1): www.dnd5eapi.co:443
2026-09-12 15:15:19,055 - urllib3.connectionpool - DEBUG - Starting new HTTPS connection (1): www.dnd5eapi.co:443
2026-09-12 15:15:19,382 - urllib3.connectionpool - DEBUG - https://www.dnd5eapi.co:443 "GET /api/spells/spiritual-weapon HTTP/1.1" 301 67
2026-09-12 15:15:19,394 - urllib3.connectionpool - DEBUG - https://www.dnd5eapi.co:443 "GET /api/monsters/swarm-of-wasps HTTP/1.1" 301 67
2026-09-12 15:15:19,489 - urllib3.connectionpool - DEBUG - https://www.dnd5eapi.co:443 "GET /api/2014/spells/spiritual-weapon HTTP/1.1" 200 1702
2026-09-12 15:15:19,491 - src.core.cache - DEBUG - Cached value for key: dnd_item_spells_spiritual-weapon
2026-09-12 15:15:19,497 - src.core.cache - DEBUG - Cache miss for key: dnd_item_spells_stinking-cloud
2026-09-12 15:15:19,497 - src.core.resources - DEBUG - Prefetching item details: spells/stinking-cloud
2026-09-12 15:15:19,498 - urllib3.connectionpool - DEBUG - Starting new HTTPS connection (1): www.dnd5eapi.co:443
2026-09-12 15:15:19,505 - urllib3.connectionpool - DEBUG - https://www.dnd5eapi.co:443 "GET /api/2014/monsters/swarm-of-wasps HTTP/1.1" 200 2070
2026-09-12 15:15:19,507 - src.core.cache - DEBUG - Cached value for key: dnd_item_monsters_swarm-of-wasps
2026-09-12 15:15:19,513 - src.core.cache - DEBUG - Cache miss for key: dnd_item_monsters_tarrasque
2026-09-12 15:15:19,513 - src.core.resources - DEBUG - Prefetching item details: monsters/tarrasque
2026-09-12 15:15:19,514 - urllib3.connectionpool - DEBUG - Starting new HTTPS connection (1): www.dnd5eapi.co:443
2026-09-12 15:15:19,832 - urllib3.connectionpool - DEBUG - https://www.dnd5eapi.co:443 "GET /api/spells/stinking-cloud HTTP/1.1" 301 65
2026-09-12 15:15:19,849 - urllib3.connectionpool - DEBUG - https://www.dnd5eapi.co:443 "GET /api/monsters/tarrasque HTTP/1.1" 301 62
2026-09-12 15:15:19,942 - urllib3.connectionpool - DEBUG - https://www.dnd5eapi.co:443 "GET /api/2014/spells/stinking-cloud HTTP/1.1" 200 1809
2026-09-12 15:15:19,943 - src.core.cache - DEBUG - Cached value for key: dnd_item_spells_stinking-cloud
2026-09-12 15:15:19,950 - src.core.cache - DEBUG - Cache miss for key: dnd_item_spells_stone-shape
2026-09-12 15:15:19,951 - src.core.resources - DEBUG - Prefetching item details: spells/stone-shape
2026-09-12 15:15:19,951 - urllib3.connectionpool - DEBUG - Starting new HTTPS connection (1): www.dnd5eapi.co:443
2026-09-12 15:15:19,962 - urllib3.connectionpool - DEBUG - https://www.dnd5eapi.co:443 "GET /api/2014/monsters/tarrasque HTTP/1.1" 200 6879
2026-09-12 15:15:19,964 - src.core.cache - DEBUG - Cached value for key: dnd_item_monsters_tarrasque
2026-09-12 15:15:19,972 - src.core.cache - DEBUG - Cache miss for key: dnd_item_monsters_thug
2026-09-12 15:15:19,972 - src.core.resources - DEBUG - Prefetching item details: monsters/thug
2026-09-12 15:15:19,973 - urllib3.connectionpool - DEBUG - Starting new HTTPS connection (1): www.dnd5eapi.co:443
2026-09-12 15:15:20,292 - urllib3.connectionpool - DEBUG - https://www.dnd5eapi.co:443 "GET /api/spells/stone-shape HTTP/1.1" 301 62
2026-09-12 15:15:20,308 - urllib3.connectionpool - DEBUG - https://www.dnd5eapi.co:443 "GET /api/monsters/thug HTTP/1.1" 301 57
2026-09-12 15:15:20,403 - urllib3.connectionpool - DEBUG - https://www.dnd5eapi.co:443 "GET /api/2014/spells/stone-shape HTTP/1.1" 200 1282
2026-09-12 15:15:20,404 - src.core.cache - DEBUG - Cached value for key: dnd_item_spells_stone-shape
2026-09-12 15:15:20,411 - src.core.cache - DEBUG - Cache miss for key: dnd_item_spells_stoneskin
2026-09-12 15:15:20,411 - src.core.resources - DEBUG - Prefetching item details: spells/stoneskin
2026-09-12 15:15:20,412 - urllib3.connectionpool - DEBUG - Starting new HTTPS connection (1): www.dnd5eapi.co:443
2026-09-12 15:15:20,418 - urllib3.connectionpool - DEBUG - https://www.dnd5eapi.co:443 "GET /api/2014/monsters/thug HTTP/1.1" 200 2103
2026-09-12 15:15:20,419 - src.core.cache - DEBUG - Cached value for key: dnd_item_monsters_thug
2026-09-12 15:15:20,425 - src.core.cache - DEBUG - Cache miss for key: dnd_item_monsters_tiger
2026-09-12 15:15:20,426 - src.core.resources - DEBUG - Prefetching item details: monsters/tiger
2026-09-12 15:15:20,426 - urllib3.connectionpool - DEBUG - Starting new HTTPS connection (1): www.dnd5eapi.co:443
2026-09-12 15:15:20,758 - urllib3.connectionpool - DEBUG - https://www.dnd5eapi.co:443 "GET /api/monsters/tiger HTTP/1.1" 301 58
2026-09-12 15:15:20,765 - urllib3.connectionpool - DEBUG - https://www.dnd5eapi.co:443 "GET /api/spells/stoneskin HTTP/1.1" 301 60
2026-09-12 15:15:20,868 - urllib3.connectionpool - DEBUG - https://www.dnd5eapi.co:443 "GET /api/2014/monsters/tiger HTTP/1.1" 200 2107
2026-09-12 15:15:20,869 - src.core.cache - DEBUG - Cached value for key: dnd_item_monsters_tiger
2026-09-12 15:15:20,876 - src.core.cache - DEBUG - Cache miss for key: dnd_item_monsters_treant
2026-09-12 15:15:20,876 - src.core.resources - DEBUG - Prefetching item details: monsters/treant
2026-09-12 15:15:20,877 - urllib3.connectionpool - DEBUG - Starting new HTTPS connection (1): www.dnd5eapi.co:443
2026-09-12 15:15:20,877 - urllib3.connectionpool - DEBUG - https://www.dnd5eapi.co:443 "GET /api/2014/spells/stoneskin HTTP/1.1" 200 996
2026-09-12 15:15:20,878 - src.core.cache - DEBUG - Cached value for key: dnd_item_spells_stoneskin
2026-09-12 15:15:20,884 - src.core.cache - DEBUG - Cache miss for key: dnd_item_spells_storm-of-vengeance
2026-09-12 15:15:20,884 - src.core.resources - DEBUG - Prefetching item details: spells/storm-of-vengeance
2026-09-12 15:15:20,885 - urllib3.connectionpool - DEBUG - Starting new HTTPS connection (1): www.dnd5eapi.co:443
2026-09-12 15:15:21,210 - urllib3.connectionpool - DEBUG - https://www.dnd5eapi.co:443 "GET /api/monsters/treant HTTP/1.1" 301 59
2026-09-12 15:15:21,243 - urllib3.connectionpool - DEBUG - https://www.dnd5eapi.co:443 "GET /api/spells/storm-of-vengeance HTTP/1.1" 301 69
2026-09-12 15:15:21,320 - urllib3.connectionpool - DEBUG - https://www.dnd5eapi.co:443 "GET /api/2014/monsters/treant HTTP/1.1" 200 2415
2026-09-12 15:15:21,321 - src.core.cache - DEBUG - Cached value for key: dnd_item_monsters_treant
2026-09-12 15:15:21,327 - src.core.cache - DEBUG - Cache miss for key: dnd_item_monsters_tribal-warrior
2026-09-12 15:15:21,327 - src.core.resources - DEBUG - Prefetching item details: monsters/tribal-warrior
2026-09-12 15:15:21,328 - urllib3.connectionpool - DEBUG - Starting new HTTPS connection (1): www.dnd5eapi.co:443
2026-09-12 15:15:21,353 - urllib3.connectionpool - DEBUG - https://www.dnd5eapi.co:443 "GET /api/2014/spells/storm-of-vengeance HTTP/1.1" 200 2468
2026-09-12 15:15:21,355 - src.core.cache - DEBUG - Cached value for key: dnd_item_spells_storm-of-vengeance
2026-09-12 15:15:21,361 - src.core.cache - DEBUG - Cache miss for key: dnd_item_spells_suggestion
2026-09-12 15:15:21,361 - src.core.resources - DEBUG - Prefetching item details: spells/suggestion
2026-09-12 15:15:21,362 - urllib3.connectionpool - DEBUG - Starting new HTTPS connection (1): www.dnd5eapi.co:443
2026-09-12 15:15:21,700 - urllib3.connectionpool - DEBUG - https://www.dnd5eapi.co:443 "GET /api/spells/suggestion HTTP/1.1" 301 61
2026-09-12 15:15:21,811 - urllib3.connectionpool - DEBUG - https://www.dnd5eapi.co:443 "GET /api/2014/spells/suggestion HTTP/1.1" 200 2062
2026-09-12 15:15:21,812 - src.core.cache - DEBUG - Cached value for key: dnd_item_spells_suggestion
2026-09-12 15:15:21,819 - src.core.cache - DEBUG - Cache miss for key: dnd_item_spells_sunbeam
2026-09-12 15:15:21,819 - src.core.resources - DEBUG - Prefetching item details: spells/sunbeam
2026-09-12 15:15:21,820 - urllib3.connectionpool - DEBUG - Starting new HTTPS connection (1): www.dnd5eapi.co:443
2026-09-12 15:15:22,015 - urllib3.connectionpool - DEBUG - https://www.dnd5eapi.co:443 "GET /api/monsters/tribal-warrior HTTP/1.1" 301 67
2026-09-12 15:15:22,127 - urllib3.connectionpool - DEBUG - https://www.dnd5eapi.co:443 "GET /api/2014/monsters/tribal-warrior HTTP/1.1" 200 2031
2026-09-12 15:15:22,128 - src.core.cache - DEBUG - Cached value for key: dnd_item_monsters_tribal-warrior
2026-09-12 15:15:22,134 - src.core.cache - DEBUG - Cache miss for key: dnd_item_monsters_triceratops
2026-09-12 15:15:22,134 - src.core.resources - DEBUG - Prefetching item details: monsters/triceratops
2026-09-12 15:15:22,135 - urllib3.connectionpool - DEBUG - Starting new HTTPS connection (1): www.dnd5eapi.co:443
2026-09-12 15:15:22,156 - urllib3.connectionpool - DEBUG - https://www.dnd5eapi.co:443 "GET /api/spells/sunbeam HTTP/1.1" 301 58
2026-09-12 15:15:22,268 - urllib3.connectionpool - DEBUG - https://www.dnd5eapi.co:443 "GET /api/2014/spells/sunbeam HTTP/1.1" 200 1702
2026-09-12 15:15:22,269 - src.core.cache - DEBUG - Cached value for key: dnd_item_spells_sunbeam
2026-09-12 15:15:22,276 - src.core.cache - DEBUG - Cache miss for key: dnd_item_spells_sunburst
2026-09-12 15:15:22,276 - src.core.resources - DEBUG - Prefetching item details: spells/sunburst
2026-09-12 15:15:22,277 - urllib3.connectionpool - DEBUG - Starting new HTTPS connection (1): www.dnd5eapi.co:443
2026-09-12 15:15:22,463 - urllib3.connectionpool - DEBUG - https://www.dnd5eapi.co:443 "GET /api/monsters/triceratops HTTP/1.1" 301 64
2026-09-12 15:15:22,572 - urllib3.connectionpool - DEBUG - https://www.dnd5eapi.co:443 "GET /api/2014/monsters/triceratops HTTP/1.1" 200 1671
2026-09-12 15:15:22,573 - src.core.cache - DEBUG - Cached value for key: dnd_item_monsters_triceratops
2026-09-12 15:15:22,580 - src.core.cache - DEBUG - Cache miss for key: dnd_item_monsters_troll
2026-09-12 15:15:22,580 - src.core.resources - DEBUG - Prefetching item details: monsters/troll
2026-09-12 15:15:22,580 - urllib3.connectionpool - DEBUG - Starting new HTTPS connection (1): www.dnd5eapi.co:443
2026-09-12 15:15:22,611 - urllib3.connectionpool - DEBUG - https://www.dnd5eapi.co:443 "GET /api/spells/sunburst HTTP/1.1" 301 59
2026-09-12 15:15:22,721 - urllib3.connectionpool - DEBUG - https://www.dnd5eapi.co:443 "GET /api/2014/spells/sunburst HTTP/1.1" 200 1622
2026-09-12 15:15:22,723 - src.core.cache - DEBUG - Cached value for key: dnd_item_spells_sunburst
2026-09-12 15:15:22,730 - src.core.cache - DEBUG - Cache miss for key: dnd_item_spells_symbol
2026-09-12 15:15:22,730 - src.core.resources - DEBUG - Prefetching item details: spells/symbol
2026-09-12 15:15:22,731 - urllib3.connectionpool - DEBUG - Starting new HTTPS connection (1): www.dnd5eapi.co:443
2026-09-12 15:15:22,915 - urllib3.connectionpool - DEBUG - https://www.dnd5eapi.co:443 "GET /api/monsters/troll HTTP/1.1" 301 58
2026-09-12 15:15:23,026 - urllib3.connectionpool - DEBUG - https://www.dnd5eapi.co:443 "GET /api/2014/monsters/troll HTTP/1.1" 200 2106
2026-09-12 15:15:23,027 - src.core.cache - DEBUG - Cached value for key: dnd_item_monsters_troll
2026-09-12 15:15:23,033 - src.core.cache - DEBUG - Cache miss for key: dnd_item_monsters_tyrannosaurus-rex
2026-09-12 15:15:23,034 - src.core.resources - DEBUG - Prefetching item details: monsters/tyrannosaurus-rex
2026-09-12 15:15:23,034 - urllib3.connectionpool - DEBUG - Starting new HTTPS connection (1): www.dnd5eapi.co:443
2026-09-12 15:15:23,060 - urllib3.connectionpool - DEBUG - https://www.dnd5eapi.co:443 "GET /api/spells/symbol HTTP/1.1" 301 57
2026-09-12 15:15:23,171 - urllib3.connectionpool - DEBUG - https://www.dnd5eapi.co:443 "GET /api/2014/spells/symbol HTTP/1.1" 200 4338
2026-09-12 15:15:23,173 - src.core.cache - DEBUG - Cached value for key: dnd_item_spells_symbol
2026-09-12 15:15:23,180 - src.core.cache - DEBUG - Cache miss for key: dnd_item_spells_telekinesis
2026-09-12 15:15:23,180 - src.core.resources - DEBUG - Prefetching item details: spells/telekinesis
2026-09-12 15:15:23,181 - urllib3.connectionpool - DEBUG - Starting new HTTPS connection (1): www.dnd5eapi.co:443
2026-09-12 15:15:23,372 - urllib3.connectionpool - DEBUG - https://www.dnd5eapi.co:443 "GET /api/monsters/tyrannosaurus-rex HTTP/1.1" 301 70
2026-09-12 15:15:23,484 - urllib3.connectionpool - DEBUG - https://www.dnd5eapi.co:443 "GET /api/2014/monsters/tyrannosaurus-rex HTTP/1.1" 200 1973
2026-09-12 15:15:23,485 - src.core.cache - DEBUG - Cached value for key: dnd_item_monsters_tyrannosaurus-rex
2026-09-12 15:15:23,491 - src.core.cache - DEBUG - Cache miss for key: dnd_item_monsters_unicorn
2026-09-12 15:15:23,491 - src.core.resources - DEBUG - Prefetching item details: monsters/unicorn
2026-09-12 15:15:23,492 - urllib3.connectionpool - DEBUG - Starting new HTTPS connection (1): www.dnd5eapi.co:443
2026-09-12 15:15:23,543 - urllib3.connectionpool - DEBUG - https://www.dnd5eapi.co:443 "GET /api/spells/telekinesis HTTP/1.1" 301 62
2026-09-12 15:15:23,659 - urllib3.connectionpool - DEBUG - https://www.dnd5eapi.co:443 "GET /api/2014/spells/telekinesis HTTP/1.1" 200 2357
2026-09-12 15:15:23,660 - src.core.cache - DEBUG - Cached value for key: dnd_item_spells_telekinesis
2026-09-12 15:15:23,667 - src.core.cache - DEBUG - Cache miss for key: dnd_item_spells_telepathic-bond
2026-09-12 15:15:23,667 - src.core.resources - DEBUG - Prefetching item details: spells/telepathic-bond
2026-09-12 15:15:23,668 - urllib3.connectionpool - DEBUG - Starting new HTTPS connection (1): www.dnd5eapi.co:443
2026-09-12 15:15:23,829 - urllib3.connectionpool - DEBUG - https://www.dnd5eapi.co:443 "GET /api/monsters/unicorn HTTP/1.1" 301 60
2026-09-12 15:15:23,946 - urllib3.connectionpool - DEBUG - https://www.dnd5eapi.co:443 "GET /api/2014/monsters/unicorn HTTP/1.1" 200 4680
2026-09-12 15:15:23,947 - src.core.cache - DEBUG - Cached value for key: dnd_item_monsters_unicorn
2026-09-12 15:15:23,954 - src.core.cache - DEBUG - Cache miss for key: dnd_item_monsters_vampire-bat
2026-09-12 15:15:23,954 - src.core.resources - DEBUG - Prefetching item details: monsters/vampire-bat
2026-09-12 15:15:23,955 - urllib3.connectionpool - DEBUG - Starting new HTTPS connection (1): www.dnd5eapi.co:443
2026-09-12 15:15:24,007 - urllib3.connectionpool - DEBUG - https://www.dnd5eapi.co:443 "GET /api/spells/telepathic-bond HTTP/1.1" 301 66
2026-09-12 15:15:24,117 - urllib3.connectionpool - DEBUG - https://www.dnd5eapi.co:443 "GET /api/2014/spells/telepathic-bond HTTP/1.1" 200 1032
2026-09-12 15:15:24,118 - src.core.cache - DEBUG - Cached value for key: dnd_item_spells_telepathic-bond
2026-09-12 15:15:24,126 - src.core.cache - DEBUG - Cache miss for key: dnd_item_spells_teleport
2026-09-12 15:15:24,127 - src.core.resources - DEBUG - Prefetching item details: spells/teleport
2026-09-12 15:15:24,127 - urllib3.connectionpool - DEBUG - Starting new HTTPS connection (1): www.dnd5eapi.co:443
2026-09-12 15:15:24,315 - urllib3.connectionpool - DEBUG - https://www.dnd5eapi.co:443 "GET /api/monsters/vampire-bat HTTP/1.1" 301 64
2026-09-12 15:15:24,429 - urllib3.connectionpool - DEBUG - https://www.dnd5eapi.co:443 "GET /api/2014/monsters/vampire-bat HTTP/1.1" 200 7396
2026-09-12 15:15:24,430 - src.core.cache - DEBUG - Cached value for key: dnd_item_monsters_vampire-bat
2026-09-12 15:15:24,436 - src.core.cache - DEBUG - Cache miss for key: dnd_item_monsters_vampire-mist
2026-09-12 15:15:24,436 - src.core.resources - DEBUG - Prefetching item details: monsters/vampire-mist
2026-09-12 15:15:24,437 - urllib3.connectionpool - DEBUG - Starting new HTTPS connection (1): www.dnd5eapi.co:443
2026-09-12 15:15:24,463 - urllib3.connectionpool - DEBUG - https://www.dnd5eapi.co:443 "GET /api/spells/teleport HTTP/1.1" 301 59
2026-09-12 15:15:24,574 - urllib3.connectionpool - DEBUG - https://www.dnd5eapi.co:443 "GET /api/2014/spells/teleport HTTP/1.1" 200 4172
2026-09-12 15:15:24,575 - src.core.cache - DEBUG - Cached value for key: dnd_item_spells_teleport
2026-09-12 15:15:24,581 - src.core.cache - DEBUG - Cache miss for key: dnd_item_spells_teleportation-circle
2026-09-12 15:15:24,581 - src.core.resources - DEBUG - Prefetching item details: spells/teleportation-circle
2026-09-12 15:15:24,582 - urllib3.connectionpool - DEBUG - Starting new HTTPS connection (1): www.dnd5eapi.co:443
2026-09-12 15:15:24,793 - urllib3.connectionpool - DEBUG - https://www.dnd5eapi.co:443 "GET /api/monsters/vampire-mist HTTP/1.1" 301 65
2026-09-12 15:15:24,904 - urllib3.connectionpool - DEBUG - https://www.dnd5eapi.co:443 "GET /api/2014/monsters/vampire-mist HTTP/1.1" 200 5025
2026-09-12 15:15:24,906 - src.core.cache - DEBUG - Cached value for key: dnd_item_monsters_vampire-mist
2026-09-12 15:15:24,913 - src.core.cache - DEBUG - Cache miss for key: dnd_item_monsters_vampire-spawn
2026-09-12 15:15:24,913 - src.core.resources - DEBUG - Prefetching item details: monsters/vampire-spawn
2026-09-12 15:15:24,914 - urllib3.connectionpool - DEBUG - Starting new HTTPS connection (1): www.dnd5eapi.co:443
2026-09-12 15:15:24,920 - urllib3.connectionpool - DEBUG - https://www.dnd5eapi.co:443 "GET /api/spells/teleportation-circle HTTP/1.1" 301 71
2026-09-12 15:15:25,031 - urllib3.connectionpool - DEBUG - https://www.dnd5eapi.co:443 "GET /api/2014/spells/teleportation-circle HTTP/1.1" 200 2028
2026-09-12 15:15:25,032 - src.core.cache - DEBUG - Cached value for key: dnd_item_spells_teleportation-circle
2026-09-12 15:15:25,041 - src.core.cache - DEBUG - Cache miss for key: dnd_item_spells_thaumaturgy
2026-09-12 15:15:25,041 - src.core.resources - DEBUG - Prefetching item details: spells/thaumaturgy
2026-09-12 15:15:25,042 - urllib3.connectionpool - DEBUG - Starting new HTTPS connection (1): www.dnd5eapi.co:443
2026-09-12 15:15:25,252 - urllib3.connectionpool - DEBUG - https://www.dnd5eapi.co:443 "GET /api/monsters/vampire-spawn HTTP/1.1" 301 66
2026-09-12 15:15:25,365 - urllib3.connectionpool - DEBUG - https://www.dnd5eapi.co:443 "GET /api/2014/monsters/vampire-spawn HTTP/1.1" 200 4142
2026-09-12 15:15:25,366 - src.core.cache - DEBUG - Cached value for key: dnd_item_monsters_vampire-spawn
2026-09-12 15:15:25,373 - src.core.cache - DEBUG - Cache miss for key: dnd_item_monsters_vampire-vampire
2026-09-12 15:15:25,373 - src.core.resources - DEBUG - Prefetching item details: monsters/vampire-vampire
2026-09-12 15:15:25,374 - urllib3.connectionpool - DEBUG - Starting new HTTPS connection (1): www.dnd5eapi.co:443
2026-09-12 15:15:25,388 - urllib3.connectionpool - DEBUG - https://www.dnd5eapi.co:443 "GET /api/spells/thaumaturgy HTTP/1.1" 301 62
2026-09-12 15:15:25,498 - urllib3.connectionpool - DEBUG - https://www.dnd5eapi.co:443 "GET /api/2014/spells/thaumaturgy HTTP/1.1" 200 1351
2026-09-12 15:15:25,500 - src.core.cache - DEBUG - Cached value for key: dnd_item_spells_thaumaturgy
2026-09-12 15:15:25,509 - src.core.cache - DEBUG - Cache miss for key: dnd_item_spells_thunderwave
2026-09-12 15:15:25,509 - src.core.resources - DEBUG - Prefetching item details: spells/thunderwave
2026-09-12 15:15:25,510 - urllib3.connectionpool - DEBUG - Starting new HTTPS connection (1): www.dnd5eapi.co:443
2026-09-12 15:15:25,703 - urllib3.connectionpool - DEBUG - https://www.dnd5eapi.co:443 "GET /api/monsters/vampire-vampire HTTP/1.1" 301 68
2026-09-12 15:15:25,813 - urllib3.connectionpool - DEBUG - https://www.dnd5eapi.co:443 "GET /api/2014/monsters/vampire-vampire HTTP/1.1" 200 8364
2026-09-12 15:15:25,814 - src.core.cache - DEBUG - Cached value for key: dnd_item_monsters_vampire-vampire
2026-09-12 15:15:25,821 - src.core.cache - DEBUG - Cache hit for key: dnd_item_monsters_veteran
2026-09-12 15:15:25,821 - src.core.cache - DEBUG - Cache hit for key: dnd_item_monsters_violet-fungus
2026-09-12 15:15:25,821 - src.core.cache - DEBUG - Cache hit for key: dnd_item_monsters_vrock
2026-09-12 15:15:25,821 - src.core.cache - DEBUG - Cache hit for key: dnd_item_monsters_vulture
2026-09-12 15:15:25,821 - src.core.cache - DEBUG - Cache hit for key: dnd_item_monsters_warhorse
2026-09-12 15:15:25,821 - src.core.cache - DEBUG - Cache hit for key: dnd_item_monsters_warhorse-skeleton
2026-09-12 15:15:25,821 - src.core.cache - DEBUG - Cache hit for key: dnd_item_monsters_water-elemental
2026-09-12 15:15:25,821 - src.core.cache - DEBUG - Cache hit for key: dnd_item_monsters_weasel
2026-09-12 15:15:25,821 - src.core.cache - DEBUG - Cache hit for key: dnd_item_monsters_werebear-bear
2026-09-12 15:15:25,821 - src.core.cache - DEBUG - Cache hit for key: dnd_item_monsters_werebear-human
2026-09-12 15:15:25,821 - src.core.cache - DEBUG - Cache hit for key: dnd_item_monsters_werebear-hybrid
2026-09-12 15:15:25,821 - src.core.cache - DEBUG - Cache hit for key: dnd_item_monsters_wereboar-boar
2026-09-12 15:15:25,821 - src.core.cache - DEBUG - Cache hit for key: dnd_item_monsters_wereboar-human
2026-09-12 15:15:25,821 - src.core.cache - DEBUG - Cache hit for key: dnd_item_monsters_wereboar-hybrid
2026-09-12 15:15:25,821 - src.core.cache - DEBUG - Cache hit for key: dnd_item_monsters_wererat-human
2026-09-12 15:15:25,821 - src.core.cache - DEBUG - Cache hit for key: dnd_item_monsters_wererat-hybrid
2026-09-12 15:15:25,821 - src.core.cache - DEBUG - Cache hit for key: dnd_item_monsters_wererat-rat
2026-09-12 15:15:25,821 - src.core.cache - DEBUG - Cache hit for key: dnd_item_monsters_weretiger-human
2026-09-12 15:15:25,821 - src.core.cache - DEBUG - Cache hit for key: dnd_item_monsters_weretiger-hybrid
2026-09-12 15:15:25,821 - src.core.cache - DEBUG - Cache hit for key: dnd_item_monsters_weretiger-tiger
2026-09-12 15:15:25,822 - src.core.cache - DEBUG - Cache hit for key: dnd_item_monsters_werewolf-human
2026-09-12 15:15:25,822 - src.core.cache - DEBUG - Cache hit for key: dnd_item_monsters_werewolf-hybrid
2026-09-12 15:15:25,822 - src.core.cache - DEBUG - Cache hit for key: dnd_item_monsters_werewolf-wolf
2026-09-12 15:15:25,822 - src.core.cache - DEBUG - Cache hit for key: dnd_item_monsters_white-dragon-wyrmling
2026-09-12 15:15:25,822 - src.core.cache - DEBUG - Cache hit for key: dnd_item_monsters_wight
2026-09-12 15:15:25,822 - src.core.cache - DEBUG - Cache hit for key: dnd_item_monsters_will-o-wisp
2026-09-12 15:15:25,822 - src.core.cache - DEBUG - Cache hit for key: dnd_item_monsters_winter-wolf
2026-09-12 15:15:25,822 - src.core.cache - DEBUG - Cache hit for key: dnd_item_monsters_wolf
2026-09-12 15:15:25,822 - src.core.cache - DEBUG - Cache hit for key: dnd_item_monsters_worg
2026-09-12 15:15:25,822 - src.core.cache - DEBUG - Cache hit for key: dnd_item_monsters_wraith
2026-09-12 15:15:25,822 - src.core.cache - DEBUG - Cache hit for key: dnd_item_monsters_wyvern
2026-09-12 15:15:25,822 - src.core.cache - DEBUG - Cache hit for key: dnd_item_monsters_xorn
2026-09-12 15:15:25,822 - src.core.cache - DEBUG - Cache hit for key: dnd_item_monsters_young-black-dragon
2026-09-12 15:15:25,822 - src.core.cache - DEBUG - Cache hit for key: dnd_item_monsters_young-blue-dragon
2026-09-12 15:15:25,822 - src.core.cache - DEBUG - Cache hit for key: dnd_item_monsters_young-brass-dragon
2026-09-12 15:15:25,822 - src.core.cache - DEBUG - Cache hit for key: dnd_item_monsters_young-bronze-dragon
2026-09-12 15:15:25,822 - src.core.cache - DEBUG - Cache hit for key: dnd_item_monsters_young-copper-dragon
2026-09-12 15:15:25,822 - src.core.cache - DEBUG - Cache hit for key: dnd_item_monsters_young-gold-dragon
2026-09-12 15:15:25,822 - src.core.cache - DEBUG - Cache hit for key: dnd_item_monsters_young-green-dragon
2026-09-12 15:15:25,822 - src.core.cache - DEBUG - Cache hit for key: dnd_item_monsters_young-red-dragon
2026-09-12 15:15:25,822 - src.core.cache - DEBUG - Cache hit for key: dnd_item_monsters_young-silver-dragon
2026-09-12 15:15:25,822 - src.core.cache - DEBUG - Cache hit for key: dnd_item_monsters_young-white-dragon
2026-09-12 15:15:25,822 - src.core.cache - DEBUG - Cache hit for key: dnd_item_monsters_zombie
2026-09-12 15:15:25,848 - urllib3.connectionpool - DEBUG - https://www.dnd5eapi.co:443 "GET /api/spells/thunderwave HTTP/1.1" 301 62
2026-09-12 15:15:25,958 - urllib3.connectionpool - DEBUG - https://www.dnd5eapi.co:443 "GET /api/2014/spells/thunderwave HTTP/1.1" 200 1754
2026-09-12 15:15:25,959 - src.core.cache - DEBUG - Cached value for key: dnd_item_spells_thunderwave
2026-09-12 15:15:25,967 - src.core.cache - DEBUG - Cache miss for key: dnd_item_spells_time-stop
2026-09-12 15:15:25,967 - src.core.resources - DEBUG - Prefetching item details: spells/time-stop
2026-09-12 15:15:25,967 - urllib3.connectionpool - DEBUG - Starting new HTTPS connection (1): www.dnd5eapi.co:443
2026-09-12 15:15:26,317 - urllib3.connectionpool - DEBUG - https://www.dnd5eapi.co:443 "GET /api/spells/time-stop HTTP/1.1" 301 60
2026-09-12 15:15:26,429 - urllib3.connectionpool - DEBUG - https://www.dnd5eapi.co:443 "GET /api/2014/spells/time-stop HTTP/1.1" 200 1065
2026-09-12 15:15:26,430 - src.core.cache - DEBUG - Cached value for key: dnd_item_spells_time-stop
2026-09-12 15:15:26,436 - src.core.cache - DEBUG - Cache miss for key: dnd_item_spells_tiny-hut
2026-09-12 15:15:26,436 - src.core.resources - DEBUG - Prefetching item details: spells/tiny-hut
2026-09-12 15:15:26,437 - urllib3.connectionpool - DEBUG - Starting new HTTPS connection (1): www.dnd5eapi.co:443
2026-09-12 15:15:26,790 - urllib3.connectionpool - DEBUG - https://www.dnd5eapi.co:443 "GET /api/spells/tiny-hut HTTP/1.1" 301 59
2026-09-12 15:15:26,902 - urllib3.connectionpool - DEBUG - https://www.dnd5eapi.co:443 "GET /api/2014/spells/tiny-hut HTTP/1.1" 200 1513
2026-09-12 15:15:26,904 - src.core.cache - DEBUG - Cached value for key: dnd_item_spells_tiny-hut
2026-09-12 15:15:26,910 - src.core.cache - DEBUG - Cache miss for key: dnd_item_spells_tongues
2026-09-12 15:15:26,910 - src.core.resources - DEBUG - Prefetching item details: spells/tongues
2026-09-12 15:15:26,911 - urllib3.connectionpool - DEBUG - Starting new HTTPS connection (1): www.dnd5eapi.co:443
2026-09-12 15:15:27,248 - urllib3.connectionpool - DEBUG - https://www.dnd5eapi.co:443 "GET /api/spells/tongues HTTP/1.1" 301 58
2026-09-12 15:15:27,360 - urllib3.connectionpool - DEBUG - https://www.dnd5eapi.co:443 "GET /api/2014/spells/tongues HTTP/1.1" 200 1074
2026-09-12 15:15:27,361 - src.core.cache - DEBUG - Cached value for key: dnd_item_spells_tongues
2026-09-12 15:15:27,368 - src.core.cache - DEBUG - Cache miss for key: dnd_item_spells_transport-via-plants
2026-09-12 15:15:27,368 - src.core.resources - DEBUG - Prefetching item details: spells/transport-via-plants
2026-09-12 15:15:27,369 - urllib3.connectionpool - DEBUG - Starting new HTTPS connection (1): www.dnd5eapi.co:443
2026-09-12 15:15:27,725 - urllib3.connectionpool - DEBUG - https://www.dnd5eapi.co:443 "GET /api/spells/transport-via-plants HTTP/1.1" 301 71
2026-09-12 15:15:27,835 - urllib3.connectionpool - DEBUG - https://www.dnd5eapi.co:443 "GET /api/2014/spells/transport-via-plants HTTP/1.1" 200 861
2026-09-12 15:15:27,837 - src.core.cache - DEBUG - Cached value for key: dnd_item_spells_transport-via-plants
2026-09-12 15:15:27,845 - src.core.cache - DEBUG - Cache miss for key: dnd_item_spells_tree-stride
2026-09-12 15:15:27,845 - src.core.resources - DEBUG - Prefetching item details: spells/tree-stride
2026-09-12 15:15:27,846 - urllib3.connectionpool - DEBUG - Starting new HTTPS connection (1): www.dnd5eapi.co:443
2026-09-12 15:15:28,183 - urllib3.connectionpool - DEBUG - https://www.dnd5eapi.co:443 "GET /api/spells/tree-stride HTTP/1.1" 301 62
2026-09-12 15:15:28,295 - urllib3.connectionpool - DEBUG - https://www.dnd5eapi.co:443 "GET /api/2014/spells/tree-stride HTTP/1.1" 200 1350
2026-09-12 15:15:28,296 - src.core.cache - DEBUG - Cached value for key: dnd_item_spells_tree-stride
2026-09-12 15:15:28,304 - src.core.cache - DEBUG - Cache miss for key: dnd_item_spells_true-polymorph
2026-09-12 15:15:28,304 - src.core.resources - DEBUG - Prefetching item details: spells/true-polymorph
2026-09-12 15:15:28,305 - urllib3.connectionpool - DEBUG - Starting new HTTPS connection (1): www.dnd5eapi.co:443
2026-09-12 15:15:28,658 - urllib3.connectionpool - DEBUG - https://www.dnd5eapi.co:443 "GET /api/spells/true-polymorph HTTP/1.1" 301 65
2026-09-12 15:15:28,769 - urllib3.connectionpool - DEBUG - https://www.dnd5eapi.co:443 "GET /api/2014/spells/true-polymorph HTTP/1.1" 200 3333
2026-09-12 15:15:28,770 - src.core.cache - DEBUG - Cached value for key: dnd_item_spells_true-polymorph
2026-09-12 15:15:28,778 - src.core.cache - DEBUG - Cache miss for key: dnd_item_spells_true-resurrection
2026-09-12 15:15:28,778 - src.core.resources - DEBUG - Prefetching item details: spells/true-resurrection
2026-09-12 15:15:28,779 - urllib3.connectionpool - DEBUG - Starting new HTTPS connection (1): www.dnd5eapi.co:443
2026-09-12 15:15:29,117 - urllib3.connectionpool - DEBUG - https://www.dnd5eapi.co:443 "GET /api/spells/true-resurrection HTTP/1.1" 301 68
2026-09-12 15:15:29,227 - urllib3.connectionpool - DEBUG - https://www.dnd5eapi.co:443 "GET /api/2014/spells/true-resurrection HTTP/1.1" 200 1280
2026-09-12 15:15:29,229 - src.core.cache - DEBUG - Cached value for key: dnd_item_spells_true-resurrection
2026-09-12 15:15:29,236 - src.core.cache - DEBUG - Cache miss for key: dnd_item_spells_true-seeing
2026-09-12 15:15:29,236 - src.core.resources - DEBUG - Prefetching item details: spells/true-seeing
2026-09-12 15:15:29,236 - urllib3.connectionpool - DEBUG - Starting new HTTPS connection (1): www.dnd5eapi.co:443
2026-09-12 15:15:29,586 - urllib3.connectionpool - DEBUG - https://www.dnd5eapi.co:443 "GET /api/spells/true-seeing HTTP/1.1" 301 62
2026-09-12 15:15:29,697 - urllib3.connectionpool - DEBUG - https://www.dnd5eapi.co:443 "GET /api/2014/spells/true-seeing HTTP/1.1" 200 1134
2026-09-12 15:15:29,698 - src.core.cache - DEBUG - Cached value for key: dnd_item_spells_true-seeing
2026-09-12 15:15:29,705 - src.core.cache - DEBUG - Cache miss for key: dnd_item_spells_true-strike
2026-09-12 15:15:29,706 - src.core.resources - DEBUG - Prefetching item details: spells/true-strike
2026-09-12 15:15:29,706 - urllib3.connectionpool - DEBUG - Starting new HTTPS connection (1): www.dnd5eapi.co:443
2026-09-12 15:15:30,044 - urllib3.connectionpool - DEBUG - https://www.dnd5eapi.co:443 "GET /api/spells/true-strike HTTP/1.1" 301 62
2026-09-12 15:15:30,155 - urllib3.connectionpool - DEBUG - https://www.dnd5eapi.co:443 "GET /api/2014/spells/true-strike HTTP/1.1" 200 999
2026-09-12 15:15:30,156 - src.core.cache - DEBUG - Cached value for key: dnd_item_spells_true-strike
2026-09-12 15:15:30,163 - src.core.cache - DEBUG - Cache miss for key: dnd_item_spells_unseen-servant
2026-09-12 15:15:30,163 - src.core.resources - DEBUG - Prefetching item details: spells/unseen-servant
2026-09-12 15:15:30,164 - urllib3.connectionpool - DEBUG - Starting new HTTPS connection (1): www.dnd5eapi.co:443
2026-09-12 15:15:30,510 - urllib3.connectionpool - DEBUG - https://www.dnd5eapi.co:443 "GET /api/spells/unseen-servant HTTP/1.1" 301 65
2026-09-12 15:15:30,618 - urllib3.connectionpool - DEBUG - https://www.dnd5eapi.co:443 "GET /api/2014/spells/unseen-servant HTTP/1.1" 200 1636
2026-09-12 15:15:30,619 - src.core.cache - DEBUG - Cached value for key: dnd_item_spells_unseen-servant
2026-09-12 15:15:30,626 - src.core.cache - DEBUG - Cache miss for key: dnd_item_spells_vampiric-touch
2026-09-12 15:15:30,626 - src.core.resources - DEBUG - Prefetching item details: spells/vampiric-touch
2026-09-12 15:15:30,627 - urllib3.connectionpool - DEBUG - Starting new HTTPS connection (1): www.dnd5eapi.co:443
2026-09-12 15:15:30,965 - urllib3.connectionpool - DEBUG - https://www.dnd5eapi.co:443 "GET /api/spells/vampiric-touch HTTP/1.1" 301 65
2026-09-12 15:15:31,076 - urllib3.connectionpool - DEBUG - https://www.dnd5eapi.co:443 "GET /api/2014/spells/vampiric-touch HTTP/1.1" 200 1343
2026-09-12 15:15:31,077 - src.core.cache - DEBUG - Cached value for key: dnd_item_spells_vampiric-touch
2026-09-12 15:15:31,083 - src.core.cache - DEBUG - Cache miss for key: dnd_item_spells_vicious-mockery
2026-09-12 15:15:31,084 - src.core.resources - DEBUG - Prefetching item details: spells/vicious-mockery
2026-09-12 15:15:31,084 - urllib3.connectionpool - DEBUG - Starting new HTTPS connection (1): www.dnd5eapi.co:443
2026-09-12 15:15:31,424 - urllib3.connectionpool - DEBUG - https://www.dnd5eapi.co:443 "GET /api/spells/vicious-mockery HTTP/1.1" 301 66
2026-09-12 15:15:31,536 - urllib3.connectionpool - DEBUG - https://www.dnd5eapi.co:443 "GET /api/2014/spells/vicious-mockery HTTP/1.1" 200 1197
2026-09-12 15:15:31,537 - src.core.cache - DEBUG - Cached value for key: dnd_item_spells_vicious-mockery
2026-09-12 15:15:31,544 - src.core.cache - DEBUG - Cache miss for key: dnd_item_spells_wall-of-fire
2026-09-12 15:15:31,544 - src.core.resources - DEBUG - Prefetching item details: spells/wall-of-fire
2026-09-12 15:15:31,545 - urllib3.connectionpool - DEBUG - Starting new HTTPS connection (1): www.dnd5eapi.co:443
2026-09-12 15:15:31,883 - urllib3.connectionpool - DEBUG - https://www.dnd5eapi.co:443 "GET /api/spells/wall-of-fire HTTP/1.1" 301 63
2026-09-12 15:15:31,995 - urllib3.connectionpool - DEBUG - https://www.dnd5eapi.co:443 "GET /api/2014/spells/wall-of-fire HTTP/1.1" 200 1953
2026-09-12 15:15:31,996 - src.core.cache - DEBUG - Cached value for key: dnd_item_spells_wall-of-fire
2026-09-12 15:15:32,003 - src.core.cache - DEBUG - Cache miss for key: dnd_item_spells_wall-of-force
2026-09-12 15:15:32,003 - src.core.resources - DEBUG - Prefetching item details: spells/wall-of-force
2026-09-12 15:15:32,004 - urllib3.connectionpool - DEBUG - Starting new HTTPS connection (1): www.dnd5eapi.co:443
2026-09-12 15:15:32,364 - urllib3.connectionpool - DEBUG - https://www.dnd5eapi.co:443 "GET /api/spells/wall-of-force HTTP/1.1" 301 64
2026-09-12 15:15:32,476 - urllib3.connectionpool - DEBUG - https://www.dnd5eapi.co:443 "GET /api/2014/spells/wall-of-force HTTP/1.1" 200 1475
2026-09-12 15:15:32,477 - src.core.cache - DEBUG - Cached value for key: dnd_item_spells_wall-of-force
2026-09-12 15:15:32,486 - src.core.cache - DEBUG - Cache miss for key: dnd_item_spells_wall-of-ice
2026-09-12 15:15:32,486 - src.core.resources - DEBUG - Prefetching item details: spells/wall-of-ice
2026-09-12 15:15:32,487 - urllib3.connectionpool - DEBUG - Starting new HTTPS connection (1): www.dnd5eapi.co:443
2026-09-12 15:15:32,822 - urllib3.connectionpool - DEBUG - https://www.dnd5eapi.co:443 "GET /api/spells/wall-of-ice HTTP/1.1" 301 62
2026-09-12 15:15:32,934 - urllib3.connectionpool - DEBUG - https://www.dnd5eapi.co:443 "GET /api/2014/spells/wall-of-ice HTTP/1.1" 200 2170
2026-09-12 15:15:32,935 - src.core.cache - DEBUG - Cached value for key: dnd_item_spells_wall-of-ice
2026-09-12 15:15:32,941 - src.core.cache - DEBUG - Cache miss for key: dnd_item_spells_wall-of-stone
2026-09-12 15:15:32,941 - src.core.resources - DEBUG - Prefetching item details: spells/wall-of-stone
2026-09-12 15:15:32,942 - urllib3.connectionpool - DEBUG - Starting new HTTPS connection (1): www.dnd5eapi.co:443
2026-09-12 15:15:33,291 - urllib3.connectionpool - DEBUG - https://www.dnd5eapi.co:443 "GET /api/spells/wall-of-stone HTTP/1.1" 301 64
2026-09-12 15:15:33,402 - urllib3.connectionpool - DEBUG - https://www.dnd5eapi.co:443 "GET /api/2014/spells/wall-of-stone HTTP/1.1" 200 2368
2026-09-12 15:15:33,403 - src.core.cache - DEBUG - Cached value for key: dnd_item_spells_wall-of-stone
2026-09-12 15:15:33,410 - src.core.cache - DEBUG - Cache miss for key: dnd_item_spells_wall-of-thorns
2026-09-12 15:15:33,410 - src.core.resources - DEBUG - Prefetching item details: spells/wall-of-thorns
2026-09-12 15:15:33,411 - urllib3.connectionpool - DEBUG - Starting new HTTPS connection (1): www.dnd5eapi.co:443
2026-09-12 15:15:33,760 - urllib3.connectionpool - DEBUG - https://www.dnd5eapi.co:443 "GET /api/spells/wall-of-thorns HTTP/1.1" 301 65
2026-09-12 15:15:33,871 - urllib3.connectionpool - DEBUG - https://www.dnd5eapi.co:443 "GET /api/2014/spells/wall-of-thorns HTTP/1.1" 200 1919
2026-09-12 15:15:33,872 - src.core.cache - DEBUG - Cached value for key: dnd_item_spells_wall-of-thorns
2026-09-12 15:15:33,878 - src.core.cache - DEBUG - Cache miss for key: dnd_item_spells_warding-bond
2026-09-12 15:15:33,878 - src.core.resources - DEBUG - Prefetching item details: spells/warding-bond
2026-09-12 15:15:33,879 - urllib3.connectionpool - DEBUG - Starting new HTTPS connection (1): www.dnd5eapi.co:443
2026-09-12 15:15:34,236 - urllib3.connectionpool - DEBUG - https://www.dnd5eapi.co:443 "GET /api/spells/warding-bond HTTP/1.1" 301 63
2026-09-12 15:15:34,355 - urllib3.connectionpool - DEBUG - https://www.dnd5eapi.co:443 "GET /api/2014/spells/warding-bond HTTP/1.1" 200 1216
2026-09-12 15:15:34,357 - src.core.cache - DEBUG - Cached value for key: dnd_item_spells_warding-bond
2026-09-12 15:15:34,364 - src.core.cache - DEBUG - Cache miss for key: dnd_item_spells_water-breathing
2026-09-12 15:15:34,365 - src.core.resources - DEBUG - Prefetching item details: spells/water-breathing
2026-09-12 15:15:34,365 - urllib3.connectionpool - DEBUG - Starting new HTTPS connection (1): www.dnd5eapi.co:443
2026-09-12 15:15:34,702 - urllib3.connectionpool - DEBUG - https://www.dnd5eapi.co:443 "GET /api/spells/water-breathing HTTP/1.1" 301 66
2026-09-12 15:15:34,813 - urllib3.connectionpool - DEBUG - https://www.dnd5eapi.co:443 "GET /api/2014/spells/water-breathing HTTP/1.1" 200 1088
2026-09-12 15:15:34,815 - src.core.cache - DEBUG - Cached value for key: dnd_item_spells_water-breathing
2026-09-12 15:15:34,823 - src.core.cache - DEBUG - Cache miss for key: dnd_item_spells_water-walk
2026-09-12 15:15:34,823 - src.core.resources - DEBUG - Prefetching item details: spells/water-walk
2026-09-12 15:15:34,824 - urllib3.connectionpool - DEBUG - Starting new HTTPS connection (1): www.dnd5eapi.co:443
2026-09-12 15:15:35,250 - urllib3.connectionpool - DEBUG - https://www.dnd5eapi.co:443 "GET /api/spells/water-walk HTTP/1.1" 301 61
2026-09-12 15:15:35,490 - urllib3.connectionpool - DEBUG - https://www.dnd5eapi.co:443 "GET /api/2014/spells/water-walk HTTP/1.1" 200 1302
2026-09-12 15:15:35,492 - src.core.cache - DEBUG - Cached value for key: dnd_item_spells_water-walk
2026-09-12 15:15:35,499 - src.core.cache - DEBUG - Cache miss for key: dnd_item_spells_web
2026-09-12 15:15:35,499 - src.core.resources - DEBUG - Prefetching item details: spells/web
2026-09-12 15:15:35,500 - urllib3.connectionpool - DEBUG - Starting new HTTPS connection (1): www.dnd5eapi.co:443
2026-09-12 15:15:36,122 - urllib3.connectionpool - DEBUG - https://www.dnd5eapi.co:443 "GET /api/spells/web HTTP/1.1" 301 54
2026-09-12 15:15:36,324 - urllib3.connectionpool - DEBUG - https://www.dnd5eapi.co:443 "GET /api/2014/spells/web HTTP/1.1" 200 1763
2026-09-12 15:15:36,325 - src.core.cache - DEBUG - Cached value for key: dnd_item_spells_web
2026-09-12 15:15:36,331 - src.core.cache - DEBUG - Cache miss for key: dnd_item_spells_weird
2026-09-12 15:15:36,332 - src.core.resources - DEBUG - Prefetching item details: spells/weird
2026-09-12 15:15:36,332 - urllib3.connectionpool - DEBUG - Starting new HTTPS connection (1): www.dnd5eapi.co:443
2026-09-12 15:15:37,144 - urllib3.connectionpool - DEBUG - https://www.dnd5eapi.co:443 "GET /api/spells/weird HTTP/1.1" 301 56
2026-09-12 15:15:37,396 - urllib3.connectionpool - DEBUG - https://www.dnd5eapi.co:443 "GET /api/2014/spells/weird HTTP/1.1" 200 1210
2026-09-12 15:15:37,397 - src.core.cache - DEBUG - Cached value for key: dnd_item_spells_weird
2026-09-12 15:15:37,404 - src.core.cache - DEBUG - Cache miss for key: dnd_item_spells_wind-walk
2026-09-12 15:15:37,404 - src.core.resources - DEBUG - Prefetching item details: spells/wind-walk
2026-09-12 15:15:37,405 - urllib3.connectionpool - DEBUG - Starting new HTTPS connection (1): www.dnd5eapi.co:443
2026-09-12 15:15:38,181 - urllib3.connectionpool - DEBUG - https://www.dnd5eapi.co:443 "GET /api/spells/wind-walk HTTP/1.1" 301 60
2026-09-12 15:15:38,363 - urllib3.connectionpool - DEBUG - https://www.dnd5eapi.co:443 "GET /api/2014/spells/wind-walk HTTP/1.1" 200 1298
2026-09-12 15:15:38,364 - src.core.cache - DEBUG - Cached value for key: dnd_item_spells_wind-walk
2026-09-12 15:15:38,372 - src.core.cache - DEBUG - Cache hit for key: dnd_item_spells_wind-wall
2026-09-12 15:15:38,372 - src.core.cache - DEBUG - Cache hit for key: dnd_item_spells_wish
2026-09-12 15:15:38,372 - src.core.cache - DEBUG - Cache hit for key: dnd_item_spells_word-of-recall
2026-09-12 15:15:38,372 - src.core.cache - DEBUG - Cache hit for key: dnd_item_spells_zone-of-truth
